<?xml version="1.0"?>
<!DOCTYPE pathway SYSTEM "http://www.kegg.jp/kegg/xml/KGML_v0.7.1_.dtd">
<!-- Creation date: May 14, 2014 17:35:43 +0900 (GMT+09:00) -->
<pathway name="path:hsa03015" org="hsa" number="03015"
         title="mRNA surveillance pathway"
         image="http://www.kegg.jp/kegg/pathway/hsa/hsa03015.png"
         link="http://www.kegg.jp/kegg-bin/show_pathway?hsa03015">
    <entry id="1" name="path:hsa03040" type="map"
        link="http://www.kegg.jp/dbget-bin/www_bget?hsa03040">
        <graphics name="Spliceosome" fgcolor="#000000" bgcolor="#FFFFFF"
             type="roundrectangle" x="574" y="160" width="92" height="25"/>
    </entry>
    <entry id="2" name="hsa:9939" type="gene"
        link="http://www.kegg.jp/dbget-bin/www_bget?hsa:9939">
        <graphics name="RBM8A, BOV-1A, BOV-1B, BOV-1C, C1DELq21.1, DEL1q21.1, MDS014, RBM8, RBM8B, TAR, Y14, ZNRP, ZRNP1" fgcolor="#000000" bgcolor="#BFFFBF"
             type="rectangle" x="107" y="241" width="46" height="17"/>
    </entry>
    <entry id="3" name="hsa:4116 hsa:55110" type="gene"
        link="http://www.kegg.jp/dbget-bin/www_bget?hsa:4116+hsa:55110">
        <graphics name="MAGOH, MAGOH1, MAGOHA..." fgcolor="#000000" bgcolor="#BFFFBF"
             type="rectangle" x="107" y="258" width="46" height="17"/>
    </entry>
    <entry id="4" name="hsa:9775" type="gene"
        link="http://www.kegg.jp/dbget-bin/www_bget?hsa:9775">
        <graphics name="EIF4A3, DDX48, MUK34, NMP265, NUK34, RCPS, eIF4AIII" fgcolor="#000000" bgcolor="#BFFFBF"
             type="rectangle" x="153" y="258" width="46" height="17"/>
    </entry>
    <entry id="5" name="hsa:22794" type="gene"
        link="http://www.kegg.jp/dbget-bin/www_bget?hsa:22794">
        <graphics name="CASC3, BTZ, MLN51" fgcolor="#000000" bgcolor="#BFFFBF"
             type="rectangle" x="153" y="241" width="46" height="17"/>
    </entry>
    <entry id="6" name="hsa:22985" type="gene"
        link="http://www.kegg.jp/dbget-bin/www_bget?hsa:22985">
        <graphics name="ACIN1, ACINUS, ACN, fSAP152" fgcolor="#000000" bgcolor="#BFFFBF"
             type="rectangle" x="245" y="224" width="46" height="17"/>
    </entry>
    <entry id="7" name="hsa:10921" type="gene"
        link="http://www.kegg.jp/dbget-bin/www_bget?hsa:10921">
        <graphics name="RNPS1, E5.1" fgcolor="#000000" bgcolor="#BFFFBF"
             type="rectangle" x="245" y="241" width="46" height="17"/>
    </entry>
    <entry id="8" name="hsa:10284" type="gene"
        link="http://www.kegg.jp/dbget-bin/www_bget?hsa:10284">
        <graphics name="SAP18, 2HOR0202, SAP18P" fgcolor="#000000" bgcolor="#BFFFBF"
             type="rectangle" x="199" y="241" width="46" height="17"/>
    </entry>
    <entry id="9" name="hsa:10250" type="gene"
        link="http://www.kegg.jp/dbget-bin/www_bget?hsa:10250">
        <graphics name="SRRM1, 160-KD, POP101, SRM160" fgcolor="#000000" bgcolor="#BFFFBF"
             type="rectangle" x="207" y="304" width="46" height="17"/>
    </entry>
    <entry id="10" name="hsa:10482 hsa:55998 hsa:56000 hsa:56001 hsa:728343" type="gene"
        link="http://www.kegg.jp/dbget-bin/www_bget?hsa:10482+hsa:55998+hsa:56000+hsa:56001+hsa:728343">
        <graphics name="NXF1, MEX67, TAP..." fgcolor="#000000" bgcolor="#BFFFBF"
             type="rectangle" x="103" y="304" width="46" height="17"/>
    </entry>
    <entry id="11" name="hsa:5411" type="gene"
        link="http://www.kegg.jp/dbget-bin/www_bget?hsa:5411">
        <graphics name="PNN, DRS, DRSP, SDK3, memA" fgcolor="#000000" bgcolor="#BFFFBF"
             type="rectangle" x="199" y="258" width="46" height="17"/>
    </entry>
    <entry id="12" name="hsa:10189" type="gene"
        link="http://www.kegg.jp/dbget-bin/www_bget?hsa:10189">
        <graphics name="ALYREF, ALY, ALY/REF, BEF, REF, THOC4" fgcolor="#000000" bgcolor="#BFFFBF"
             type="rectangle" x="245" y="258" width="46" height="17"/>
    </entry>
    <entry id="13" name="hsa:29107 hsa:55916" type="gene"
        link="http://www.kegg.jp/dbget-bin/www_bget?hsa:29107+hsa:55916">
        <graphics name="NXT1, MTR2, P15..." fgcolor="#000000" bgcolor="#BFFFBF"
             type="rectangle" x="103" y="321" width="46" height="17"/>
    </entry>
    <entry id="14" name="hsa:4686" type="gene"
        link="http://www.kegg.jp/dbget-bin/www_bget?hsa:4686">
        <graphics name="NCBP1, CBP80, NCBP, Sto1" fgcolor="#000000" bgcolor="#BFFFBF"
             type="rectangle" x="153" y="155" width="46" height="17"/>
    </entry>
    <entry id="15" name="hsa:65109 hsa:65110" type="gene"
        link="http://www.kegg.jp/dbget-bin/www_bget?hsa:65109+hsa:65110">
        <graphics name="UPF3B, HUPF3B, MRX62, MRXS14, RENT3B, UPF3X..." fgcolor="#000000" bgcolor="#BFFFBF"
             type="rectangle" x="107" y="224" width="46" height="17"/>
    </entry>
    <entry id="16" name="hsa:7919" type="gene"
        link="http://www.kegg.jp/dbget-bin/www_bget?hsa:7919">
        <graphics name="DDX39B, BAT1, D6S81E, UAP56" fgcolor="#000000" bgcolor="#BFFFBF"
             type="rectangle" x="155" y="304" width="46" height="17"/>
    </entry>
    <entry id="17" name="hsa:84305" type="gene"
        link="http://www.kegg.jp/dbget-bin/www_bget?hsa:84305">
        <graphics name="WIBG, PYM" fgcolor="#000000" bgcolor="#BFFFBF"
             type="rectangle" x="155" y="325" width="46" height="17"/>
    </entry>
    <entry id="18" name="hsa:5976" type="gene"
        link="http://www.kegg.jp/dbget-bin/www_bget?hsa:5976">
        <graphics name="UPF1, HUPF1, NORF1, RENT1, pNORF1, smg-2" fgcolor="#000000" bgcolor="#BFFFBF"
             type="rectangle" x="619" y="598" width="46" height="17"/>
    </entry>
    <entry id="19" name="hsa:26019" type="gene"
        link="http://www.kegg.jp/dbget-bin/www_bget?hsa:26019">
        <graphics name="UPF2, HUPF2, RENT2, smg-3" fgcolor="#000000" bgcolor="#BFFFBF"
             type="rectangle" x="619" y="615" width="46" height="17"/>
    </entry>
    <entry id="20" name="hsa:65109 hsa:65110" type="gene"
        link="http://www.kegg.jp/dbget-bin/www_bget?hsa:65109+hsa:65110">
        <graphics name="UPF3B, HUPF3B, MRX62, MRXS14, RENT3B, UPF3X..." fgcolor="#000000" bgcolor="#BFFFBF"
             type="rectangle" x="619" y="632" width="46" height="17"/>
    </entry>
    <entry id="21" name="hsa:23049" type="gene"
        link="http://www.kegg.jp/dbget-bin/www_bget?hsa:23049">
        <graphics name="SMG1, 61E3.4, ATX, LIP" fgcolor="#000000" bgcolor="#BFFFBF"
             type="rectangle" x="691" y="598" width="46" height="17"/>
    </entry>
    <entry id="22" name="hsa:23381" type="gene"
        link="http://www.kegg.jp/dbget-bin/www_bget?hsa:23381">
        <graphics name="SMG5, EST1B, LPTS-RP1, LPTSRP1, SMG-5" fgcolor="#000000" bgcolor="#BFFFBF"
             type="rectangle" x="691" y="638" width="46" height="17"/>
    </entry>
    <entry id="23" name="hsa:9887" type="gene"
        link="http://www.kegg.jp/dbget-bin/www_bget?hsa:9887">
        <graphics name="SMG7, C1orf16, EST1C, SGA56M" fgcolor="#000000" bgcolor="#BFFFBF"
             type="rectangle" x="691" y="621" width="46" height="17"/>
    </entry>
    <entry id="24" name="hsa:23293" type="gene"
        link="http://www.kegg.jp/dbget-bin/www_bget?hsa:23293">
        <graphics name="SMG6, C17orf31, EST1A, SMG-6, hSMG5/7a" fgcolor="#000000" bgcolor="#BFFFBF"
             type="rectangle" x="692" y="664" width="46" height="17"/>
    </entry>
    <entry id="25" name="hsa:2107" type="gene"
        link="http://www.kegg.jp/dbget-bin/www_bget?hsa:2107">
        <graphics name="ETF1, D5S1995, ERF, ERF1, RF1, SUP45L1, TB3-1" fgcolor="#000000" bgcolor="#BFFFBF"
             type="rectangle" x="573" y="607" width="46" height="17"/>
    </entry>
    <entry id="26" name="hsa:23708 hsa:2935" type="gene"
        link="http://www.kegg.jp/dbget-bin/www_bget?hsa:23708+hsa:2935">
        <graphics name="GSPT2, ERF3B, GST2..." fgcolor="#000000" bgcolor="#BFFFBF"
             type="rectangle" x="573" y="624" width="46" height="17"/>
    </entry>
    <entry id="27" name="path:hsa03015" type="map"
        link="http://www.kegg.jp/dbget-bin/www_bget?hsa03015">
        <graphics name="TITLE:mRNA surveillance pathway" fgcolor="#000000" bgcolor="#FFFFFF"
             type="roundrectangle" x="165" y="58" width="250" height="25"/>
    </entry>
    <entry id="28" name="path:hsa03013" type="map"
        link="http://www.kegg.jp/dbget-bin/www_bget?hsa03013">
        <graphics name="RNA transport" fgcolor="#000000" bgcolor="#FFFFFF"
             type="roundrectangle" x="393" y="366" width="92" height="25"/>
    </entry>
    <entry id="29" name="hsa:8732" type="gene"
        link="http://www.kegg.jp/dbget-bin/www_bget?hsa:8732">
        <graphics name="RNGTT, CAP1A, HCE, HCE1, hCAP" fgcolor="#000000" bgcolor="#BFFFBF"
             type="rectangle" x="436" y="108" width="46" height="17"/>
    </entry>
    <entry id="30" name="hsa:8731" type="gene"
        link="http://www.kegg.jp/dbget-bin/www_bget?hsa:8731">
        <graphics name="RNMT, MET, RG7MT1, hCMT1c" fgcolor="#000000" bgcolor="#BFFFBF"
             type="rectangle" x="436" y="87" width="46" height="17"/>
    </entry>
    <entry id="31" name="hsa:11051" type="gene"
        link="http://www.kegg.jp/dbget-bin/www_bget?hsa:11051">
        <graphics name="NUDT21, CFIM25, CPSF5" fgcolor="#000000" bgcolor="#BFFFBF"
             type="rectangle" x="864" y="179" width="46" height="17"/>
    </entry>
    <entry id="32" name="hsa:10914 hsa:56903 hsa:64895" type="gene"
        link="http://www.kegg.jp/dbget-bin/www_bget?hsa:10914+hsa:56903+hsa:64895">
        <graphics name="PAPOLA, PAP..." fgcolor="#000000" bgcolor="#BFFFBF"
             type="rectangle" x="976" y="180" width="46" height="17"/>
    </entry>
    <entry id="33" name="hsa:51585" type="gene"
        link="http://www.kegg.jp/dbget-bin/www_bget?hsa:51585">
        <graphics name="PCF11" fgcolor="#000000" bgcolor="#BFFFBF"
             type="rectangle" x="910" y="220" width="46" height="17"/>
    </entry>
    <entry id="34" name="hsa:10978" type="gene"
        link="http://www.kegg.jp/dbget-bin/www_bget?hsa:10978">
        <graphics name="CLP1, HEAB, PCH10, hClp1" fgcolor="#000000" bgcolor="#BFFFBF"
             type="rectangle" x="864" y="220" width="46" height="17"/>
    </entry>
    <entry id="35" name="hsa:11052 hsa:79869" type="gene"
        link="http://www.kegg.jp/dbget-bin/www_bget?hsa:11052+hsa:79869">
        <graphics name="CPSF6, CFIM, CFIM68, HPBRII-4, HPBRII-7..." fgcolor="#000000" bgcolor="#BFFFBF"
             type="rectangle" x="910" y="179" width="46" height="17"/>
    </entry>
    <entry id="36" name="hsa:81608" type="gene"
        link="http://www.kegg.jp/dbget-bin/www_bget?hsa:81608">
        <graphics name="FIP1L1, FIP1, Rhe, hFip1" fgcolor="#000000" bgcolor="#BFFFBF"
             type="rectangle" x="819" y="289" width="46" height="17"/>
    </entry>
    <entry id="37" name="hsa:51692" type="gene"
        link="http://www.kegg.jp/dbget-bin/www_bget?hsa:51692">
        <graphics name="CPSF3, CPSF-73, CPSF73" fgcolor="#000000" bgcolor="#BFFFBF"
             type="rectangle" x="957" y="272" width="46" height="17"/>
    </entry>
    <entry id="38" name="hsa:53981" type="gene"
        link="http://www.kegg.jp/dbget-bin/www_bget?hsa:53981">
        <graphics name="CPSF2, CPSF100" fgcolor="#000000" bgcolor="#BFFFBF"
             type="rectangle" x="911" y="272" width="46" height="17"/>
    </entry>
    <entry id="39" name="hsa:29894" type="gene"
        link="http://www.kegg.jp/dbget-bin/www_bget?hsa:29894">
        <graphics name="CPSF1, CPSF160, HSU37012, P/cl.18" fgcolor="#000000" bgcolor="#BFFFBF"
             type="rectangle" x="865" y="272" width="46" height="17"/>
    </entry>
    <entry id="40" name="hsa:10898" type="gene"
        link="http://www.kegg.jp/dbget-bin/www_bget?hsa:10898">
        <graphics name="CPSF4, CPSF30, NAR, NEB1" fgcolor="#000000" bgcolor="#BFFFBF"
             type="rectangle" x="865" y="289" width="46" height="17"/>
    </entry>
    <entry id="41" name="hsa:1477" type="gene"
        link="http://www.kegg.jp/dbget-bin/www_bget?hsa:1477">
        <graphics name="CSTF1, CstF-50, CstFp50" fgcolor="#000000" bgcolor="#BFFFBF"
             type="rectangle" x="864" y="339" width="46" height="17"/>
    </entry>
    <entry id="42" name="hsa:1478 hsa:23283" type="gene"
        link="http://www.kegg.jp/dbget-bin/www_bget?hsa:1478+hsa:23283">
        <graphics name="CSTF2, CstF-64..." fgcolor="#000000" bgcolor="#BFFFBF"
             type="rectangle" x="910" y="339" width="46" height="17"/>
    </entry>
    <entry id="43" name="hsa:1479" type="gene"
        link="http://www.kegg.jp/dbget-bin/www_bget?hsa:1479">
        <graphics name="CSTF3, CSTF-77" fgcolor="#000000" bgcolor="#BFFFBF"
             type="rectangle" x="956" y="339" width="46" height="17"/>
    </entry>
    <entry id="44" name="hsa:8189" type="gene"
        link="http://www.kegg.jp/dbget-bin/www_bget?hsa:8189">
        <graphics name="SYMPK, SPK, SYM" fgcolor="#000000" bgcolor="#BFFFBF"
             type="rectangle" x="912" y="365" width="46" height="17"/>
    </entry>
    <entry id="45" name="hsa:22916" type="gene"
        link="http://www.kegg.jp/dbget-bin/www_bget?hsa:22916">
        <graphics name="NCBP2, CBC2, CBP20, NIP1" fgcolor="#000000" bgcolor="#BFFFBF"
             type="rectangle" x="153" y="172" width="46" height="17"/>
    </entry>
    <entry id="46" name="path:hsa03018" type="map"
        link="http://www.kegg.jp/dbget-bin/www_bget?hsa03018">
        <graphics name="RNA degradation" fgcolor="#000000" bgcolor="#FFFFFF"
             type="roundrectangle" x="712" y="745" width="92" height="25"/>
    </entry>
    <entry id="47" name="hsa:100529063 hsa:390748 hsa:8106" type="gene"
        link="http://www.kegg.jp/dbget-bin/www_bget?hsa:100529063+hsa:390748+hsa:8106">
        <graphics name="BCL2L2-PABPN1..." fgcolor="#000000" bgcolor="#BFFFBF"
             type="rectangle" x="613" y="293" width="46" height="17"/>
    </entry>
    <entry id="48" name="hsa:132430 hsa:140886 hsa:26986 hsa:340529 hsa:5042 hsa:645974 hsa:80336 hsa:8761" type="gene"
        link="http://www.kegg.jp/dbget-bin/www_bget?hsa:132430+hsa:140886+hsa:26986+hsa:340529+hsa:5042+hsa:645974+hsa:80336+hsa:8761">
        <graphics name="PABPC4L..." fgcolor="#000000" bgcolor="#BFFFBF"
             type="rectangle" x="643" y="543" width="46" height="17"/>
    </entry>
    <entry id="49" name="hsa:28227 hsa:55012 hsa:5515 hsa:5516 hsa:5518 hsa:5519 hsa:5520 hsa:5521 hsa:5522 hsa:5523 hsa:5525 hsa:5526 hsa:5527 hsa:5528 hsa:5529 hsa:55844" type="gene"
        link="http://www.kegg.jp/dbget-bin/www_bget?hsa:28227+hsa:55012+hsa:5515+hsa:5516+hsa:5518+hsa:5519+hsa:5520+hsa:5521+hsa:5522+hsa:5523+hsa:5525+hsa:5526+hsa:5527+hsa:5528+hsa:5529+hsa:55844">
        <graphics name="PPP2R3B, NYREN8, PPP2R3L, PPP2R3LY, PR48..." fgcolor="#000000" bgcolor="#BFFFBF"
             type="rectangle" x="737" y="628" width="46" height="17"/>
    </entry>
    <entry id="50" name="hsa:132430 hsa:140886 hsa:26986 hsa:340529 hsa:5042 hsa:645974 hsa:80336 hsa:8761" type="gene"
        link="http://www.kegg.jp/dbget-bin/www_bget?hsa:132430+hsa:140886+hsa:26986+hsa:340529+hsa:5042+hsa:645974+hsa:80336+hsa:8761">
        <graphics name="PABPC4L..." fgcolor="#000000" bgcolor="#BFFFBF"
             type="rectangle" x="1002" y="545" width="46" height="17"/>
    </entry>
    <entry id="51" name="hsa:10767" type="gene"
        link="http://www.kegg.jp/dbget-bin/www_bget?hsa:10767">
        <graphics name="HBS1L, EF-1a, ERFS, HBS1, HSPC276, eRF3c" fgcolor="#000000" bgcolor="#BFFFBF"
             type="rectangle" x="948" y="617" width="46" height="17"/>
    </entry>
    <entry id="52" name="hsa:53918" type="gene"
        link="http://www.kegg.jp/dbget-bin/www_bget?hsa:53918">
        <graphics name="PELO, PRO1770" fgcolor="#000000" bgcolor="#BFFFBF"
             type="rectangle" x="948" y="634" width="46" height="17"/>
    </entry>
    <entry id="53" name="ko:K12595" type="ortholog"
        link="http://www.kegg.jp/dbget-bin/www_bget?K12595">
        <graphics name="K12595" fgcolor="#000000" bgcolor="#FFFFFF"
             type="rectangle" x="951" y="757" width="46" height="17"/>
    </entry>
    <entry id="54" name="hsa:124540 hsa:26528 hsa:4440" type="gene"
        link="http://www.kegg.jp/dbget-bin/www_bget?hsa:124540+hsa:26528+hsa:4440">
        <graphics name="MSI2, MSI2H..." fgcolor="#000000" bgcolor="#BFFFBF"
             type="rectangle" x="643" y="514" width="46" height="17"/>
    </entry>
    <entry id="55" name="ko:K12595" type="ortholog"
        link="http://www.kegg.jp/dbget-bin/www_bget?K12595">
        <graphics name="K12595" fgcolor="#000000" bgcolor="#FFFFFF"
             type="rectangle" x="232" y="637" width="46" height="17"/>
    </entry>
    <entry id="56" name="path:hsa03018" type="map"
        link="http://www.kegg.jp/dbget-bin/www_bget?hsa03018">
        <graphics name="RNA degradation" fgcolor="#000000" bgcolor="#FFFFFF"
             type="roundrectangle" x="712" y="301" width="92" height="25"/>
    </entry>
    <entry id="57" name="hsa:55339" type="gene"
        link="http://www.kegg.jp/dbget-bin/www_bget?hsa:55339">
        <graphics name="WDR33, NET14, WDC146" fgcolor="#000000" bgcolor="#BFFFBF"
             type="rectangle" x="1059" y="272" width="46" height="17"/>
    </entry>
    <entry id="58" name="hsa:80335" type="gene"
        link="http://www.kegg.jp/dbget-bin/www_bget?hsa:80335">
        <graphics name="WDR82, MST107, MSTP107, PRO2730, PRO34047, SWD2, TMEM113, WDR82A" fgcolor="#000000" bgcolor="#BFFFBF"
             type="rectangle" x="1013" y="289" width="46" height="17"/>
    </entry>
    <entry id="59" name="ko:K15541" type="ortholog"
        link="http://www.kegg.jp/dbget-bin/www_bget?K15541">
        <graphics name="K15541" fgcolor="#000000" bgcolor="#FFFFFF"
             type="rectangle" x="1013" y="272" width="46" height="17"/>
    </entry>
    <entry id="60" name="hsa:5499 hsa:5500 hsa:5501" type="gene"
        link="http://www.kegg.jp/dbget-bin/www_bget?hsa:5499+hsa:5500+hsa:5501">
        <graphics name="PPP1CA, PP-1A, PP1A, PP1alpha, PPP1A..." fgcolor="#000000" bgcolor="#BFFFBF"
             type="rectangle" x="1013" y="306" width="46" height="17"/>
    </entry>
    <entry id="61" name="ko:K15543" type="ortholog"
        link="http://www.kegg.jp/dbget-bin/www_bget?K15543">
        <graphics name="K15543" fgcolor="#000000" bgcolor="#FFFFFF"
             type="rectangle" x="1059" y="289" width="46" height="17"/>
    </entry>
    <entry id="62" name="hsa:29101" type="gene"
        link="http://www.kegg.jp/dbget-bin/www_bget?hsa:29101">
        <graphics name="SSU72, HSPC182, PNAS-120" fgcolor="#000000" bgcolor="#BFFFBF"
             type="rectangle" x="1059" y="306" width="46" height="17"/>
    </entry>
    <entry id="63" name="undefined" type="group">
        <graphics fgcolor="#000000" bgcolor="#FFFFFF"
             type="rectangle" x="910" y="339" width="138" height="17"/>
        <component id="41"/>
        <component id="42"/>
        <component id="43"/>
    </entry>
    <entry id="64" name="undefined" type="group">
        <graphics fgcolor="#000000" bgcolor="#FFFFFF"
             type="rectangle" x="619" y="615" width="46" height="51"/>
        <component id="18"/>
        <component id="19"/>
        <component id="20"/>
    </entry>
    <entry id="65" name="undefined" type="group">
        <graphics fgcolor="#000000" bgcolor="#FFFFFF"
             type="rectangle" x="888" y="280" width="184" height="34"/>
        <component id="36"/>
        <component id="37"/>
        <component id="38"/>
        <component id="39"/>
        <component id="40"/>
    </entry>
    <entry id="66" name="undefined" type="group">
        <graphics fgcolor="#000000" bgcolor="#FFFFFF"
             type="rectangle" x="1036" y="289" width="92" height="51"/>
        <component id="57"/>
        <component id="58"/>
        <component id="60"/>
        <component id="62"/>
    </entry>
    <relation entry1="14" entry2="45" type="PCrel">
        <subtype name="binding/association" value="---"/>
    </relation>
    <relation entry1="10" entry2="13" type="PCrel">
        <subtype name="binding/association" value="---"/>
    </relation>
    <relation entry1="54" entry2="48" type="PCrel">
        <subtype name="binding/association" value="---"/>
    </relation>
    <relation entry1="51" entry2="52" type="PCrel">
        <subtype name="binding/association" value="---"/>
    </relation>
    <relation entry1="31" entry2="35" type="PCrel">
        <subtype name="binding/association" value="---"/>
    </relation>
    <relation entry1="34" entry2="33" type="PCrel">
        <subtype name="binding/association" value="---"/>
    </relation>
    <relation entry1="44" entry2="63" type="PCrel">
        <subtype name="binding/association" value="---"/>
    </relation>
    <relation entry1="25" entry2="64" type="PCrel">
        <subtype name="binding/association" value="---"/>
    </relation>
    <relation entry1="14" entry2="18" type="PCrel">
        <subtype name="binding/association" value="---"/>
    </relation>
    <relation entry1="26" entry2="48" type="PCrel">
        <subtype name="binding/association" value="---"/>
    </relation>
    <relation entry1="64" entry2="26" type="PCrel">
        <subtype name="binding/association" value="---"/>
    </relation>
    <relation entry1="23" entry2="22" type="PCrel">
        <subtype name="binding/association" value="---"/>
    </relation>
    <relation entry1="23" entry2="18" type="PCrel">
        <subtype name="binding/association" value="---"/>
    </relation>
    <relation entry1="22" entry2="18" type="PCrel">
        <subtype name="binding/association" value="---"/>
    </relation>
    <relation entry1="24" entry2="18" type="PCrel">
        <subtype name="binding/association" value="---"/>
    </relation>
    <relation entry1="21" entry2="49" type="PCrel">
        <subtype name="binding/association" value="---"/>
    </relation>
    <relation entry1="21" entry2="23" type="PCrel">
        <subtype name="binding/association" value="---"/>
    </relation>
    <relation entry1="49" entry2="22" type="PCrel">
        <subtype name="binding/association" value="---"/>
    </relation>
    <relation entry1="49" entry2="24" type="PCrel">
        <subtype name="binding/association" value="---"/>
    </relation>
    <relation entry1="21" entry2="18" type="PPrel">
        <subtype name="activation" value="--&gt;"/>
        <subtype name="phosphorylation" value="+p"/>
        <subtype name="binding/association" value="---"/>
    </relation>
    <relation entry1="65" entry2="66" type="PPrel">
        <subtype name="binding/association" value="---"/>
    </relation>
</pathway>
