<?xml version="1.0"?>
<!DOCTYPE pathway SYSTEM "http://www.kegg.jp/kegg/xml/KGML_v0.7.1_.dtd">
<!-- Creation date: Jan 9, 2014 15:04:41 +0900 (GMT+09:00) -->
<pathway name="path:hsa00910" org="hsa" number="00910"
         title="Nitrogen metabolism"
         image="http://www.kegg.jp/kegg/pathway/hsa/hsa00910.png"
         link="http://www.kegg.jp/kegg-bin/show_pathway?hsa00910">
    <entry id="10" name="cpd:C00058" type="compound"
        link="http://www.kegg.jp/dbget-bin/www_bget?C00058">
        <graphics name="C00058" fgcolor="#000000" bgcolor="#FFFFFF"
             type="circle" x="713" y="174" width="8" height="8"/>
    </entry>
    <entry id="12" name="cpd:C00488" type="compound"
        link="http://www.kegg.jp/dbget-bin/www_bget?C00488">
        <graphics name="C00488" fgcolor="#000000" bgcolor="#FFFFFF"
             type="circle" x="640" y="119" width="8" height="8"/>
    </entry>
    <entry id="13" name="ko:K01455" type="ortholog" reaction="rn:R00524"
        link="http://www.kegg.jp/dbget-bin/www_bget?K01455">
        <graphics name="K01455" fgcolor="#000000" bgcolor="#FFFFFF"
             type="rectangle" x="641" y="150" width="46" height="17"/>
    </entry>
    <entry id="14" name="cpd:C00014" type="compound"
        link="http://www.kegg.jp/dbget-bin/www_bget?C00014">
        <graphics name="C00014" fgcolor="#000000" bgcolor="#FFFFFF"
             type="circle" x="640" y="276" width="8" height="8"/>
    </entry>
    <entry id="17" name="cpd:C00192" type="compound"
        link="http://www.kegg.jp/dbget-bin/www_bget?C00192">
        <graphics name="C00192" fgcolor="#000000" bgcolor="#FFFFFF"
             type="circle" x="499" y="356" width="8" height="8"/>
    </entry>
    <entry id="18" name="cpd:C06058" type="compound"
        link="http://www.kegg.jp/dbget-bin/www_bget?C06058">
        <graphics name="C06058" fgcolor="#000000" bgcolor="#FFFFFF"
             type="circle" x="332" y="402" width="8" height="8"/>
    </entry>
    <entry id="25" name="ko:K10535" type="ortholog" reaction="rn:R10164"
        link="http://www.kegg.jp/dbget-bin/www_bget?K10535">
        <graphics name="K10535" fgcolor="#000000" bgcolor="#FFFFFF"
             type="rectangle" x="425" y="357" width="46" height="17"/>
    </entry>
    <entry id="26" name="ko:K10534" type="ortholog" reaction="rn:R00794 rn:R00796"
        link="http://www.kegg.jp/dbget-bin/www_bget?K10534">
        <graphics name="K10534" fgcolor="#000000" bgcolor="#FFFFFF"
             type="rectangle" x="252" y="257" width="46" height="17"/>
    </entry>
    <entry id="28" name="ko:K00370 ko:K00371 ko:K00374 ko:K00373 ko:K00372 ko:K00360 ko:K02567 ko:K02568" type="ortholog" reaction="rn:R00798"
        link="http://www.kegg.jp/dbget-bin/www_bget?K00370+K00371+K00374+K00373+K00372+K00360+K02567+K02568">
        <graphics name="K00370..." fgcolor="#000000" bgcolor="#FFFFFF"
             type="rectangle" x="252" y="234" width="46" height="17"/>
    </entry>
    <entry id="29" name="ko:K00367" type="ortholog" reaction="rn:R00791"
        link="http://www.kegg.jp/dbget-bin/www_bget?K00367">
        <graphics name="K00367" fgcolor="#000000" bgcolor="#FFFFFF"
             type="rectangle" x="252" y="276" width="46" height="17"/>
    </entry>
    <entry id="30" name="ko:K00459" type="ortholog" reaction="rn:R00025"
        link="http://www.kegg.jp/dbget-bin/www_bget?K00459">
        <graphics name="K00459" fgcolor="#000000" bgcolor="#FFFFFF"
             type="rectangle" x="307" y="376" width="46" height="17"/>
    </entry>
    <entry id="33" name="ko:K05601 ko:K15864" type="ortholog" reaction="rn:R00143"
        link="http://www.kegg.jp/dbget-bin/www_bget?K05601+K15864">
        <graphics name="K05601..." fgcolor="#000000" bgcolor="#FFFFFF"
             type="rectangle" x="524" y="325" width="46" height="17"/>
    </entry>
    <entry id="34" name="ko:K03385 ko:K15876" type="ortholog" reaction="rn:R05712"
        link="http://www.kegg.jp/dbget-bin/www_bget?K03385+K15876">
        <graphics name="K03385..." fgcolor="#000000" bgcolor="#FFFFFF"
             type="rectangle" x="462" y="287" width="46" height="17"/>
    </entry>
    <entry id="35" name="ko:K17877" type="ortholog" reaction="rn:R00787 rn:R00789"
        link="http://www.kegg.jp/dbget-bin/www_bget?K17877">
        <graphics name="K17877" fgcolor="#000000" bgcolor="#FFFFFF"
             type="rectangle" x="414" y="266" width="46" height="17"/>
    </entry>
    <entry id="36" name="ko:K00366" type="ortholog" reaction="rn:R00790"
        link="http://www.kegg.jp/dbget-bin/www_bget?K00366">
        <graphics name="K00366" fgcolor="#000000" bgcolor="#FFFFFF"
             type="rectangle" x="462" y="266" width="46" height="17"/>
    </entry>
    <entry id="37" name="ko:K00368 ko:K15864" type="ortholog" reaction="rn:R00783 rn:R00785"
        link="http://www.kegg.jp/dbget-bin/www_bget?K00368+K15864">
        <graphics name="K00368..." fgcolor="#000000" bgcolor="#FFFFFF"
             type="rectangle" x="332" y="221" width="46" height="17"/>
    </entry>
    <entry id="38" name="ko:K02586 ko:K02591 ko:K02588 ko:K00531" type="ortholog" reaction="rn:R05185"
        link="http://www.kegg.jp/dbget-bin/www_bget?K02586+K02591+K02588+K00531">
        <graphics name="K02586..." fgcolor="#000000" bgcolor="#FFFFFF"
             type="rectangle" x="591" y="175" width="46" height="17"/>
    </entry>
    <entry id="40" name="ko:K00376" type="ortholog" reaction="rn:R02804"
        link="http://www.kegg.jp/dbget-bin/www_bget?K00376">
        <graphics name="K00376" fgcolor="#000000" bgcolor="#FFFFFF"
             type="rectangle" x="492" y="185" width="46" height="17"/>
    </entry>
    <entry id="41" name="ko:K04561 ko:K02305" type="ortholog" reaction="rn:R00294"
        link="http://www.kegg.jp/dbget-bin/www_bget?K04561+K02305">
        <graphics name="K04561..." fgcolor="#000000" bgcolor="#FFFFFF"
             type="rectangle" x="386" y="175" width="46" height="17"/>
    </entry>
    <entry id="42" name="ko:K10944 ko:K10945 ko:K10946" type="ortholog" reaction="rn:R00148"
        link="http://www.kegg.jp/dbget-bin/www_bget?K10944+K10945+K10946">
        <graphics name="K10944..." fgcolor="#000000" bgcolor="#FFFFFF"
             type="rectangle" x="569" y="357" width="46" height="17"/>
    </entry>
    <entry id="43" name="path:map00720" type="map"
        link="http://www.kegg.jp/dbget-bin/www_bget?map00720">
        <graphics name="Carbon fixation pathways in prokaryotes" fgcolor="#000000" bgcolor="#FFFFFF"
             type="roundrectangle" x="240" y="195" width="138" height="34"/>
    </entry>
    <entry id="44" name="ko:K15877" type="ortholog" reaction="rn:R02492 rn:R09446 rn:R09808 rn:R09809"
        link="http://www.kegg.jp/dbget-bin/www_bget?K15877">
        <graphics name="K15877" fgcolor="#000000" bgcolor="#FFFFFF"
             type="rectangle" x="386" y="196" width="46" height="17"/>
    </entry>
    <entry id="45" name="cpd:C00697" type="compound"
        link="http://www.kegg.jp/dbget-bin/www_bget?C00697">
        <graphics name="C00697" fgcolor="#000000" bgcolor="#FFFFFF"
             type="circle" x="550" y="185" width="8" height="8"/>
    </entry>
    <entry id="46" name="cpd:C00887" type="compound"
        link="http://www.kegg.jp/dbget-bin/www_bget?C00887">
        <graphics name="C00887" fgcolor="#000000" bgcolor="#FFFFFF"
             type="circle" x="441" y="185" width="8" height="8"/>
    </entry>
    <entry id="49" name="cpd:C00533" type="compound"
        link="http://www.kegg.jp/dbget-bin/www_bget?C00533">
        <graphics name="C00533" fgcolor="#000000" bgcolor="#FFFFFF"
             type="circle" x="332" y="185" width="8" height="8"/>
    </entry>
    <entry id="50" name="cpd:C00088" type="compound"
        link="http://www.kegg.jp/dbget-bin/www_bget?C00088">
        <graphics name="C00088" fgcolor="#000000" bgcolor="#FFFFFF"
             type="circle" x="332" y="276" width="8" height="8"/>
    </entry>
    <entry id="51" name="path:hsa00460" type="map"
        link="http://www.kegg.jp/dbget-bin/www_bget?hsa00460">
        <graphics name="Cyanoamino acid metabolism" fgcolor="#000000" bgcolor="#FFFFFF"
             type="roundrectangle" x="641" y="65" width="104" height="34"/>
    </entry>
    <entry id="52" name="cpd:C00244" type="compound"
        link="http://www.kegg.jp/dbget-bin/www_bget?C00244">
        <graphics name="C00244" fgcolor="#000000" bgcolor="#FFFFFF"
             type="circle" x="168" y="276" width="8" height="8"/>
    </entry>
    <entry id="53" name="path:hsa00910" type="map"
        link="http://www.kegg.jp/dbget-bin/www_bget?hsa00910">
        <graphics name="TITLE:Nitrogen metabolism" fgcolor="#000000" bgcolor="#FFFFFF"
             type="roundrectangle" x="136" y="58" width="192" height="25"/>
    </entry>
    <entry id="54" name="path:map00680" type="map"
        link="http://www.kegg.jp/dbget-bin/www_bget?map00680">
        <graphics name="Methane metabolism" fgcolor="#000000" bgcolor="#FFFFFF"
             type="roundrectangle" x="853" y="140" width="119" height="25"/>
    </entry>
    <entry id="55" name="path:hsa00630" type="map"
        link="http://www.kegg.jp/dbget-bin/www_bget?hsa00630">
        <graphics name="Glyoxylate and dicarboxylate metabolism" fgcolor="#000000" bgcolor="#FFFFFF"
             type="roundrectangle" x="859" y="173" width="131" height="25"/>
    </entry>
    <entry id="57" name="ko:K01501" type="ortholog" reaction="rn:R00540"
        link="http://www.kegg.jp/dbget-bin/www_bget?K01501">
        <graphics name="K01501" fgcolor="#000000" bgcolor="#FFFFFF"
             type="rectangle" x="640" y="376" width="46" height="17"/>
    </entry>
    <entry id="58" name="cpd:C00726" type="compound"
        link="http://www.kegg.jp/dbget-bin/www_bget?C00726">
        <graphics name="C00726" fgcolor="#000000" bgcolor="#FFFFFF"
             type="circle" x="640" y="402" width="8" height="8"/>
    </entry>
    <entry id="59" name="cpd:C01417" type="compound"
        link="http://www.kegg.jp/dbget-bin/www_bget?C01417">
        <graphics name="C01417" fgcolor="#000000" bgcolor="#FFFFFF"
             type="circle" x="858" y="229" width="8" height="8"/>
    </entry>
    <entry id="61" name="ko:K01725" type="ortholog" reaction="rn:R03546"
        link="http://www.kegg.jp/dbget-bin/www_bget?K01725">
        <graphics name="K01725" fgcolor="#000000" bgcolor="#FFFFFF"
             type="rectangle" x="804" y="230" width="46" height="17"/>
    </entry>
    <entry id="62" name="cpd:C01563" type="compound"
        link="http://www.kegg.jp/dbget-bin/www_bget?C01563">
        <graphics name="C01563" fgcolor="#000000" bgcolor="#FFFFFF"
             type="circle" x="746" y="229" width="8" height="8"/>
    </entry>
    <entry id="65" name="cpd:C00288" type="compound"
        link="http://www.kegg.jp/dbget-bin/www_bget?C00288">
        <graphics name="C00288" fgcolor="#000000" bgcolor="#FFFFFF"
             type="circle" x="845" y="202" width="8" height="8"/>
    </entry>
    <entry id="66" name="cpd:C00011" type="compound"
        link="http://www.kegg.jp/dbget-bin/www_bget?C00011">
        <graphics name="C00011" fgcolor="#000000" bgcolor="#FFFFFF"
             type="circle" x="704" y="202" width="8" height="8"/>
    </entry>
    <entry id="68" name="hsa:11238 hsa:23632 hsa:377677 hsa:759 hsa:760 hsa:761 hsa:762 hsa:763 hsa:765 hsa:766 hsa:767 hsa:768 hsa:771" type="gene" reaction="rn:R10092"
        link="http://www.kegg.jp/dbget-bin/www_bget?hsa:11238+hsa:23632+hsa:377677+hsa:759+hsa:760+hsa:761+hsa:762+hsa:763+hsa:765+hsa:766+hsa:767+hsa:768+hsa:771">
        <graphics name="CA5B, CA-VB..." fgcolor="#000000" bgcolor="#BFFFBF"
             type="rectangle" x="774" y="203" width="46" height="17"/>
    </entry>
    <entry id="69" name="ko:K00926" type="ortholog" reaction="rn:R01395"
        link="http://www.kegg.jp/dbget-bin/www_bget?K00926">
        <graphics name="K00926" fgcolor="#000000" bgcolor="#FFFFFF"
             type="rectangle" x="804" y="257" width="46" height="17"/>
    </entry>
    <entry id="70" name="cpd:C00169" type="compound"
        link="http://www.kegg.jp/dbget-bin/www_bget?C00169">
        <graphics name="C00169" fgcolor="#000000" bgcolor="#FFFFFF"
             type="circle" x="858" y="276" width="8" height="8"/>
    </entry>
    <entry id="71" name="hsa:1373" type="gene" reaction="rn:R00149"
        link="http://www.kegg.jp/dbget-bin/www_bget?hsa:1373">
        <graphics name="CPS1, CPSASE1, PHN" fgcolor="#000000" bgcolor="#BFFFBF"
             type="rectangle" x="747" y="277" width="46" height="17"/>
    </entry>
    <entry id="72" name="path:hsa00330" type="map"
        link="http://www.kegg.jp/dbget-bin/www_bget?hsa00330">
        <graphics name="Arginine and proline metabolism" fgcolor="#000000" bgcolor="#FFFFFF"
             type="roundrectangle" x="970" y="276" width="117" height="34"/>
    </entry>
    <entry id="74" name="ko:K02575" type="ortholog"
        link="http://www.kegg.jp/dbget-bin/www_bget?K02575">
        <graphics name="K02575" fgcolor="#000000" bgcolor="#FFFFFF"
             type="rectangle" x="109" y="266" width="46" height="17"/>
    </entry>
    <entry id="75" name="cpd:C00244" type="compound"
        link="http://www.kegg.jp/dbget-bin/www_bget?C00244">
        <graphics name="C00244" fgcolor="#000000" bgcolor="#FFFFFF"
             type="circle" x="50" y="276" width="8" height="8"/>
    </entry>
    <entry id="77" name="ko:K02575" type="ortholog"
        link="http://www.kegg.jp/dbget-bin/www_bget?K02575">
        <graphics name="K02575" fgcolor="#000000" bgcolor="#FFFFFF"
             type="rectangle" x="108" y="319" width="46" height="17"/>
    </entry>
    <entry id="78" name="ko:K15576 ko:K15577 ko:K15578 ko:K15579" type="ortholog"
        link="http://www.kegg.jp/dbget-bin/www_bget?K15576+K15577+K15578+K15579">
        <graphics name="K15576..." fgcolor="#000000" bgcolor="#FFFFFF"
             type="rectangle" x="109" y="287" width="46" height="17"/>
    </entry>
    <entry id="79" name="cpd:C00088" type="compound"
        link="http://www.kegg.jp/dbget-bin/www_bget?C00088">
        <graphics name="C00088" fgcolor="#000000" bgcolor="#FFFFFF"
             type="circle" x="50" y="318" width="8" height="8"/>
    </entry>
    <entry id="81" name="hsa:2752" type="gene" reaction="rn:R00253"
        link="http://www.kegg.jp/dbget-bin/www_bget?hsa:2752">
        <graphics name="GLUL, GLNS, GS, PIG43, PIG59" fgcolor="#000000" bgcolor="#BFFFBF"
             type="rectangle" x="688" y="352" width="46" height="17"/>
    </entry>
    <entry id="82" name="cpd:C00064" type="compound"
        link="http://www.kegg.jp/dbget-bin/www_bget?C00064">
        <graphics name="C00064" fgcolor="#000000" bgcolor="#FFFFFF"
             type="circle" x="739" y="351" width="8" height="8"/>
    </entry>
    <entry id="84" name="cpd:C00025" type="compound"
        link="http://www.kegg.jp/dbget-bin/www_bget?C00025">
        <graphics name="C00025" fgcolor="#000000" bgcolor="#FFFFFF"
             type="circle" x="890" y="351" width="8" height="8"/>
    </entry>
    <entry id="85" name="ko:K00264 ko:K00265 ko:K00266" type="ortholog" reaction="rn:R00114"
        link="http://www.kegg.jp/dbget-bin/www_bget?K00264+K00265+K00266">
        <graphics name="K00264..." fgcolor="#000000" bgcolor="#FFFFFF"
             type="rectangle" x="814" y="333" width="46" height="17"/>
    </entry>
    <entry id="86" name="ko:K00264 ko:K00265 ko:K00266" type="ortholog" reaction="rn:R00093"
        link="http://www.kegg.jp/dbget-bin/www_bget?K00264+K00265+K00266">
        <graphics name="K00264..." fgcolor="#000000" bgcolor="#FFFFFF"
             type="rectangle" x="814" y="352" width="46" height="17"/>
    </entry>
    <entry id="87" name="ko:K00284" type="ortholog" reaction="rn:R00021"
        link="http://www.kegg.jp/dbget-bin/www_bget?K00284">
        <graphics name="K00284" fgcolor="#000000" bgcolor="#FFFFFF"
             type="rectangle" x="814" y="371" width="46" height="17"/>
    </entry>
    <entry id="88" name="path:hsa00250" type="map"
        link="http://www.kegg.jp/dbget-bin/www_bget?hsa00250">
        <graphics name="Alanine, aspartate and glutamate metabolism" fgcolor="#000000" bgcolor="#FFFFFF"
             type="roundrectangle" x="985" y="351" width="77" height="34"/>
    </entry>
    <entry id="90" name="ko:K00260 ko:K15371" type="ortholog" reaction="rn:R00243"
        link="http://www.kegg.jp/dbget-bin/www_bget?K00260+K15371">
        <graphics name="K00260..." fgcolor="#000000" bgcolor="#FFFFFF"
             type="rectangle" x="737" y="308" width="46" height="17"/>
    </entry>
    <entry id="91" name="hsa:2746 hsa:2747" type="gene" reaction="rn:R00243 rn:R00248"
        link="http://www.kegg.jp/dbget-bin/www_bget?hsa:2746+hsa:2747">
        <graphics name="GLUD1, GDH, GDH1, GLUD..." fgcolor="#000000" bgcolor="#BFFFBF"
             type="rectangle" x="713" y="329" width="46" height="17"/>
    </entry>
    <entry id="92" name="ko:K00262" type="ortholog" reaction="rn:R00248"
        link="http://www.kegg.jp/dbget-bin/www_bget?K00262">
        <graphics name="K00262" fgcolor="#000000" bgcolor="#FFFFFF"
             type="rectangle" x="761" y="329" width="46" height="17"/>
    </entry>
    <entry id="97" name="cpd:C00244" type="compound"
        link="http://www.kegg.jp/dbget-bin/www_bget?C00244">
        <graphics name="C00244" fgcolor="#000000" bgcolor="#FFFFFF"
             type="circle" x="166" y="515" width="8" height="8"/>
    </entry>
    <entry id="98" name="cpd:C00088" type="compound"
        link="http://www.kegg.jp/dbget-bin/www_bget?C00088">
        <graphics name="C00088" fgcolor="#000000" bgcolor="#FFFFFF"
             type="circle" x="278" y="515" width="8" height="8"/>
    </entry>
    <entry id="99" name="ko:K00367" type="ortholog" reaction="rn:R00791"
        link="http://www.kegg.jp/dbget-bin/www_bget?K00367">
        <graphics name="K00367" fgcolor="#000000" bgcolor="#FFFFFF"
             type="rectangle" x="219" y="564" width="46" height="17"/>
    </entry>
    <entry id="100" name="ko:K10534" type="ortholog" reaction="rn:R00794 rn:R00796"
        link="http://www.kegg.jp/dbget-bin/www_bget?K10534">
        <graphics name="K10534" fgcolor="#000000" bgcolor="#FFFFFF"
             type="rectangle" x="219" y="583" width="46" height="17"/>
    </entry>
    <entry id="101" name="ko:K00372 ko:K00360" type="ortholog" reaction="rn:R00798"
        link="http://www.kegg.jp/dbget-bin/www_bget?K00372+K00360">
        <graphics name="K00372..." fgcolor="#000000" bgcolor="#FFFFFF"
             type="rectangle" x="219" y="602" width="46" height="17"/>
    </entry>
    <entry id="103" name="cpd:C00014" type="compound"
        link="http://www.kegg.jp/dbget-bin/www_bget?C00014">
        <graphics name="C00014" fgcolor="#000000" bgcolor="#FFFFFF"
             type="circle" x="950" y="515" width="8" height="8"/>
    </entry>
    <entry id="104" name="cpd:C00244" type="compound"
        link="http://www.kegg.jp/dbget-bin/www_bget?C00244">
        <graphics name="C00244" fgcolor="#000000" bgcolor="#FFFFFF"
             type="circle" x="166" y="582" width="8" height="8"/>
    </entry>
    <entry id="105" name="cpd:C00088" type="compound"
        link="http://www.kegg.jp/dbget-bin/www_bget?C00088">
        <graphics name="C00088" fgcolor="#000000" bgcolor="#FFFFFF"
             type="circle" x="278" y="582" width="8" height="8"/>
    </entry>
    <entry id="106" name="ko:K00370 ko:K00371 ko:K00374 ko:K00373" type="ortholog" reaction="rn:R00798"
        link="http://www.kegg.jp/dbget-bin/www_bget?K00370+K00371+K00374+K00373">
        <graphics name="K00370..." fgcolor="#000000" bgcolor="#FFFFFF"
             type="rectangle" x="219" y="505" width="46" height="17"/>
    </entry>
    <entry id="107" name="ko:K02567 ko:K02568" type="ortholog" reaction="rn:R00798"
        link="http://www.kegg.jp/dbget-bin/www_bget?K02567+K02568">
        <graphics name="K02567..." fgcolor="#000000" bgcolor="#FFFFFF"
             type="rectangle" x="219" y="526" width="46" height="17"/>
    </entry>
    <entry id="108" name="ko:K03385 ko:K15876" type="ortholog" reaction="rn:R05712"
        link="http://www.kegg.jp/dbget-bin/www_bget?K03385+K15876">
        <graphics name="K03385..." fgcolor="#000000" bgcolor="#FFFFFF"
             type="rectangle" x="556" y="526" width="46" height="17"/>
    </entry>
    <entry id="109" name="ko:K00362 ko:K00363" type="ortholog" reaction="rn:R00787"
        link="http://www.kegg.jp/dbget-bin/www_bget?K00362+K00363">
        <graphics name="K00362..." fgcolor="#000000" bgcolor="#FFFFFF"
             type="rectangle" x="556" y="505" width="46" height="17"/>
    </entry>
    <entry id="110" name="ko:K00366" type="ortholog" reaction="rn:R00790"
        link="http://www.kegg.jp/dbget-bin/www_bget?K00366">
        <graphics name="K00366" fgcolor="#000000" bgcolor="#FFFFFF"
             type="rectangle" x="556" y="593" width="46" height="17"/>
    </entry>
    <entry id="111" name="cpd:C00244" type="compound"
        link="http://www.kegg.jp/dbget-bin/www_bget?C00244">
        <graphics name="C00244" fgcolor="#000000" bgcolor="#FFFFFF"
             type="circle" x="166" y="649" width="8" height="8"/>
    </entry>
    <entry id="113" name="cpd:C00088" type="compound"
        link="http://www.kegg.jp/dbget-bin/www_bget?C00088">
        <graphics name="C00088" fgcolor="#000000" bgcolor="#FFFFFF"
             type="circle" x="278" y="649" width="8" height="8"/>
    </entry>
    <entry id="115" name="cpd:C00697" type="compound"
        link="http://www.kegg.jp/dbget-bin/www_bget?C00697">
        <graphics name="C00697" fgcolor="#000000" bgcolor="#FFFFFF"
             type="circle" x="614" y="649" width="8" height="8"/>
    </entry>
    <entry id="116" name="cpd:C00887" type="compound"
        link="http://www.kegg.jp/dbget-bin/www_bget?C00887">
        <graphics name="C00887" fgcolor="#000000" bgcolor="#FFFFFF"
             type="circle" x="502" y="649" width="8" height="8"/>
    </entry>
    <entry id="117" name="cpd:C00533" type="compound"
        link="http://www.kegg.jp/dbget-bin/www_bget?C00533">
        <graphics name="C00533" fgcolor="#000000" bgcolor="#FFFFFF"
             type="circle" x="390" y="649" width="8" height="8"/>
    </entry>
    <entry id="120" name="cpd:C00697" type="compound"
        link="http://www.kegg.jp/dbget-bin/www_bget?C00697">
        <graphics name="C00697" fgcolor="#000000" bgcolor="#FFFFFF"
             type="circle" x="614" y="713" width="8" height="8"/>
    </entry>
    <entry id="122" name="cpd:C00014" type="compound"
        link="http://www.kegg.jp/dbget-bin/www_bget?C00014">
        <graphics name="C00014" fgcolor="#000000" bgcolor="#FFFFFF"
             type="circle" x="950" y="713" width="8" height="8"/>
    </entry>
    <entry id="123" name="cpd:C00014" type="compound"
        link="http://www.kegg.jp/dbget-bin/www_bget?C00014">
        <graphics name="C00014" fgcolor="#000000" bgcolor="#FFFFFF"
             type="circle" x="950" y="776" width="8" height="8"/>
    </entry>
    <entry id="125" name="cpd:C00088" type="compound"
        link="http://www.kegg.jp/dbget-bin/www_bget?C00088">
        <graphics name="C00088" fgcolor="#000000" bgcolor="#FFFFFF"
             type="circle" x="278" y="776" width="8" height="8"/>
    </entry>
    <entry id="126" name="ko:K00370 ko:K00371 ko:K00374 ko:K00373" type="ortholog" reaction="rn:R00798"
        link="http://www.kegg.jp/dbget-bin/www_bget?K00370+K00371+K00374+K00373">
        <graphics name="K00370..." fgcolor="#000000" bgcolor="#FFFFFF"
             type="rectangle" x="219" y="639" width="46" height="17"/>
    </entry>
    <entry id="127" name="ko:K02567 ko:K02568" type="ortholog" reaction="rn:R00798"
        link="http://www.kegg.jp/dbget-bin/www_bget?K02567+K02568">
        <graphics name="K02567..." fgcolor="#000000" bgcolor="#FFFFFF"
             type="rectangle" x="219" y="660" width="46" height="17"/>
    </entry>
    <entry id="128" name="ko:K15864" type="ortholog" reaction="rn:R00783 rn:R00785"
        link="http://www.kegg.jp/dbget-bin/www_bget?K15864">
        <graphics name="K15864" fgcolor="#000000" bgcolor="#FFFFFF"
             type="rectangle" x="330" y="660" width="46" height="17"/>
    </entry>
    <entry id="129" name="ko:K00368" type="ortholog" reaction="rn:R00783 rn:R00785"
        link="http://www.kegg.jp/dbget-bin/www_bget?K00368">
        <graphics name="K00368" fgcolor="#000000" bgcolor="#FFFFFF"
             type="rectangle" x="330" y="639" width="46" height="17"/>
    </entry>
    <entry id="130" name="ko:K04561 ko:K02305" type="ortholog" reaction="rn:R00294"
        link="http://www.kegg.jp/dbget-bin/www_bget?K04561+K02305">
        <graphics name="K04561..." fgcolor="#000000" bgcolor="#FFFFFF"
             type="rectangle" x="442" y="650" width="46" height="17"/>
    </entry>
    <entry id="131" name="ko:K00376" type="ortholog" reaction="rn:R02804"
        link="http://www.kegg.jp/dbget-bin/www_bget?K00376">
        <graphics name="K00376" fgcolor="#000000" bgcolor="#FFFFFF"
             type="rectangle" x="556" y="649" width="46" height="17"/>
    </entry>
    <entry id="132" name="ko:K02586 ko:K02591 ko:K02588" type="ortholog" reaction="rn:R05185"
        link="http://www.kegg.jp/dbget-bin/www_bget?K02586+K02591+K02588">
        <graphics name="K02586..." fgcolor="#000000" bgcolor="#FFFFFF"
             type="rectangle" x="786" y="705" width="46" height="17"/>
    </entry>
    <entry id="133" name="ko:K00531" type="ortholog" reaction="rn:R05185"
        link="http://www.kegg.jp/dbget-bin/www_bget?K00531">
        <graphics name="K00531" fgcolor="#000000" bgcolor="#FFFFFF"
             type="rectangle" x="786" y="722" width="46" height="17"/>
    </entry>
    <entry id="134" name="ko:K10944 ko:K10945 ko:K10946" type="ortholog" reaction="rn:R00148"
        link="http://www.kegg.jp/dbget-bin/www_bget?K10944+K10945+K10946">
        <graphics name="K10944..." fgcolor="#000000" bgcolor="#FFFFFF"
             type="rectangle" x="853" y="777" width="46" height="17"/>
    </entry>
    <entry id="135" name="ko:K10535" type="ortholog" reaction="rn:R10164"
        link="http://www.kegg.jp/dbget-bin/www_bget?K10535">
        <graphics name="K10535" fgcolor="#000000" bgcolor="#FFFFFF"
             type="rectangle" x="527" y="777" width="46" height="17"/>
    </entry>
    <entry id="137" name="cpd:C00244" type="compound"
        link="http://www.kegg.jp/dbget-bin/www_bget?C00244">
        <graphics name="C00244" fgcolor="#000000" bgcolor="#FFFFFF"
             type="circle" x="166" y="776" width="8" height="8"/>
    </entry>
    <entry id="138" name="ko:K00370 ko:K00371" type="ortholog" reaction="rn:R00798"
        link="http://www.kegg.jp/dbget-bin/www_bget?K00370+K00371">
        <graphics name="K00370..." fgcolor="#000000" bgcolor="#FFFFFF"
             type="rectangle" x="219" y="777" width="46" height="17"/>
    </entry>
    <entry id="140" name="cpd:C00014" type="compound"
        link="http://www.kegg.jp/dbget-bin/www_bget?C00014">
        <graphics name="C00014" fgcolor="#000000" bgcolor="#FFFFFF"
             type="circle" x="950" y="582" width="8" height="8"/>
    </entry>
    <entry id="141" name="cpd:C00192" type="compound"
        link="http://www.kegg.jp/dbget-bin/www_bget?C00192">
        <graphics name="C00192" fgcolor="#000000" bgcolor="#FFFFFF"
             type="circle" x="726" y="776" width="8" height="8"/>
    </entry>
    <entry id="142" name="cpd:C00014" type="compound"
        link="http://www.kegg.jp/dbget-bin/www_bget?C00014">
        <graphics name="C00014" fgcolor="#000000" bgcolor="#FFFFFF"
             type="circle" x="950" y="837" width="8" height="8"/>
    </entry>
    <entry id="143" name="cpd:C00697" type="compound"
        link="http://www.kegg.jp/dbget-bin/www_bget?C00697">
        <graphics name="C00697" fgcolor="#000000" bgcolor="#FFFFFF"
             type="circle" x="614" y="837" width="8" height="8"/>
    </entry>
    <entry id="145" name="cpd:C00088" type="compound"
        link="http://www.kegg.jp/dbget-bin/www_bget?C00088">
        <graphics name="C00088" fgcolor="#000000" bgcolor="#FFFFFF"
             type="circle" x="278" y="875" width="8" height="8"/>
    </entry>
    <entry id="146" name="cpd:C05361" type="compound"
        link="http://www.kegg.jp/dbget-bin/www_bget?C05361">
        <graphics name="C05361" fgcolor="#000000" bgcolor="#FFFFFF"
             type="circle" x="838" y="837" width="8" height="8"/>
    </entry>
    <entry id="148" name="cpd:C00533" type="compound"
        link="http://www.kegg.jp/dbget-bin/www_bget?C00533">
        <graphics name="C00533" fgcolor="#000000" bgcolor="#FFFFFF"
             type="circle" x="390" y="875" width="8" height="8"/>
    </entry>
    <entry id="149" name="ko:K15864" type="ortholog" reaction="rn:R00783 rn:R00785"
        link="http://www.kegg.jp/dbget-bin/www_bget?K15864">
        <graphics name="K15864" fgcolor="#000000" bgcolor="#FFFFFF"
             type="rectangle" x="330" y="886" width="46" height="17"/>
    </entry>
    <entry id="150" name="ko:K00368" type="ortholog" reaction="rn:R00783 rn:R00785"
        link="http://www.kegg.jp/dbget-bin/www_bget?K00368">
        <graphics name="K00368" fgcolor="#000000" bgcolor="#FFFFFF"
             type="rectangle" x="330" y="865" width="46" height="17"/>
    </entry>
    <entry id="151" name="ko:K00362 ko:K00363" type="ortholog" reaction="rn:R00787"
        link="http://www.kegg.jp/dbget-bin/www_bget?K00362+K00363">
        <graphics name="K00362..." fgcolor="#000000" bgcolor="#FFFFFF"
             type="rectangle" x="414" y="287" width="46" height="17"/>
    </entry>
    <entry id="152" name="ko:K17877" type="ortholog" reaction="rn:R00787 rn:R00789"
        link="http://www.kegg.jp/dbget-bin/www_bget?K17877">
        <graphics name="K17877" fgcolor="#000000" bgcolor="#FFFFFF"
             type="rectangle" x="556" y="572" width="46" height="17"/>
    </entry>
    <relation entry1="71" entry2="91" type="ECrel">
        <subtype name="compound" value="14"/>
    </relation>
    <relation entry1="71" entry2="81" type="ECrel">
        <subtype name="compound" value="14"/>
    </relation>
    <relation entry1="91" entry2="81" type="ECrel">
        <subtype name="compound" value="14"/>
    </relation>
    <relation entry1="54" entry2="55" type="maplink">
        <subtype name="compound" value="10"/>
    </relation>
    <relation entry1="71" entry2="72" type="maplink">
        <subtype name="compound" value="70"/>
    </relation>
    <relation entry1="91" entry2="88" type="maplink">
        <subtype name="compound" value="84"/>
    </relation>
    <reaction id="68" name="rn:R10092" type="irreversible">
        <substrate id="66" name="cpd:C00011"/>
        <product id="65" name="cpd:C00288"/>
    </reaction>
    <reaction id="71" name="rn:R00149" type="irreversible">
        <substrate id="14" name="cpd:C00014"/>
        <product id="70" name="cpd:C00169"/>
    </reaction>
    <reaction id="81" name="rn:R00253" type="irreversible">
        <substrate id="14" name="cpd:C00014"/>
        <product id="82" name="cpd:C00064"/>
    </reaction>
    <reaction id="91" name="rn:R00243 rn:R00248" type="reversible">
        <substrate id="84" name="cpd:C00025"/>
        <product id="14" name="cpd:C00014"/>
    </reaction>
</pathway>
