<?xml version="1.0"?>
<!DOCTYPE pathway SYSTEM "http://www.kegg.jp/kegg/xml/KGML_v0.7.1_.dtd">
<!-- Creation date: Jul 17, 2014 16:56:25 +0900 (GMT+09:00) -->
<pathway name="path:hsa00040" org="hsa" number="00040"
         title="Pentose and glucuronate interconversions"
         image="http://www.kegg.jp/kegg/pathway/hsa/hsa00040.png"
         link="http://www.kegg.jp/kegg-bin/show_pathway?hsa00040">
    <entry id="62" name="ko:K01184" type="ortholog" reaction="rn:R01982"
        link="http://www.kegg.jp/dbget-bin/www_bget?K01184">
        <graphics name="K01184" fgcolor="#000000" bgcolor="#FFFFFF"
             type="rectangle" x="505" y="197" width="46" height="17"/>
    </entry>
    <entry id="63" name="cpd:C14899" type="compound"
        link="http://www.kegg.jp/dbget-bin/www_bget?C14899">
        <graphics name="C14899" fgcolor="#000000" bgcolor="#FFFFFF"
             type="circle" x="738" y="545" width="8" height="8"/>
    </entry>
    <entry id="64" name="ko:K03081" type="ortholog" reaction="rn:R07125"
        link="http://www.kegg.jp/dbget-bin/www_bget?K03081">
        <graphics name="K03081" fgcolor="#000000" bgcolor="#FFFFFF"
             type="rectangle" x="738" y="588" width="46" height="17"/>
    </entry>
    <entry id="65" name="ko:K00880" type="ortholog" reaction="rn:R07127"
        link="http://www.kegg.jp/dbget-bin/www_bget?K00880">
        <graphics name="K00880" fgcolor="#000000" bgcolor="#FFFFFF"
             type="rectangle" x="703" y="512" width="46" height="17"/>
    </entry>
    <entry id="66" name="cpd:C03033" type="compound"
        link="http://www.kegg.jp/dbget-bin/www_bget?C03033">
        <graphics name="C03033" fgcolor="#000000" bgcolor="#FFFFFF"
             type="circle" x="454" y="419" width="8" height="8"/>
    </entry>
    <entry id="67" name="hsa:2990 hsa:9365" type="gene" reaction="rn:R01478"
        link="http://www.kegg.jp/dbget-bin/www_bget?hsa:2990+hsa:9365">
        <graphics name="GUSB, BG, MPS7..." fgcolor="#000000" bgcolor="#BFFFBF"
             type="rectangle" x="505" y="419" width="46" height="17"/>
    </entry>
    <entry id="68" name="ko:K01804" type="ortholog" reaction="rn:R01761"
        link="http://www.kegg.jp/dbget-bin/www_bget?K01804">
        <graphics name="K01804" fgcolor="#000000" bgcolor="#FFFFFF"
             type="rectangle" x="869" y="695" width="46" height="17"/>
    </entry>
    <entry id="70" name="ko:K00853" type="ortholog" reaction="rn:R02439"
        link="http://www.kegg.jp/dbget-bin/www_bget?K00853">
        <graphics name="K00853" fgcolor="#000000" bgcolor="#FFFFFF"
             type="rectangle" x="733" y="785" width="46" height="17"/>
    </entry>
    <entry id="71" name="ko:K00039" type="ortholog" reaction="rn:R01895"
        link="http://www.kegg.jp/dbget-bin/www_bget?K00039">
        <graphics name="K00039" fgcolor="#000000" bgcolor="#FFFFFF"
             type="rectangle" x="378" y="853" width="46" height="17"/>
    </entry>
    <entry id="72" name="ko:K00875" type="ortholog" reaction="rn:R01526"
        link="http://www.kegg.jp/dbget-bin/www_bget?K00875">
        <graphics name="K00875" fgcolor="#000000" bgcolor="#FFFFFF"
             type="rectangle" x="491" y="864" width="46" height="17"/>
    </entry>
    <entry id="73" name="ko:K00853" type="ortholog" reaction="rn:R01526"
        link="http://www.kegg.jp/dbget-bin/www_bget?K00853">
        <graphics name="K00853" fgcolor="#000000" bgcolor="#FFFFFF"
             type="rectangle" x="491" y="843" width="46" height="17"/>
    </entry>
    <entry id="74" name="hsa:6120 hsa:729020" type="gene" reaction="rn:R01529"
        link="http://www.kegg.jp/dbget-bin/www_bget?hsa:6120+hsa:729020">
        <graphics name="RPE, RPE2-1..." fgcolor="#000000" bgcolor="#BFFFBF"
             type="rectangle" x="540" y="805" width="46" height="17"/>
    </entry>
    <entry id="75" name="ko:K01786 ko:K03080" type="ortholog" reaction="rn:R05850"
        link="http://www.kegg.jp/dbget-bin/www_bget?K01786+K03080">
        <graphics name="K01786..." fgcolor="#000000" bgcolor="#FFFFFF"
             type="rectangle" x="597" y="786" width="46" height="17"/>
    </entry>
    <entry id="76" name="ko:K05352" type="ortholog" reaction="rn:R01524 rn:R01525"
        link="http://www.kegg.jp/dbget-bin/www_bget?K05352">
        <graphics name="K05352" fgcolor="#000000" bgcolor="#FFFFFF"
             type="rectangle" x="598" y="854" width="46" height="17"/>
    </entry>
    <entry id="78" name="ko:K03082" type="ortholog" reaction="rn:R03244"
        link="http://www.kegg.jp/dbget-bin/www_bget?K03082">
        <graphics name="K03082" fgcolor="#000000" bgcolor="#FFFFFF"
             type="rectangle" x="657" y="746" width="46" height="17"/>
    </entry>
    <entry id="79" name="ko:K00007" type="ortholog" reaction="rn:R05604"
        link="http://www.kegg.jp/dbget-bin/www_bget?K00007">
        <graphics name="K00007" fgcolor="#000000" bgcolor="#FFFFFF"
             type="rectangle" x="412" y="739" width="46" height="17"/>
    </entry>
    <entry id="80" name="hsa:9942" type="gene" reaction="rn:R01639"
        link="http://www.kegg.jp/dbget-bin/www_bget?hsa:9942">
        <graphics name="XYLB" fgcolor="#000000" bgcolor="#BFFFBF"
             type="rectangle" x="491" y="702" width="46" height="17"/>
    </entry>
    <entry id="83" name="ko:K14275" type="ortholog" reaction="rn:R02429"
        link="http://www.kegg.jp/dbget-bin/www_bget?K14275">
        <graphics name="K14275" fgcolor="#000000" bgcolor="#FFFFFF"
             type="rectangle" x="204" y="733" width="46" height="17"/>
    </entry>
    <entry id="84" name="ko:K00880" type="ortholog" reaction="rn:R01901"
        link="http://www.kegg.jp/dbget-bin/www_bget?K00880">
        <graphics name="K00880" fgcolor="#000000" bgcolor="#FFFFFF"
             type="rectangle" x="658" y="675" width="46" height="17"/>
    </entry>
    <entry id="85" name="ko:K01820" type="ortholog" reaction="rn:R01906"
        link="http://www.kegg.jp/dbget-bin/www_bget?K01820">
        <graphics name="K01820" fgcolor="#000000" bgcolor="#FFFFFF"
             type="rectangle" x="601" y="671" width="46" height="17"/>
    </entry>
    <entry id="86" name="ko:K05351" type="ortholog" reaction="rn:R01896"
        link="http://www.kegg.jp/dbget-bin/www_bget?K05351">
        <graphics name="K05351" fgcolor="#000000" bgcolor="#FFFFFF"
             type="rectangle" x="412" y="670" width="46" height="17"/>
    </entry>
    <entry id="87" name="ko:K01805" type="ortholog" reaction="rn:R01432"
        link="http://www.kegg.jp/dbget-bin/www_bget?K01805">
        <graphics name="K01805" fgcolor="#000000" bgcolor="#FFFFFF"
             type="rectangle" x="337" y="674" width="46" height="17"/>
    </entry>
    <entry id="88" name="ko:K14274" type="ortholog" reaction="rn:R02427"
        link="http://www.kegg.jp/dbget-bin/www_bget?K14274">
        <graphics name="K14274" fgcolor="#000000" bgcolor="#FFFFFF"
             type="rectangle" x="204" y="671" width="46" height="17"/>
    </entry>
    <entry id="89" name="hsa:231 hsa:57016" type="gene" reaction="rn:R01758 rn:R01759"
        link="http://www.kegg.jp/dbget-bin/www_bget?hsa:231+hsa:57016">
        <graphics name="AKR1B1, ADR, ALDR1, ALR2, AR..." fgcolor="#000000" bgcolor="#BFFFBF"
             type="rectangle" x="816" y="640" width="46" height="17"/>
    </entry>
    <entry id="91" name="hsa:51181" type="gene" reaction="rn:R01904"
        link="http://www.kegg.jp/dbget-bin/www_bget?hsa:51181">
        <graphics name="DCXR, DCR, HCR2, HCRII, KIDCR, P34H, PNTSU, SDR20C1, XR" fgcolor="#000000" bgcolor="#BFFFBF"
             type="rectangle" x="520" y="646" width="46" height="17"/>
    </entry>
    <entry id="92" name="hsa:231 hsa:57016" type="gene" reaction="rn:R01431"
        link="http://www.kegg.jp/dbget-bin/www_bget?hsa:231+hsa:57016">
        <graphics name="AKR1B1, ADR, ALDR1, ALR2, AR..." fgcolor="#000000" bgcolor="#BFFFBF"
             type="rectangle" x="388" y="639" width="46" height="17"/>
    </entry>
    <entry id="93" name="ko:K14273" type="ortholog" reaction="rn:R01429"
        link="http://www.kegg.jp/dbget-bin/www_bget?K14273">
        <graphics name="K14273" fgcolor="#000000" bgcolor="#FFFFFF"
             type="rectangle" x="255" y="629" width="46" height="17"/>
    </entry>
    <entry id="95" name="hsa:51084" type="gene" reaction="rn:R02640"
        link="http://www.kegg.jp/dbget-bin/www_bget?hsa:51084">
        <graphics name="CRYL1, GDH, HEL30, lambda-CRY" fgcolor="#000000" bgcolor="#BFFFBF"
             type="rectangle" x="663" y="417" width="46" height="17"/>
    </entry>
    <entry id="96" name="hsa:7360" type="gene" reaction="rn:R00289"
        link="http://www.kegg.jp/dbget-bin/www_bget?hsa:7360">
        <graphics name="UGP2, UDPG, UDPGP, UDPGP2, UGP1, UGPP1, UGPP2, pHC379" fgcolor="#000000" bgcolor="#BFFFBF"
             type="rectangle" x="350" y="503" width="46" height="17"/>
    </entry>
    <entry id="97" name="hsa:10720 hsa:10941 hsa:54490 hsa:54575 hsa:54576 hsa:54577 hsa:54578 hsa:54579 hsa:54600 hsa:54657 hsa:54658 hsa:54659 hsa:574537 hsa:7363 hsa:7364 hsa:7365 hsa:7366 hsa:7367 hsa:79799" type="gene" reaction="rn:R01383"
        link="http://www.kegg.jp/dbget-bin/www_bget?hsa:10720+hsa:10941+hsa:54490+hsa:54575+hsa:54576+hsa:54577+hsa:54578+hsa:54579+hsa:54600+hsa:54657+hsa:54658+hsa:54659+hsa:574537+hsa:7363+hsa:7364+hsa:7365+hsa:7366+hsa:7367+hsa:79799">
        <graphics name="UGT2B11..." fgcolor="#000000" bgcolor="#BFFFBF"
             type="rectangle" x="401" y="419" width="46" height="17"/>
    </entry>
    <entry id="98" name="hsa:7358" type="gene" reaction="rn:R00286"
        link="http://www.kegg.jp/dbget-bin/www_bget?hsa:7358">
        <graphics name="UGDH, GDH, UDP-GlcDH, UDPGDH, UGD" fgcolor="#000000" bgcolor="#BFFFBF"
             type="rectangle" x="350" y="437" width="46" height="17"/>
    </entry>
    <entry id="100" name="ko:K16190" type="ortholog" reaction="rn:R01476"
        link="http://www.kegg.jp/dbget-bin/www_bget?K16190">
        <graphics name="K16190" fgcolor="#000000" bgcolor="#FFFFFF"
             type="rectangle" x="504" y="386" width="46" height="17"/>
    </entry>
    <entry id="101" name="ko:K12447" type="ortholog" reaction="rn:R01381"
        link="http://www.kegg.jp/dbget-bin/www_bget?K12447">
        <graphics name="K12447" fgcolor="#000000" bgcolor="#FFFFFF"
             type="rectangle" x="401" y="396" width="46" height="17"/>
    </entry>
    <entry id="102" name="ko:K01812" type="ortholog" reaction="rn:R01482"
        link="http://www.kegg.jp/dbget-bin/www_bget?K01812">
        <graphics name="K01812" fgcolor="#000000" bgcolor="#FFFFFF"
             type="rectangle" x="506" y="346" width="46" height="17"/>
    </entry>
    <entry id="103" name="ko:K00040" type="ortholog" reaction="rn:R02454"
        link="http://www.kegg.jp/dbget-bin/www_bget?K00040">
        <graphics name="K00040" fgcolor="#000000" bgcolor="#FFFFFF"
             type="rectangle" x="389" y="346" width="46" height="17"/>
    </entry>
    <entry id="104" name="ko:K01686" type="ortholog" reaction="rn:R05606"
        link="http://www.kegg.jp/dbget-bin/www_bget?K01686">
        <graphics name="K01686" fgcolor="#000000" bgcolor="#FFFFFF"
             type="rectangle" x="246" y="346" width="46" height="17"/>
    </entry>
    <entry id="105" name="ko:K01685 ko:K16849 ko:K16850" type="ortholog" reaction="rn:R01540"
        link="http://www.kegg.jp/dbget-bin/www_bget?K01685+K16849+K16850">
        <graphics name="K01685..." fgcolor="#000000" bgcolor="#FFFFFF"
             type="rectangle" x="169" y="294" width="46" height="17"/>
    </entry>
    <entry id="106" name="ko:K01812" type="ortholog" reaction="rn:R01983"
        link="http://www.kegg.jp/dbget-bin/www_bget?K01812">
        <graphics name="K01812" fgcolor="#000000" bgcolor="#FFFFFF"
             type="rectangle" x="389" y="251" width="46" height="17"/>
    </entry>
    <entry id="107" name="ko:K00041" type="ortholog" reaction="rn:R02555"
        link="http://www.kegg.jp/dbget-bin/www_bget?K00041">
        <graphics name="K00041" fgcolor="#000000" bgcolor="#FFFFFF"
             type="rectangle" x="246" y="251" width="46" height="17"/>
    </entry>
    <entry id="108" name="path:hsa00010" type="map"
        link="http://www.kegg.jp/dbget-bin/www_bget?hsa00010">
        <graphics name="Glycolysis / Gluconeogenesis" fgcolor="#000000" bgcolor="#FFFFFF"
             type="roundrectangle" x="261" y="528" width="73" height="25"/>
    </entry>
    <entry id="109" name="path:hsa00562" type="map"
        link="http://www.kegg.jp/dbget-bin/www_bget?hsa00562">
        <graphics name="Inositol phosphate metabolism" fgcolor="#000000" bgcolor="#FFFFFF"
             type="roundrectangle" x="560" y="499" width="107" height="34"/>
    </entry>
    <entry id="110" name="path:hsa00053" type="map"
        link="http://www.kegg.jp/dbget-bin/www_bget?hsa00053">
        <graphics name="Ascorbate and aldarate metabolism" fgcolor="#000000" bgcolor="#FFFFFF"
             type="roundrectangle" x="868" y="309" width="122" height="34"/>
    </entry>
    <entry id="111" name="path:hsa00040" type="map"
        link="http://www.kegg.jp/dbget-bin/www_bget?hsa00040">
        <graphics name="TITLE:Pentose and glucuronate interconversions" fgcolor="#000000" bgcolor="#FFFFFF"
             type="roundrectangle" x="229" y="58" width="378" height="25"/>
    </entry>
    <entry id="112" name="path:hsa00030" type="map"
        link="http://www.kegg.jp/dbget-bin/www_bget?hsa00030">
        <graphics name="Pentose phosphate pathway" fgcolor="#000000" bgcolor="#FFFFFF"
             type="roundrectangle" x="542" y="911" width="155" height="25"/>
    </entry>
    <entry id="113" name="path:hsa00052" type="map"
        link="http://www.kegg.jp/dbget-bin/www_bget?hsa00052">
        <graphics name="Galactose metabolism" fgcolor="#000000" bgcolor="#FFFFFF"
             type="roundrectangle" x="259" y="471" width="76" height="34"/>
    </entry>
    <entry id="114" name="path:hsa00520" type="map"
        link="http://www.kegg.jp/dbget-bin/www_bget?hsa00520">
        <graphics name="Amino sugar and nucleotide sugar metabolism" fgcolor="#000000" bgcolor="#FFFFFF"
             type="roundrectangle" x="973" y="353" width="154" height="35"/>
    </entry>
    <entry id="115" name="path:hsa00500" type="map"
        link="http://www.kegg.jp/dbget-bin/www_bget?hsa00500">
        <graphics name="Starch and sucrose metabolism" fgcolor="#000000" bgcolor="#FFFFFF"
             type="roundrectangle" x="336" y="573" width="110" height="34"/>
    </entry>
    <entry id="116" name="path:hsa00740" type="map"
        link="http://www.kegg.jp/dbget-bin/www_bget?hsa00740">
        <graphics name="Riboflavin metabolism" fgcolor="#000000" bgcolor="#FFFFFF"
             type="roundrectangle" x="214" y="854" width="78" height="34"/>
    </entry>
    <entry id="119" name="ko:K08092" type="ortholog" reaction="rn:R02637 rn:R02639"
        link="http://www.kegg.jp/dbget-bin/www_bget?K08092">
        <graphics name="K08092" fgcolor="#000000" bgcolor="#FFFFFF"
             type="rectangle" x="705" y="445" width="46" height="17"/>
    </entry>
    <entry id="120" name="ko:K01213" type="ortholog" reaction="rn:R07413"
        link="http://www.kegg.jp/dbget-bin/www_bget?K01213">
        <graphics name="K01213" fgcolor="#000000" bgcolor="#FFFFFF"
             type="rectangle" x="453" y="221" width="46" height="17"/>
    </entry>
    <entry id="121" name="ko:K01184" type="ortholog" reaction="rn:R02360"
        link="http://www.kegg.jp/dbget-bin/www_bget?K01184">
        <graphics name="K01184" fgcolor="#000000" bgcolor="#FFFFFF"
             type="rectangle" x="453" y="170" width="46" height="17"/>
    </entry>
    <entry id="122" name="ko:K01051" type="ortholog" reaction="rn:R02362"
        link="http://www.kegg.jp/dbget-bin/www_bget?K01051">
        <graphics name="K01051" fgcolor="#000000" bgcolor="#FFFFFF"
             type="rectangle" x="452" y="118" width="46" height="17"/>
    </entry>
    <entry id="123" name="ko:K01728" type="ortholog" reaction="rn:R02361"
        link="http://www.kegg.jp/dbget-bin/www_bget?K01728">
        <graphics name="K01728" fgcolor="#000000" bgcolor="#FFFFFF"
             type="rectangle" x="389" y="138" width="46" height="17"/>
    </entry>
    <entry id="124" name="ko:K01730" type="ortholog" reaction="rn:R04382"
        link="http://www.kegg.jp/dbget-bin/www_bget?K01730">
        <graphics name="K01730" fgcolor="#000000" bgcolor="#FFFFFF"
             type="rectangle" x="323" y="170" width="46" height="17"/>
    </entry>
    <entry id="125" name="ko:K01815" type="ortholog" reaction="rn:R04383"
        link="http://www.kegg.jp/dbget-bin/www_bget?K01815">
        <graphics name="K01815" fgcolor="#000000" bgcolor="#FFFFFF"
             type="rectangle" x="203" y="199" width="46" height="17"/>
    </entry>
    <entry id="126" name="ko:K00065" type="ortholog" reaction="rn:R01542"
        link="http://www.kegg.jp/dbget-bin/www_bget?K00065">
        <graphics name="K00065" fgcolor="#000000" bgcolor="#FFFFFF"
             type="rectangle" x="113" y="294" width="46" height="17"/>
    </entry>
    <entry id="128" name="ko:K00848" type="ortholog" reaction="rn:R01902"
        link="http://www.kegg.jp/dbget-bin/www_bget?K00848">
        <graphics name="K00848" fgcolor="#000000" bgcolor="#FFFFFF"
             type="rectangle" x="620" y="583" width="46" height="17"/>
    </entry>
    <entry id="129" name="ko:K01629" type="ortholog" reaction="rn:R01785"
        link="http://www.kegg.jp/dbget-bin/www_bget?K01629">
        <graphics name="K01629" fgcolor="#000000" bgcolor="#FFFFFF"
             type="rectangle" x="527" y="583" width="46" height="17"/>
    </entry>
    <entry id="130" name="cpd:C00817" type="compound"
        link="http://www.kegg.jp/dbget-bin/www_bget?C00817">
        <graphics name="C00817" fgcolor="#000000" bgcolor="#FFFFFF"
             type="circle" x="168" y="250" width="8" height="8"/>
    </entry>
    <entry id="131" name="cpd:C00103" type="compound"
        link="http://www.kegg.jp/dbget-bin/www_bget?C00103">
        <graphics name="C00103" fgcolor="#000000" bgcolor="#FFFFFF"
             type="circle" x="349" y="528" width="8" height="8"/>
    </entry>
    <entry id="132" name="cpd:C00905" type="compound"
        link="http://www.kegg.jp/dbget-bin/www_bget?C00905">
        <graphics name="C00905" fgcolor="#000000" bgcolor="#FFFFFF"
             type="circle" x="452" y="345" width="8" height="8"/>
    </entry>
    <entry id="133" name="cpd:C00514" type="compound"
        link="http://www.kegg.jp/dbget-bin/www_bget?C00514">
        <graphics name="C00514" fgcolor="#000000" bgcolor="#FFFFFF"
             type="circle" x="323" y="345" width="8" height="8"/>
    </entry>
    <entry id="134" name="cpd:C00558" type="compound"
        link="http://www.kegg.jp/dbget-bin/www_bget?C00558">
        <graphics name="C00558" fgcolor="#000000" bgcolor="#FFFFFF"
             type="circle" x="323" y="250" width="8" height="8"/>
    </entry>
    <entry id="135" name="cpd:C00800" type="compound"
        link="http://www.kegg.jp/dbget-bin/www_bget?C00800">
        <graphics name="C00800" fgcolor="#000000" bgcolor="#FFFFFF"
             type="circle" x="662" y="386" width="8" height="8"/>
    </entry>
    <entry id="136" name="cpd:C05385" type="compound"
        link="http://www.kegg.jp/dbget-bin/www_bget?C05385">
        <graphics name="C05385" fgcolor="#000000" bgcolor="#FFFFFF"
             type="circle" x="454" y="385" width="8" height="8"/>
    </entry>
    <entry id="137" name="cpd:C00167" type="compound"
        link="http://www.kegg.jp/dbget-bin/www_bget?C00167">
        <graphics name="C00167" fgcolor="#000000" bgcolor="#FFFFFF"
             type="circle" x="353" y="385" width="8" height="8"/>
    </entry>
    <entry id="138" name="cpd:C00029" type="compound"
        link="http://www.kegg.jp/dbget-bin/www_bget?C00029">
        <graphics name="C00029" fgcolor="#000000" bgcolor="#FFFFFF"
             type="circle" x="349" y="471" width="8" height="8"/>
    </entry>
    <entry id="139" name="cpd:C00312" type="compound"
        link="http://www.kegg.jp/dbget-bin/www_bget?C00312">
        <graphics name="C00312" fgcolor="#000000" bgcolor="#FFFFFF"
             type="circle" x="657" y="639" width="8" height="8"/>
    </entry>
    <entry id="140" name="cpd:C02266" type="compound"
        link="http://www.kegg.jp/dbget-bin/www_bget?C02266">
        <graphics name="C02266" fgcolor="#000000" bgcolor="#FFFFFF"
             type="circle" x="204" y="639" width="8" height="8"/>
    </entry>
    <entry id="141" name="cpd:C00379" type="compound"
        link="http://www.kegg.jp/dbget-bin/www_bget?C00379">
        <graphics name="C00379" fgcolor="#000000" bgcolor="#FFFFFF"
             type="circle" x="437" y="639" width="8" height="8"/>
    </entry>
    <entry id="142" name="cpd:C00181" type="compound"
        link="http://www.kegg.jp/dbget-bin/www_bget?C00181">
        <graphics name="C00181" fgcolor="#000000" bgcolor="#FFFFFF"
             type="circle" x="336" y="639" width="8" height="8"/>
    </entry>
    <entry id="143" name="cpd:C01068" type="compound"
        link="http://www.kegg.jp/dbget-bin/www_bget?C01068">
        <graphics name="C01068" fgcolor="#000000" bgcolor="#FFFFFF"
             type="circle" x="653" y="853" width="8" height="8"/>
    </entry>
    <entry id="144" name="cpd:C00789" type="compound"
        link="http://www.kegg.jp/dbget-bin/www_bget?C00789">
        <graphics name="C00789" fgcolor="#000000" bgcolor="#FFFFFF"
             type="circle" x="759" y="853" width="8" height="8"/>
    </entry>
    <entry id="145" name="cpd:C00022" type="compound"
        link="http://www.kegg.jp/dbget-bin/www_bget?C00022">
        <graphics name="C00022" fgcolor="#000000" bgcolor="#FFFFFF"
             type="circle" x="204" y="825" width="8" height="8"/>
    </entry>
    <entry id="146" name="cpd:C03826" type="compound"
        link="http://www.kegg.jp/dbget-bin/www_bget?C03826">
        <graphics name="C03826" fgcolor="#000000" bgcolor="#FFFFFF"
             type="circle" x="204" y="763" width="8" height="8"/>
    </entry>
    <entry id="147" name="cpd:C00502" type="compound"
        link="http://www.kegg.jp/dbget-bin/www_bget?C00502">
        <graphics name="C00502" fgcolor="#000000" bgcolor="#FFFFFF"
             type="circle" x="204" y="701" width="8" height="8"/>
    </entry>
    <entry id="148" name="cpd:C00309" type="compound"
        link="http://www.kegg.jp/dbget-bin/www_bget?C00309">
        <graphics name="C00309" fgcolor="#000000" bgcolor="#FFFFFF"
             type="circle" x="437" y="853" width="8" height="8"/>
    </entry>
    <entry id="149" name="cpd:C00474" type="compound"
        link="http://www.kegg.jp/dbget-bin/www_bget?C00474">
        <graphics name="C00474" fgcolor="#000000" bgcolor="#FFFFFF"
             type="circle" x="318" y="853" width="8" height="8"/>
    </entry>
    <entry id="150" name="cpd:C00231" type="compound"
        link="http://www.kegg.jp/dbget-bin/www_bget?C00231">
        <graphics name="C00231" fgcolor="#000000" bgcolor="#FFFFFF"
             type="circle" x="541" y="702" width="8" height="8"/>
    </entry>
    <entry id="151" name="cpd:C00310" type="compound"
        link="http://www.kegg.jp/dbget-bin/www_bget?C00310">
        <graphics name="C00310" fgcolor="#000000" bgcolor="#FFFFFF"
             type="circle" x="437" y="701" width="8" height="8"/>
    </entry>
    <entry id="152" name="cpd:C00199" type="compound"
        link="http://www.kegg.jp/dbget-bin/www_bget?C00199">
        <graphics name="C00199" fgcolor="#000000" bgcolor="#FFFFFF"
             type="circle" x="541" y="853" width="8" height="8"/>
    </entry>
    <entry id="153" name="cpd:C00476" type="compound"
        link="http://www.kegg.jp/dbget-bin/www_bget?C00476">
        <graphics name="C00476" fgcolor="#000000" bgcolor="#FFFFFF"
             type="circle" x="337" y="784" width="8" height="8"/>
    </entry>
    <entry id="154" name="cpd:C00508" type="compound"
        link="http://www.kegg.jp/dbget-bin/www_bget?C00508">
        <graphics name="C00508" fgcolor="#000000" bgcolor="#FFFFFF"
             type="circle" x="869" y="784" width="8" height="8"/>
    </entry>
    <entry id="155" name="cpd:C00532" type="compound"
        link="http://www.kegg.jp/dbget-bin/www_bget?C00532">
        <graphics name="C00532" fgcolor="#000000" bgcolor="#FFFFFF"
             type="circle" x="763" y="639" width="8" height="8"/>
    </entry>
    <entry id="156" name="cpd:C03291" type="compound"
        link="http://www.kegg.jp/dbget-bin/www_bget?C03291">
        <graphics name="C03291" fgcolor="#000000" bgcolor="#FFFFFF"
             type="circle" x="657" y="707" width="8" height="8"/>
    </entry>
    <entry id="157" name="cpd:C01508" type="compound"
        link="http://www.kegg.jp/dbget-bin/www_bget?C01508">
        <graphics name="C01508" fgcolor="#000000" bgcolor="#FFFFFF"
             type="circle" x="601" y="710" width="8" height="8"/>
    </entry>
    <entry id="158" name="cpd:C01101" type="compound"
        link="http://www.kegg.jp/dbget-bin/www_bget?C01101">
        <graphics name="C01101" fgcolor="#000000" bgcolor="#FFFFFF"
             type="circle" x="657" y="784" width="8" height="8"/>
    </entry>
    <entry id="159" name="cpd:C00259" type="compound"
        link="http://www.kegg.jp/dbget-bin/www_bget?C00259">
        <graphics name="C00259" fgcolor="#000000" bgcolor="#FFFFFF"
             type="circle" x="869" y="639" width="8" height="8"/>
    </entry>
    <entry id="160" name="cpd:C01904" type="compound"
        link="http://www.kegg.jp/dbget-bin/www_bget?C01904">
        <graphics name="C01904" fgcolor="#000000" bgcolor="#FFFFFF"
             type="circle" x="437" y="778" width="8" height="8"/>
    </entry>
    <entry id="161" name="cpd:C00618" type="compound"
        link="http://www.kegg.jp/dbget-bin/www_bget?C00618">
        <graphics name="C00618" fgcolor="#000000" bgcolor="#FFFFFF"
             type="circle" x="662" y="445" width="8" height="8"/>
    </entry>
    <entry id="162" name="cpd:C00714" type="compound"
        link="http://www.kegg.jp/dbget-bin/www_bget?C00714">
        <graphics name="C00714" fgcolor="#000000" bgcolor="#FFFFFF"
             type="circle" x="452" y="96" width="8" height="8"/>
    </entry>
    <entry id="163" name="cpd:C00470" type="compound"
        link="http://www.kegg.jp/dbget-bin/www_bget?C00470">
        <graphics name="C00470" fgcolor="#000000" bgcolor="#FFFFFF"
             type="circle" x="452" y="148" width="8" height="8"/>
    </entry>
    <entry id="164" name="cpd:C02273" type="compound"
        link="http://www.kegg.jp/dbget-bin/www_bget?C02273">
        <graphics name="C02273" fgcolor="#000000" bgcolor="#FFFFFF"
             type="circle" x="452" y="199" width="8" height="8"/>
    </entry>
    <entry id="165" name="cpd:C06118" type="compound"
        link="http://www.kegg.jp/dbget-bin/www_bget?C06118">
        <graphics name="C06118" fgcolor="#000000" bgcolor="#FFFFFF"
             type="circle" x="323" y="148" width="8" height="8"/>
    </entry>
    <entry id="166" name="cpd:C04053" type="compound"
        link="http://www.kegg.jp/dbget-bin/www_bget?C04053">
        <graphics name="C04053" fgcolor="#000000" bgcolor="#FFFFFF"
             type="circle" x="323" y="199" width="8" height="8"/>
    </entry>
    <entry id="167" name="cpd:C04349" type="compound"
        link="http://www.kegg.jp/dbget-bin/www_bget?C04349">
        <graphics name="C04349" fgcolor="#000000" bgcolor="#FFFFFF"
             type="circle" x="88" y="199" width="8" height="8"/>
    </entry>
    <entry id="168" name="cpd:C05411" type="compound"
        link="http://www.kegg.jp/dbget-bin/www_bget?C05411">
        <graphics name="C05411" fgcolor="#000000" bgcolor="#FFFFFF"
             type="circle" x="831" y="445" width="8" height="8"/>
    </entry>
    <entry id="169" name="cpd:C04575" type="compound"
        link="http://www.kegg.jp/dbget-bin/www_bget?C04575">
        <graphics name="C04575" fgcolor="#000000" bgcolor="#FFFFFF"
             type="circle" x="749" y="445" width="8" height="8"/>
    </entry>
    <entry id="170" name="cpd:C05412" type="compound"
        link="http://www.kegg.jp/dbget-bin/www_bget?C05412">
        <graphics name="C05412" fgcolor="#000000" bgcolor="#FFFFFF"
             type="circle" x="749" y="386" width="8" height="8"/>
    </entry>
    <entry id="171" name="cpd:C06441" type="compound"
        link="http://www.kegg.jp/dbget-bin/www_bget?C06441">
        <graphics name="C06441" fgcolor="#000000" bgcolor="#FFFFFF"
             type="circle" x="574" y="582" width="8" height="8"/>
    </entry>
    <entry id="172" name="cpd:C00266" type="compound"
        link="http://www.kegg.jp/dbget-bin/www_bget?C00266">
        <graphics name="C00266" fgcolor="#000000" bgcolor="#FFFFFF"
             type="circle" x="495" y="551" width="8" height="8"/>
    </entry>
    <entry id="173" name="cpd:C00111" type="compound"
        link="http://www.kegg.jp/dbget-bin/www_bget?C00111">
        <graphics name="C00111" fgcolor="#000000" bgcolor="#FFFFFF"
             type="circle" x="477" y="582" width="8" height="8"/>
    </entry>
    <entry id="176" name="ko:K01731" type="ortholog" reaction="rn:R02361"
        link="http://www.kegg.jp/dbget-bin/www_bget?K01731">
        <graphics name="K01731" fgcolor="#000000" bgcolor="#FFFFFF"
             type="rectangle" x="389" y="159" width="46" height="17"/>
    </entry>
    <entry id="177" name="hsa:27294" type="gene" reaction="rn:R01430"
        link="http://www.kegg.jp/dbget-bin/www_bget?hsa:27294">
        <graphics name="DHDH, 2DD, HUM2DD" fgcolor="#000000" bgcolor="#BFFFBF"
             type="rectangle" x="255" y="650" width="46" height="17"/>
    </entry>
    <entry id="179" name="cpd:C00433" type="compound"
        link="http://www.kegg.jp/dbget-bin/www_bget?C00433">
        <graphics name="C00433" fgcolor="#000000" bgcolor="#FFFFFF"
             type="circle" x="133" y="763" width="8" height="8"/>
    </entry>
    <entry id="180" name="ko:K14259" type="ortholog" reaction="rn:R09186"
        link="http://www.kegg.jp/dbget-bin/www_bget?K14259">
        <graphics name="K14259" fgcolor="#000000" bgcolor="#FFFFFF"
             type="rectangle" x="174" y="763" width="46" height="17"/>
    </entry>
    <entry id="182" name="hsa:217 hsa:219 hsa:224" type="gene" reaction="rn:R00264"
        link="http://www.kegg.jp/dbget-bin/www_bget?hsa:217+hsa:219+hsa:224">
        <graphics name="ALDH2, ALDH-E2, ALDHI, ALDM..." fgcolor="#000000" bgcolor="#BFFFBF"
             type="rectangle" x="102" y="763" width="46" height="17"/>
    </entry>
    <entry id="183" name="cpd:C00026" type="compound"
        link="http://www.kegg.jp/dbget-bin/www_bget?C00026">
        <graphics name="C00026" fgcolor="#000000" bgcolor="#FFFFFF"
             type="circle" x="60" y="763" width="8" height="8"/>
    </entry>
    <entry id="184" name="cpd:C00204" type="compound"
        link="http://www.kegg.jp/dbget-bin/www_bget?C00204">
        <graphics name="C00204" fgcolor="#000000" bgcolor="#FFFFFF"
             type="circle" x="168" y="345" width="8" height="8"/>
    </entry>
    <entry id="186" name="path:hsa00030" type="map"
        link="http://www.kegg.jp/dbget-bin/www_bget?hsa00030">
        <graphics name="Pentose phosphate pathway" fgcolor="#000000" bgcolor="#FFFFFF"
             type="roundrectangle" x="168" y="425" width="110" height="34"/>
    </entry>
    <entry id="188" name="ko:K17738" type="ortholog" reaction="rn:R07134"
        link="http://www.kegg.jp/dbget-bin/www_bget?K17738">
        <graphics name="K17738" fgcolor="#000000" bgcolor="#FFFFFF"
             type="rectangle" x="412" y="817" width="46" height="17"/>
    </entry>
    <entry id="189" name="ko:K17818" type="ortholog" reaction="rn:R07143"
        link="http://www.kegg.jp/dbget-bin/www_bget?K17818">
        <graphics name="K17818" fgcolor="#000000" bgcolor="#FFFFFF"
             type="rectangle" x="462" y="739" width="46" height="17"/>
    </entry>
    <entry id="190" name="ko:K17818" type="ortholog" reaction="rn:R07144"
        link="http://www.kegg.jp/dbget-bin/www_bget?K17818">
        <graphics name="K17818" fgcolor="#000000" bgcolor="#FFFFFF"
             type="rectangle" x="462" y="817" width="46" height="17"/>
    </entry>
    <entry id="191" name="ko:K18107" type="ortholog" reaction="rn:R10563"
        link="http://www.kegg.jp/dbget-bin/www_bget?K18107">
        <graphics name="K18107" fgcolor="#000000" bgcolor="#FFFFFF"
             type="rectangle" x="833" y="251" width="46" height="17"/>
    </entry>
    <entry id="192" name="cpd:C00116" type="compound"
        link="http://www.kegg.jp/dbget-bin/www_bget?C00116">
        <graphics name="C00116" fgcolor="#000000" bgcolor="none"
             type="circle" x="0" y="0" width="0" height="0"/>
    </entry>
    <entry id="193" name="ko:K18102" type="ortholog" reaction="rn:R10532"
        link="http://www.kegg.jp/dbget-bin/www_bget?K18102">
        <graphics name="K18102" fgcolor="#000000" bgcolor="#FFFFFF"
             type="rectangle" x="646" y="251" width="46" height="17"/>
    </entry>
    <entry id="194" name="ko:K18103" type="ortholog" reaction="rn:R10550"
        link="http://www.kegg.jp/dbget-bin/www_bget?K18103">
        <graphics name="K18103" fgcolor="#000000" bgcolor="#FFFFFF"
             type="rectangle" x="739" y="251" width="46" height="17"/>
    </entry>
    <entry id="195" name="path:hsa00561" type="map"
        link="http://www.kegg.jp/dbget-bin/www_bget?hsa00561">
        <graphics name="Glycerolipid metabolism" fgcolor="#000000" bgcolor="#FFFFFF"
             type="roundrectangle" x="993" y="251" width="88" height="34"/>
    </entry>
    <entry id="196" name="cpd:C00116" type="compound"
        link="http://www.kegg.jp/dbget-bin/www_bget?C00116">
        <graphics name="C00116" fgcolor="#000000" bgcolor="#FFFFFF"
             type="circle" x="884" y="250" width="8" height="8"/>
    </entry>
    <entry id="197" name="ko:K18106" type="ortholog" reaction="rn:R07676 rn:R10565"
        link="http://www.kegg.jp/dbget-bin/www_bget?K18106">
        <graphics name="K18106" fgcolor="#000000" bgcolor="#FFFFFF"
             type="rectangle" x="551" y="251" width="46" height="17"/>
    </entry>
    <entry id="198" name="cpd:C00333" type="compound"
        link="http://www.kegg.jp/dbget-bin/www_bget?C00333">
        <graphics name="C00333" fgcolor="#000000" bgcolor="#FFFFFF"
             type="circle" x="452" y="250" width="8" height="8"/>
    </entry>
    <entry id="199" name="cpd:C15930" type="compound"
        link="http://www.kegg.jp/dbget-bin/www_bget?C15930">
        <graphics name="C15930" fgcolor="#000000" bgcolor="#FFFFFF"
             type="circle" x="604" y="250" width="8" height="8"/>
    </entry>
    <entry id="200" name="cpd:C20680" type="compound"
        link="http://www.kegg.jp/dbget-bin/www_bget?C20680">
        <graphics name="C20680" fgcolor="#000000" bgcolor="#FFFFFF"
             type="circle" x="698" y="250" width="8" height="8"/>
    </entry>
    <entry id="201" name="cpd:C02426" type="compound"
        link="http://www.kegg.jp/dbget-bin/www_bget?C02426">
        <graphics name="C02426" fgcolor="#000000" bgcolor="#FFFFFF"
             type="circle" x="791" y="250" width="8" height="8"/>
    </entry>
    <entry id="202" name="ko:K17743" type="ortholog" reaction="rn:R01431 rn:R09477"
        link="http://www.kegg.jp/dbget-bin/www_bget?K17743">
        <graphics name="K17743" fgcolor="#000000" bgcolor="#FFFFFF"
             type="rectangle" x="388" y="610" width="46" height="17"/>
    </entry>
    <entry id="203" name="hsa:6652" type="gene" reaction="rn:R01896"
        link="http://www.kegg.jp/dbget-bin/www_bget?hsa:6652">
        <graphics name="SORD, HEL-S-95n, SORD1" fgcolor="#000000" bgcolor="#BFFFBF"
             type="rectangle" x="462" y="670" width="46" height="17"/>
    </entry>
    <entry id="204" name="hsa:10327" type="gene" reaction="rn:R01481"
        link="http://www.kegg.jp/dbget-bin/www_bget?hsa:10327">
        <graphics name="AKR1A1, ALDR1, ALR, ARM, DD3, HEL-S-6" fgcolor="#000000" bgcolor="#BFFFBF"
             type="rectangle" x="607" y="375" width="46" height="17"/>
    </entry>
    <entry id="205" name="cpd:C00191" type="compound"
        link="http://www.kegg.jp/dbget-bin/www_bget?C00191">
        <graphics name="C00191" fgcolor="#000000" bgcolor="#FFFFFF"
             type="circle" x="555" y="385" width="8" height="8"/>
    </entry>
    <relation entry1="67" entry2="97" type="ECrel">
        <subtype name="compound" value="66"/>
    </relation>
    <relation entry1="97" entry2="98" type="ECrel">
        <subtype name="compound" value="137"/>
    </relation>
    <relation entry1="96" entry2="98" type="ECrel">
        <subtype name="compound" value="138"/>
    </relation>
    <relation entry1="74" entry2="80" type="ECrel">
        <subtype name="compound" value="150"/>
    </relation>
    <relation entry1="91" entry2="92" type="ECrel">
        <subtype name="compound" value="141"/>
    </relation>
    <relation entry1="67" entry2="109" type="maplink">
        <subtype name="compound" value="205"/>
    </relation>
    <relation entry1="67" entry2="110" type="maplink">
        <subtype name="compound" value="205"/>
    </relation>
    <relation entry1="109" entry2="110" type="maplink">
        <subtype name="compound" value="205"/>
    </relation>
    <relation entry1="98" entry2="113" type="maplink">
        <subtype name="compound" value="138"/>
    </relation>
    <relation entry1="96" entry2="113" type="maplink">
        <subtype name="compound" value="138"/>
    </relation>
    <relation entry1="96" entry2="108" type="maplink">
        <subtype name="compound" value="131"/>
    </relation>
    <relation entry1="89" entry2="110" type="maplink">
        <subtype name="compound" value="159"/>
    </relation>
    <relation entry1="92" entry2="115" type="maplink">
        <subtype name="compound" value="142"/>
    </relation>
    <relation entry1="74" entry2="112" type="maplink">
        <subtype name="compound" value="152"/>
    </relation>
    <relation entry1="95" entry2="110" type="maplink">
        <subtype name="compound" value="135"/>
    </relation>
    <relation entry1="114" entry2="110" type="maplink">
        <subtype name="compound" value="205"/>
    </relation>
    <relation entry1="114" entry2="67" type="maplink">
        <subtype name="compound" value="205"/>
    </relation>
    <relation entry1="114" entry2="109" type="maplink">
        <subtype name="compound" value="205"/>
    </relation>
    <relation entry1="114" entry2="110" type="maplink">
        <subtype name="compound" value="159"/>
    </relation>
    <relation entry1="114" entry2="89" type="maplink">
        <subtype name="compound" value="159"/>
    </relation>
    <relation entry1="177" entry2="92" type="ECrel">
        <subtype name="compound" value="142"/>
    </relation>
    <relation entry1="177" entry2="115" type="maplink">
        <subtype name="compound" value="142"/>
    </relation>
    <relation entry1="67" entry2="204" type="ECrel">
        <subtype name="compound" value="205"/>
    </relation>
    <relation entry1="109" entry2="204" type="maplink">
        <subtype name="compound" value="205"/>
    </relation>
    <relation entry1="204" entry2="114" type="maplink">
        <subtype name="compound" value="205"/>
    </relation>
    <relation entry1="204" entry2="110" type="maplink">
        <subtype name="compound" value="205"/>
    </relation>
    <relation entry1="92" entry2="203" type="ECrel">
        <subtype name="compound" value="141"/>
    </relation>
    <relation entry1="203" entry2="91" type="ECrel">
        <subtype name="compound" value="141"/>
    </relation>
    <reaction id="67" name="rn:R01478" type="irreversible">
        <substrate id="66" name="cpd:C03033"/>
        <product id="205" name="cpd:C00191"/>
    </reaction>
    <reaction id="74" name="rn:R01529" type="reversible">
        <substrate id="152" name="cpd:C00199"/>
        <product id="150" name="cpd:C00231"/>
    </reaction>
    <reaction id="80" name="rn:R01639" type="reversible">
        <substrate id="151" name="cpd:C00310"/>
        <product id="150" name="cpd:C00231"/>
    </reaction>
    <reaction id="89" name="rn:R01758 rn:R01759" type="reversible">
        <substrate id="155" name="cpd:C00532"/>
        <product id="159" name="cpd:C00259"/>
    </reaction>
    <reaction id="91" name="rn:R01904" type="reversible">
        <substrate id="141" name="cpd:C00379"/>
        <product id="139" name="cpd:C00312"/>
    </reaction>
    <reaction id="92" name="rn:R01431" type="reversible">
        <substrate id="141" name="cpd:C00379"/>
        <product id="142" name="cpd:C00181"/>
    </reaction>
    <reaction id="95" name="rn:R02640" type="reversible">
        <substrate id="135" name="cpd:C00800"/>
        <product id="161" name="cpd:C00618"/>
    </reaction>
    <reaction id="96" name="rn:R00289" type="irreversible">
        <substrate id="131" name="cpd:C00103"/>
        <product id="138" name="cpd:C00029"/>
    </reaction>
    <reaction id="97" name="rn:R01383" type="reversible">
        <substrate id="137" name="cpd:C00167"/>
        <product id="66" name="cpd:C03033"/>
    </reaction>
    <reaction id="98" name="rn:R00286" type="reversible">
        <substrate id="138" name="cpd:C00029"/>
        <product id="137" name="cpd:C00167"/>
    </reaction>
    <reaction id="177" name="rn:R01430" type="irreversible">
        <substrate id="142" name="cpd:C00181"/>
        <product id="140" name="cpd:C02266"/>
    </reaction>
    <reaction id="182" name="rn:R00264" type="irreversible">
        <substrate id="179" name="cpd:C00433"/>
        <product id="183" name="cpd:C00026"/>
    </reaction>
    <reaction id="203" name="rn:R01896" type="reversible">
        <substrate id="141" name="cpd:C00379"/>
        <product id="151" name="cpd:C00310"/>
    </reaction>
    <reaction id="204" name="rn:R01481" type="reversible">
        <substrate id="135" name="cpd:C00800"/>
        <product id="205" name="cpd:C00191"/>
    </reaction>
</pathway>
