<?xml version="1.0"?>
<!DOCTYPE pathway SYSTEM "http://www.kegg.jp/kegg/xml/KGML_v0.7.1_.dtd">
<!-- Creation date: Jun 24, 2014 16:12:50 +0900 (GMT+09:00) -->
<pathway name="path:hsa00650" org="hsa" number="00650"
         title="Butanoate metabolism"
         image="http://www.kegg.jp/kegg/pathway/hsa/hsa00650.png"
         link="http://www.kegg.jp/kegg-bin/show_pathway?hsa00650">
    <entry id="49" name="path:map01056" type="map"
        link="http://www.kegg.jp/dbget-bin/www_bget?map01056">
        <graphics name="Biosynthesis of type II polyketide backbone" fgcolor="#000000" bgcolor="#FFFFFF"
             type="roundrectangle" x="864" y="328" width="127" height="34"/>
    </entry>
    <entry id="51" name="hsa:56898 hsa:622" type="gene" reaction="rn:R01361"
        link="http://www.kegg.jp/dbget-bin/www_bget?hsa:56898+hsa:622">
        <graphics name="BDH2, DHRS6, EFA6R, PRO20933, SDR15C1, UCPA-OR, UNQ6308..." fgcolor="#000000" bgcolor="#BFFFBF"
             type="rectangle" x="350" y="573" width="46" height="17"/>
    </entry>
    <entry id="52" name="ko:K07518" type="ortholog" reaction="rn:R00048"
        link="http://www.kegg.jp/dbget-bin/www_bget?K07518">
        <graphics name="K07518" fgcolor="#000000" bgcolor="#FFFFFF"
             type="rectangle" x="350" y="511" width="46" height="17"/>
    </entry>
    <entry id="53" name="hsa:5019 hsa:64064" type="gene" reaction="rn:R00410"
        link="http://www.kegg.jp/dbget-bin/www_bget?hsa:5019+hsa:64064">
        <graphics name="OXCT1, OXCT, SCOT..." fgcolor="#000000" bgcolor="#BFFFBF"
             type="rectangle" x="504" y="659" width="46" height="17"/>
    </entry>
    <entry id="54" name="hsa:65985" type="gene" reaction="rn:R01357"
        link="http://www.kegg.jp/dbget-bin/www_bget?hsa:65985">
        <graphics name="AACS, ACSF1, SUR-5" fgcolor="#000000" bgcolor="#BFFFBF"
             type="rectangle" x="509" y="589" width="46" height="17"/>
    </entry>
    <entry id="55" name="hsa:3155" type="gene" reaction="rn:R01360"
        link="http://www.kegg.jp/dbget-bin/www_bget?hsa:3155">
        <graphics name="HMGCL, HL" fgcolor="#000000" bgcolor="#BFFFBF"
             type="rectangle" x="830" y="675" width="46" height="17"/>
    </entry>
    <entry id="56" name="hsa:3157 hsa:3158" type="gene" reaction="rn:R01978"
        link="http://www.kegg.jp/dbget-bin/www_bget?hsa:3157+hsa:3158">
        <graphics name="HMGCS1, HMGCS..." fgcolor="#000000" bgcolor="#BFFFBF"
             type="rectangle" x="830" y="627" width="46" height="17"/>
    </entry>
    <entry id="57" name="hsa:38 hsa:39" type="gene" reaction="rn:R00238"
        link="http://www.kegg.jp/dbget-bin/www_bget?hsa:38+hsa:39">
        <graphics name="ACAT1, ACAT, MAT, T2, THIL..." fgcolor="#000000" bgcolor="#BFFFBF"
             type="rectangle" x="830" y="589" width="46" height="17"/>
    </entry>
    <entry id="58" name="ko:K00074" type="ortholog" reaction="rn:R01976"
        link="http://www.kegg.jp/dbget-bin/www_bget?K00074">
        <graphics name="K00074" fgcolor="#000000" bgcolor="#FFFFFF"
             type="rectangle" x="690" y="532" width="46" height="17"/>
    </entry>
    <entry id="59" name="hsa:1962 hsa:3033" type="gene" reaction="rn:R01975"
        link="http://www.kegg.jp/dbget-bin/www_bget?hsa:1962+hsa:3033">
        <graphics name="EHHADH, ECHD, FRTS3, L-PBE, LBFP, LBP, PBFE..." fgcolor="#000000" bgcolor="#BFFFBF"
             type="rectangle" x="640" y="532" width="46" height="17"/>
    </entry>
    <entry id="60" name="ko:K00023" type="ortholog" reaction="rn:R01977"
        link="http://www.kegg.jp/dbget-bin/www_bget?K00023">
        <graphics name="K00023" fgcolor="#000000" bgcolor="#FFFFFF"
             type="rectangle" x="559" y="533" width="46" height="17"/>
    </entry>
    <entry id="61" name="ko:K01782 ko:K01825" type="ortholog" reaction="rn:R03276"
        link="http://www.kegg.jp/dbget-bin/www_bget?K01782+K01825">
        <graphics name="K01782..." fgcolor="#000000" bgcolor="#FFFFFF"
             type="rectangle" x="613" y="479" width="46" height="17"/>
    </entry>
    <entry id="62" name="ko:K03821" type="ortholog" reaction="rn:R04254"
        link="http://www.kegg.jp/dbget-bin/www_bget?K03821">
        <graphics name="K03821" fgcolor="#000000" bgcolor="#FFFFFF"
             type="rectangle" x="506" y="480" width="46" height="17"/>
    </entry>
    <entry id="63" name="ko:K05973" type="ortholog" reaction="rn:R05118"
        link="http://www.kegg.jp/dbget-bin/www_bget?K05973">
        <graphics name="K05973" fgcolor="#000000" bgcolor="#FFFFFF"
             type="rectangle" x="401" y="480" width="46" height="17"/>
    </entry>
    <entry id="64" name="hsa:1892 hsa:1962 hsa:3030" type="gene" reaction="rn:R03026"
        link="http://www.kegg.jp/dbget-bin/www_bget?hsa:1892+hsa:1962+hsa:3030">
        <graphics name="ECHS1, SCEH..." fgcolor="#000000" bgcolor="#BFFFBF"
             type="rectangle" x="666" y="442" width="46" height="17"/>
    </entry>
    <entry id="65" name="ko:K17865" type="ortholog" reaction="rn:R03027"
        link="http://www.kegg.jp/dbget-bin/www_bget?K17865">
        <graphics name="K17865" fgcolor="#000000" bgcolor="#FFFFFF"
             type="rectangle" x="559" y="431" width="46" height="17"/>
    </entry>
    <entry id="66" name="ko:K14534" type="ortholog" reaction="rn:R03031"
        link="http://www.kegg.jp/dbget-bin/www_bget?K14534">
        <graphics name="K14534" fgcolor="#000000" bgcolor="#FFFFFF"
             type="rectangle" x="619" y="397" width="46" height="17"/>
    </entry>
    <entry id="67" name="ko:K00043 ko:K08318 ko:K18120" type="ortholog" reaction="rn:R01644"
        link="http://www.kegg.jp/dbget-bin/www_bget?K00043+K08318+K18120">
        <graphics name="K00043..." fgcolor="#000000" bgcolor="#FFFFFF"
             type="rectangle" x="343" y="390" width="46" height="17"/>
    </entry>
    <entry id="68" name="hsa:18" type="gene" reaction="rn:R01648"
        link="http://www.kegg.jp/dbget-bin/www_bget?hsa:18">
        <graphics name="ABAT, GABA-AT, GABAT, NPD009" fgcolor="#000000" bgcolor="#BFFFBF"
             type="rectangle" x="249" y="390" width="46" height="17"/>
    </entry>
    <entry id="69" name="hsa:2571 hsa:2572" type="gene" reaction="rn:R00261"
        link="http://www.kegg.jp/dbget-bin/www_bget?hsa:2571+hsa:2572">
        <graphics name="GAD1, CPSQ1, GAD, SCP..." fgcolor="#000000" bgcolor="#BFFFBF"
             type="rectangle" x="148" y="401" width="46" height="17"/>
    </entry>
    <entry id="70" name="ko:K00169 ko:K00170 ko:K00172 ko:K00171" type="ortholog" reaction="rn:R01196"
        link="http://www.kegg.jp/dbget-bin/www_bget?K00169+K00170+K00172+K00171">
        <graphics name="K00169..." fgcolor="#000000" bgcolor="#FFFFFF"
             type="rectangle" x="1048" y="391" width="46" height="17"/>
    </entry>
    <entry id="71" name="ko:K00656" type="ortholog" reaction="rn:R00212"
        link="http://www.kegg.jp/dbget-bin/www_bget?K00656">
        <graphics name="K00656" fgcolor="#000000" bgcolor="#FFFFFF"
             type="rectangle" x="999" y="391" width="46" height="17"/>
    </entry>
    <entry id="72" name="hsa:35" type="gene" reaction="rn:R01175"
        link="http://www.kegg.jp/dbget-bin/www_bget?hsa:35">
        <graphics name="ACADS, ACAD3, SCAD" fgcolor="#000000" bgcolor="#BFFFBF"
             type="rectangle" x="744" y="367" width="46" height="17"/>
    </entry>
    <entry id="73" name="ko:K00634" type="ortholog" reaction="rn:R01174"
        link="http://www.kegg.jp/dbget-bin/www_bget?K00634">
        <graphics name="K00634" fgcolor="#000000" bgcolor="#FFFFFF"
             type="rectangle" x="777" y="300" width="46" height="17"/>
    </entry>
    <entry id="75" name="ko:K00132 ko:K04072 ko:K04073 ko:K18366" type="ortholog" reaction="rn:R01172"
        link="http://www.kegg.jp/dbget-bin/www_bget?K00132+K04072+K04073+K18366">
        <graphics name="K00132..." fgcolor="#000000" bgcolor="#FFFFFF"
             type="rectangle" x="604" y="318" width="46" height="17"/>
    </entry>
    <entry id="76" name="ko:K00100" type="ortholog" reaction="rn:R03544 rn:R03545"
        link="http://www.kegg.jp/dbget-bin/www_bget?K00100">
        <graphics name="K00100" fgcolor="#000000" bgcolor="#FFFFFF"
             type="rectangle" x="494" y="329" width="46" height="17"/>
    </entry>
    <entry id="77" name="hsa:7915" type="gene" reaction="rn:R00713"
        link="http://www.kegg.jp/dbget-bin/www_bget?hsa:7915">
        <graphics name="ALDH5A1, SSADH, SSDH" fgcolor="#000000" bgcolor="#BFFFBF"
             type="rectangle" x="323" y="300" width="46" height="17"/>
    </entry>
    <entry id="78" name="ko:K00135 ko:K08324" type="ortholog" reaction="rn:R00713 rn:R00714"
        link="http://www.kegg.jp/dbget-bin/www_bget?K00135+K08324">
        <graphics name="K00135..." fgcolor="#000000" bgcolor="#FFFFFF"
             type="rectangle" x="299" y="281" width="46" height="17"/>
    </entry>
    <entry id="79" name="hsa:116285 hsa:123876 hsa:341392 hsa:348158 hsa:54988 hsa:6296" type="gene" reaction="rn:R01176"
        link="http://www.kegg.jp/dbget-bin/www_bget?hsa:116285+hsa:123876+hsa:341392+hsa:348158+hsa:54988+hsa:6296">
        <graphics name="ACSM1, BUCS1, MACS1..." fgcolor="#000000" bgcolor="#BFFFBF"
             type="rectangle" x="689" y="295" width="46" height="17"/>
    </entry>
    <entry id="80" name="ko:K01034 ko:K01035" type="ortholog" reaction="rn:R01179"
        link="http://www.kegg.jp/dbget-bin/www_bget?K01034+K01035">
        <graphics name="K01034..." fgcolor="#000000" bgcolor="#FFFFFF"
             type="rectangle" x="640" y="295" width="46" height="17"/>
    </entry>
    <entry id="81" name="ko:K00929" type="ortholog" reaction="rn:R01688"
        link="http://www.kegg.jp/dbget-bin/www_bget?K00929">
        <graphics name="K00929" fgcolor="#000000" bgcolor="#FFFFFF"
             type="rectangle" x="722" y="264" width="46" height="17"/>
    </entry>
    <entry id="82" name="ko:K07246" type="ortholog" reaction="rn:R00215"
        link="http://www.kegg.jp/dbget-bin/www_bget?K07246">
        <graphics name="K07246" fgcolor="#000000" bgcolor="#FFFFFF"
             type="rectangle" x="917" y="225" width="46" height="17"/>
    </entry>
    <entry id="84" name="ko:K01799" type="ortholog" reaction="rn:R01087"
        link="http://www.kegg.jp/dbget-bin/www_bget?K01799">
        <graphics name="K01799" fgcolor="#000000" bgcolor="#FFFFFF"
             type="rectangle" x="559" y="225" width="46" height="17"/>
    </entry>
    <entry id="85" name="ko:K00239 ko:K00240 ko:K00241 ko:K00242" type="ortholog" reaction="rn:R02164"
        link="http://www.kegg.jp/dbget-bin/www_bget?K00239+K00240+K00241+K00242">
        <graphics name="K00239..." fgcolor="#000000" bgcolor="#FFFFFF"
             type="rectangle" x="384" y="225" width="46" height="17"/>
    </entry>
    <entry id="86" name="ko:K01575" type="ortholog" reaction="rn:R02948"
        link="http://www.kegg.jp/dbget-bin/www_bget?K01575">
        <graphics name="K01575" fgcolor="#000000" bgcolor="#FFFFFF"
             type="rectangle" x="824" y="142" width="46" height="17"/>
    </entry>
    <entry id="88" name="ko:K00004" type="ortholog" reaction="rn:R02946"
        link="http://www.kegg.jp/dbget-bin/www_bget?K00004">
        <graphics name="K00004" fgcolor="#000000" bgcolor="#FFFFFF"
             type="rectangle" x="706" y="142" width="46" height="17"/>
    </entry>
    <entry id="89" name="ko:K03366 ko:K18009" type="ortholog" reaction="rn:R03707"
        link="http://www.kegg.jp/dbget-bin/www_bget?K03366+K18009">
        <graphics name="K03366..." fgcolor="#000000" bgcolor="#FFFFFF"
             type="rectangle" x="706" y="62" width="46" height="17"/>
    </entry>
    <entry id="90" name="path:hsa00250" type="map"
        link="http://www.kegg.jp/dbget-bin/www_bget?hsa00250">
        <graphics name="Alanine, aspartate and glutamate metabolism" fgcolor="#000000" bgcolor="#FFFFFF"
             type="roundrectangle" x="104" y="311" width="125" height="34"/>
    </entry>
    <entry id="91" name="path:hsa00072" type="map"
        link="http://www.kegg.jp/dbget-bin/www_bget?hsa00072">
        <graphics name="Synthesis and degradation of ketone bodies" fgcolor="#000000" bgcolor="#FFFFFF"
             type="roundrectangle" x="151" y="603" width="144" height="34"/>
    </entry>
    <entry id="92" name="path:hsa00620" type="map"
        link="http://www.kegg.jp/dbget-bin/www_bget?hsa00620">
        <graphics name="Pyruvate metabolism" fgcolor="#000000" bgcolor="#FFFFFF"
             type="roundrectangle" x="770" y="528" width="73" height="34"/>
    </entry>
    <entry id="93" name="path:hsa00010" type="map"
        link="http://www.kegg.jp/dbget-bin/www_bget?hsa00010">
        <graphics name="Glycolysis / Gluconeogenesis" fgcolor="#000000" bgcolor="#FFFFFF"
             type="roundrectangle" x="998" y="96" width="70" height="25"/>
    </entry>
    <entry id="94" name="path:hsa00650" type="map"
        link="http://www.kegg.jp/dbget-bin/www_bget?hsa00650">
        <graphics name="TITLE:Butanoate metabolism" fgcolor="#000000" bgcolor="#FFFFFF"
             type="roundrectangle" x="144" y="58" width="207" height="25"/>
    </entry>
    <entry id="95" name="path:hsa00020" type="map"
        link="http://www.kegg.jp/dbget-bin/www_bget?hsa00020">
        <graphics name="Citrate cycle (TCA cycle)" fgcolor="#000000" bgcolor="#FFFFFF"
             type="roundrectangle" x="656" y="189" width="83" height="25"/>
    </entry>
    <entry id="96" name="path:hsa00750" type="map"
        link="http://www.kegg.jp/dbget-bin/www_bget?hsa00750">
        <graphics name="Vitamin B6 metabolism" fgcolor="#000000" bgcolor="#FFFFFF"
             type="roundrectangle" x="121" y="466" width="140" height="25"/>
    </entry>
    <entry id="97" name="path:hsa00250" type="map"
        link="http://www.kegg.jp/dbget-bin/www_bget?hsa00250">
        <graphics name="Alanine, aspartate and glutamate metabolism" fgcolor="#000000" bgcolor="#FFFFFF"
             type="roundrectangle" x="921" y="564" width="121" height="34"/>
    </entry>
    <entry id="98" name="ko:K01726" type="ortholog" reaction="rn:R03937"
        link="http://www.kegg.jp/dbget-bin/www_bget?K01726">
        <graphics name="K01726" fgcolor="#000000" bgcolor="#FFFFFF"
             type="rectangle" x="807" y="404" width="46" height="17"/>
    </entry>
    <entry id="99" name="ko:K01039 ko:K01040" type="ortholog" reaction="rn:R04000"
        link="http://www.kegg.jp/dbget-bin/www_bget?K01039+K01040">
        <graphics name="K01039..." fgcolor="#000000" bgcolor="#FFFFFF"
             type="rectangle" x="859" y="435" width="46" height="17"/>
    </entry>
    <entry id="100" name="ko:K01615" type="ortholog" reaction="rn:R03028"
        link="http://www.kegg.jp/dbget-bin/www_bget?K01615">
        <graphics name="K01615" fgcolor="#000000" bgcolor="#FFFFFF"
             type="rectangle" x="714" y="409" width="46" height="17"/>
    </entry>
    <entry id="101" name="hsa:79944" type="gene" reaction="rn:R03534"
        link="http://www.kegg.jp/dbget-bin/www_bget?hsa:79944">
        <graphics name="L2HGDH, C14orf160" fgcolor="#000000" bgcolor="#BFFFBF"
             type="rectangle" x="859" y="497" width="46" height="17"/>
    </entry>
    <entry id="103" name="ko:K00004" type="ortholog" reaction="rn:R02855"
        link="http://www.kegg.jp/dbget-bin/www_bget?K00004">
        <graphics name="K00004" fgcolor="#000000" bgcolor="#FFFFFF"
             type="rectangle" x="824" y="117" width="46" height="17"/>
    </entry>
    <entry id="104" name="cpd:C03046" type="compound"
        link="http://www.kegg.jp/dbget-bin/www_bget?C03046">
        <graphics name="C03046" fgcolor="#000000" bgcolor="#FFFFFF"
             type="circle" x="647" y="61" width="8" height="8"/>
    </entry>
    <entry id="105" name="cpd:C01769" type="compound"
        link="http://www.kegg.jp/dbget-bin/www_bget?C01769">
        <graphics name="C01769" fgcolor="#000000" bgcolor="#FFFFFF"
             type="circle" x="764" y="61" width="8" height="8"/>
    </entry>
    <entry id="106" name="cpd:C00810" type="compound"
        link="http://www.kegg.jp/dbget-bin/www_bget?C00810">
        <graphics name="C00810" fgcolor="#000000" bgcolor="#FFFFFF"
             type="circle" x="764" y="141" width="8" height="8"/>
    </entry>
    <entry id="107" name="cpd:C03044" type="compound"
        link="http://www.kegg.jp/dbget-bin/www_bget?C03044">
        <graphics name="C03044" fgcolor="#000000" bgcolor="#FFFFFF"
             type="circle" x="647" y="141" width="8" height="8"/>
    </entry>
    <entry id="108" name="cpd:C06010" type="compound"
        link="http://www.kegg.jp/dbget-bin/www_bget?C06010">
        <graphics name="C06010" fgcolor="#000000" bgcolor="#FFFFFF"
             type="circle" x="881" y="141" width="8" height="8"/>
    </entry>
    <entry id="109" name="cpd:C00022" type="compound"
        link="http://www.kegg.jp/dbget-bin/www_bget?C00022">
        <graphics name="C00022" fgcolor="#000000" bgcolor="#FFFFFF"
             type="circle" x="994" y="188" width="8" height="8"/>
    </entry>
    <entry id="110" name="cpd:C00042" type="compound"
        link="http://www.kegg.jp/dbget-bin/www_bget?C00042">
        <graphics name="C00042" fgcolor="#000000" bgcolor="#FFFFFF"
             type="circle" x="298" y="224" width="8" height="8"/>
    </entry>
    <entry id="111" name="cpd:C00122" type="compound"
        link="http://www.kegg.jp/dbget-bin/www_bget?C00122">
        <graphics name="C00122" fgcolor="#000000" bgcolor="#FFFFFF"
             type="circle" x="473" y="224" width="8" height="8"/>
    </entry>
    <entry id="112" name="cpd:C01384" type="compound"
        link="http://www.kegg.jp/dbget-bin/www_bget?C01384">
        <graphics name="C01384" fgcolor="#000000" bgcolor="#FFFFFF"
             type="circle" x="648" y="224" width="8" height="8"/>
    </entry>
    <entry id="113" name="cpd:C00497" type="compound"
        link="http://www.kegg.jp/dbget-bin/www_bget?C00497">
        <graphics name="C00497" fgcolor="#000000" bgcolor="#FFFFFF"
             type="circle" x="823" y="224" width="8" height="8"/>
    </entry>
    <entry id="114" name="cpd:C02527" type="compound"
        link="http://www.kegg.jp/dbget-bin/www_bget?C02527">
        <graphics name="C02527" fgcolor="#000000" bgcolor="#FFFFFF"
             type="circle" x="776" y="263" width="8" height="8"/>
    </entry>
    <entry id="115" name="cpd:C00246" type="compound"
        link="http://www.kegg.jp/dbget-bin/www_bget?C00246">
        <graphics name="C00246" fgcolor="#000000" bgcolor="#FFFFFF"
             type="circle" x="665" y="263" width="8" height="8"/>
    </entry>
    <entry id="116" name="cpd:C00136" type="compound"
        link="http://www.kegg.jp/dbget-bin/www_bget?C00136">
        <graphics name="C00136" fgcolor="#000000" bgcolor="#FFFFFF"
             type="circle" x="665" y="328" width="8" height="8"/>
    </entry>
    <entry id="117" name="cpd:C01412" type="compound"
        link="http://www.kegg.jp/dbget-bin/www_bget?C01412">
        <graphics name="C01412" fgcolor="#000000" bgcolor="#FFFFFF"
             type="circle" x="554" y="328" width="8" height="8"/>
    </entry>
    <entry id="118" name="cpd:C00877" type="compound"
        link="http://www.kegg.jp/dbget-bin/www_bget?C00877">
        <graphics name="C00877" fgcolor="#000000" bgcolor="#FFFFFF"
             type="circle" x="665" y="403" width="8" height="8"/>
    </entry>
    <entry id="119" name="cpd:C02411" type="compound"
        link="http://www.kegg.jp/dbget-bin/www_bget?C02411">
        <graphics name="C02411" fgcolor="#000000" bgcolor="#FFFFFF"
             type="circle" x="757" y="403" width="8" height="8"/>
    </entry>
    <entry id="120" name="cpd:C03058" type="compound"
        link="http://www.kegg.jp/dbget-bin/www_bget?C03058">
        <graphics name="C03058" fgcolor="#000000" bgcolor="#FFFFFF"
             type="circle" x="858" y="403" width="8" height="8"/>
    </entry>
    <entry id="121" name="cpd:C02630" type="compound"
        link="http://www.kegg.jp/dbget-bin/www_bget?C02630">
        <graphics name="C02630" fgcolor="#000000" bgcolor="#FFFFFF"
             type="circle" x="858" y="465" width="8" height="8"/>
    </entry>
    <entry id="122" name="cpd:C00026" type="compound"
        link="http://www.kegg.jp/dbget-bin/www_bget?C00026">
        <graphics name="C00026" fgcolor="#000000" bgcolor="#FFFFFF"
             type="circle" x="858" y="521" width="8" height="8"/>
    </entry>
    <entry id="123" name="cpd:C00024" type="compound"
        link="http://www.kegg.jp/dbget-bin/www_bget?C00024">
        <graphics name="C00024" fgcolor="#000000" bgcolor="#FFFFFF"
             type="circle" x="998" y="588" width="8" height="8"/>
    </entry>
    <entry id="124" name="cpd:C00356" type="compound"
        link="http://www.kegg.jp/dbget-bin/www_bget?C00356">
        <graphics name="C00356" fgcolor="#000000" bgcolor="#FFFFFF"
             type="circle" x="830" y="654" width="8" height="8"/>
    </entry>
    <entry id="125" name="cpd:C00332" type="compound"
        link="http://www.kegg.jp/dbget-bin/www_bget?C00332">
        <graphics name="C00332" fgcolor="#000000" bgcolor="#FFFFFF"
             type="circle" x="665" y="585" width="8" height="8"/>
    </entry>
    <entry id="126" name="cpd:C00164" type="compound"
        link="http://www.kegg.jp/dbget-bin/www_bget?C00164">
        <graphics name="C00164" fgcolor="#000000" bgcolor="#FFFFFF"
             type="circle" x="351" y="653" width="8" height="8"/>
    </entry>
    <entry id="127" name="cpd:C01089" type="compound"
        link="http://www.kegg.jp/dbget-bin/www_bget?C01089">
        <graphics name="C01089" fgcolor="#000000" bgcolor="#FFFFFF"
             type="circle" x="351" y="542" width="8" height="8"/>
    </entry>
    <entry id="128" name="cpd:C04546" type="compound"
        link="http://www.kegg.jp/dbget-bin/www_bget?C04546">
        <graphics name="C04546" fgcolor="#000000" bgcolor="#FFFFFF"
             type="circle" x="351" y="479" width="8" height="8"/>
    </entry>
    <entry id="129" name="cpd:C03561" type="compound"
        link="http://www.kegg.jp/dbget-bin/www_bget?C03561">
        <graphics name="C03561" fgcolor="#000000" bgcolor="#FFFFFF"
             type="circle" x="559" y="479" width="8" height="8"/>
    </entry>
    <entry id="130" name="cpd:C01144" type="compound"
        link="http://www.kegg.jp/dbget-bin/www_bget?C01144">
        <graphics name="C01144" fgcolor="#000000" bgcolor="#FFFFFF"
             type="circle" x="665" y="479" width="8" height="8"/>
    </entry>
    <entry id="131" name="cpd:C02331" type="compound"
        link="http://www.kegg.jp/dbget-bin/www_bget?C02331">
        <graphics name="C02331" fgcolor="#000000" bgcolor="#FFFFFF"
             type="circle" x="574" y="400" width="8" height="8"/>
    </entry>
    <entry id="132" name="cpd:C06143" type="compound"
        link="http://www.kegg.jp/dbget-bin/www_bget?C06143">
        <graphics name="C06143" fgcolor="#000000" bgcolor="#FFFFFF"
             type="circle" x="453" y="479" width="8" height="8"/>
    </entry>
    <entry id="133" name="cpd:C00989" type="compound"
        link="http://www.kegg.jp/dbget-bin/www_bget?C00989">
        <graphics name="C00989" fgcolor="#000000" bgcolor="#FFFFFF"
             type="circle" x="390" y="400" width="8" height="8"/>
    </entry>
    <entry id="134" name="cpd:C00232" type="compound"
        link="http://www.kegg.jp/dbget-bin/www_bget?C00232">
        <graphics name="C00232" fgcolor="#000000" bgcolor="#FFFFFF"
             type="circle" x="298" y="400" width="8" height="8"/>
    </entry>
    <entry id="135" name="cpd:C00334" type="compound"
        link="http://www.kegg.jp/dbget-bin/www_bget?C00334">
        <graphics name="C00334" fgcolor="#000000" bgcolor="#FFFFFF"
             type="circle" x="200" y="400" width="8" height="8"/>
    </entry>
    <entry id="136" name="cpd:C00025" type="compound"
        link="http://www.kegg.jp/dbget-bin/www_bget?C00025">
        <graphics name="C00025" fgcolor="#000000" bgcolor="#FFFFFF"
             type="circle" x="103" y="400" width="8" height="8"/>
    </entry>
    <entry id="137" name="cpd:C06142" type="compound"
        link="http://www.kegg.jp/dbget-bin/www_bget?C06142">
        <graphics name="C06142" fgcolor="#000000" bgcolor="#FFFFFF"
             type="circle" x="431" y="328" width="8" height="8"/>
    </entry>
    <entry id="138" name="cpd:C06144" type="compound"
        link="http://www.kegg.jp/dbget-bin/www_bget?C06144">
        <graphics name="C06144" fgcolor="#000000" bgcolor="#FFFFFF"
             type="circle" x="260" y="653" width="8" height="8"/>
    </entry>
    <entry id="139" name="cpd:C06145" type="compound"
        link="http://www.kegg.jp/dbget-bin/www_bget?C06145">
        <graphics name="C06145" fgcolor="#000000" bgcolor="#FFFFFF"
             type="circle" x="188" y="653" width="8" height="8"/>
    </entry>
    <entry id="140" name="cpd:C06146" type="compound"
        link="http://www.kegg.jp/dbget-bin/www_bget?C06146">
        <graphics name="C06146" fgcolor="#000000" bgcolor="#FFFFFF"
             type="circle" x="103" y="653" width="8" height="8"/>
    </entry>
    <entry id="141" name="cpd:C00741" type="compound"
        link="http://www.kegg.jp/dbget-bin/www_bget?C00741">
        <graphics name="C00741" fgcolor="#000000" bgcolor="#FFFFFF"
             type="circle" x="881" y="61" width="8" height="8"/>
    </entry>
    <entry id="144" name="ko:K03366 ko:K18009" type="ortholog" reaction="rn:R09078"
        link="http://www.kegg.jp/dbget-bin/www_bget?K03366+K18009">
        <graphics name="K03366..." fgcolor="#000000" bgcolor="#FFFFFF"
             type="rectangle" x="823" y="62" width="46" height="17"/>
    </entry>
    <entry id="145" name="ko:K16871" type="ortholog" reaction="rn:R10178"
        link="http://www.kegg.jp/dbget-bin/www_bget?K16871">
        <graphics name="K16871" fgcolor="#000000" bgcolor="#FFFFFF"
             type="rectangle" x="249" y="411" width="46" height="17"/>
    </entry>
    <entry id="147" name="cpd:C11062" type="compound"
        link="http://www.kegg.jp/dbget-bin/www_bget?C11062">
        <graphics name="C11062" fgcolor="#000000" bgcolor="#FFFFFF"
             type="circle" x="482" y="400" width="8" height="8"/>
    </entry>
    <entry id="149" name="ko:K18122" type="ortholog" reaction="rn:R05336"
        link="http://www.kegg.jp/dbget-bin/www_bget?K18122">
        <graphics name="K18122" fgcolor="#000000" bgcolor="#FFFFFF"
             type="rectangle" x="436" y="401" width="46" height="17"/>
    </entry>
    <entry id="150" name="ko:K14534" type="ortholog" reaction="rn:R05337"
        link="http://www.kegg.jp/dbget-bin/www_bget?K14534">
        <graphics name="K14534" fgcolor="#000000" bgcolor="#FFFFFF"
             type="rectangle" x="527" y="401" width="46" height="17"/>
    </entry>
    <entry id="151" name="ko:K01652 ko:K01653 ko:K11258" type="ortholog" reaction="rn:R00226"
        link="http://www.kegg.jp/dbget-bin/www_bget?K01652+K01653+K11258">
        <graphics name="K01652..." fgcolor="#000000" bgcolor="#FFFFFF"
             type="rectangle" x="942" y="142" width="46" height="17"/>
    </entry>
    <entry id="152" name="cpd:C00091" type="compound"
        link="http://www.kegg.jp/dbget-bin/www_bget?C00091">
        <graphics name="C00091" fgcolor="#000000" bgcolor="#FFFFFF"
             type="circle" x="200" y="348" width="8" height="8"/>
    </entry>
    <entry id="154" name="ko:K18119" type="ortholog" reaction="rn:R09280"
        link="http://www.kegg.jp/dbget-bin/www_bget?K18119">
        <graphics name="K18119" fgcolor="#000000" bgcolor="#FFFFFF"
             type="rectangle" x="249" y="348" width="46" height="17"/>
    </entry>
    <entry id="156" name="ko:K18118" type="ortholog" reaction="rn:R10343"
        link="http://www.kegg.jp/dbget-bin/www_bget?K18118">
        <graphics name="K18118" fgcolor="#000000" bgcolor="#FFFFFF"
             type="rectangle" x="200" y="290" width="46" height="17"/>
    </entry>
    <entry id="157" name="ko:K00135" type="ortholog" reaction="rn:R00714"
        link="http://www.kegg.jp/dbget-bin/www_bget?K00135">
        <graphics name="K00135" fgcolor="#000000" bgcolor="#FFFFFF"
             type="rectangle" x="273" y="300" width="46" height="17"/>
    </entry>
    <entry id="158" name="path:hsa00330" type="map"
        link="http://www.kegg.jp/dbget-bin/www_bget?hsa00330">
        <graphics name="Arginine and proline metabolism" fgcolor="#000000" bgcolor="#FFFFFF"
             type="roundrectangle" x="111" y="433" width="120" height="34"/>
    </entry>
    <entry id="159" name="ko:K18121" type="ortholog" reaction="rn:R09281"
        link="http://www.kegg.jp/dbget-bin/www_bget?K18121">
        <graphics name="K18121" fgcolor="#000000" bgcolor="#FFFFFF"
             type="rectangle" x="343" y="411" width="46" height="17"/>
    </entry>
    <entry id="161" name="cpd:C20657" type="compound"
        link="http://www.kegg.jp/dbget-bin/www_bget?C20657">
        <graphics name="C20657" fgcolor="#000000" bgcolor="#FFFFFF"
             type="circle" x="647" y="116" width="8" height="8"/>
    </entry>
    <entry id="163" name="ko:K03366 ko:K18009" type="ortholog" reaction="rn:R10505"
        link="http://www.kegg.jp/dbget-bin/www_bget?K03366+K18009">
        <graphics name="K03366..." fgcolor="#000000" bgcolor="#FFFFFF"
             type="rectangle" x="706" y="117" width="46" height="17"/>
    </entry>
    <entry id="165" name="ko:K00004" type="ortholog" reaction="rn:R10504"
        link="http://www.kegg.jp/dbget-bin/www_bget?K00004">
        <graphics name="K00004" fgcolor="#000000" bgcolor="#FFFFFF"
             type="rectangle" x="706" y="87" width="46" height="17"/>
    </entry>
    <entry id="166" name="ko:K00209" type="ortholog" reaction="rn:R01171"
        link="http://www.kegg.jp/dbget-bin/www_bget?K00209">
        <graphics name="K00209" fgcolor="#000000" bgcolor="#FFFFFF"
             type="rectangle" x="690" y="367" width="46" height="17"/>
    </entry>
    <entry id="167" name="ko:K17829" type="ortholog" reaction="rn:R09738"
        link="http://www.kegg.jp/dbget-bin/www_bget?K17829">
        <graphics name="K17829" fgcolor="#000000" bgcolor="#FFFFFF"
             type="rectangle" x="640" y="367" width="46" height="17"/>
    </entry>
    <relation entry1="68" entry2="77" type="ECrel">
        <subtype name="compound" value="134"/>
    </relation>
    <relation entry1="68" entry2="69" type="ECrel">
        <subtype name="compound" value="135"/>
    </relation>
    <relation entry1="72" entry2="79" type="ECrel">
        <subtype name="compound" value="116"/>
    </relation>
    <relation entry1="64" entry2="72" type="ECrel">
        <subtype name="compound" value="118"/>
    </relation>
    <relation entry1="59" entry2="64" type="ECrel">
        <subtype name="compound" value="130"/>
    </relation>
    <relation entry1="56" entry2="57" type="ECrel">
        <subtype name="compound" value="123"/>
    </relation>
    <relation entry1="56" entry2="57" type="ECrel">
        <subtype name="compound" value="125"/>
    </relation>
    <relation entry1="53" entry2="57" type="ECrel">
        <subtype name="compound" value="125"/>
    </relation>
    <relation entry1="54" entry2="57" type="ECrel">
        <subtype name="compound" value="125"/>
    </relation>
    <relation entry1="57" entry2="59" type="ECrel">
        <subtype name="compound" value="125"/>
    </relation>
    <relation entry1="53" entry2="56" type="ECrel">
        <subtype name="compound" value="125"/>
    </relation>
    <relation entry1="54" entry2="56" type="ECrel">
        <subtype name="compound" value="125"/>
    </relation>
    <relation entry1="56" entry2="59" type="ECrel">
        <subtype name="compound" value="125"/>
    </relation>
    <relation entry1="53" entry2="59" type="ECrel">
        <subtype name="compound" value="125"/>
    </relation>
    <relation entry1="54" entry2="59" type="ECrel">
        <subtype name="compound" value="125"/>
    </relation>
    <relation entry1="55" entry2="56" type="ECrel">
        <subtype name="compound" value="123"/>
    </relation>
    <relation entry1="55" entry2="56" type="ECrel">
        <subtype name="compound" value="124"/>
    </relation>
    <relation entry1="55" entry2="57" type="ECrel">
        <subtype name="compound" value="123"/>
    </relation>
    <relation entry1="53" entry2="55" type="ECrel">
        <subtype name="compound" value="126"/>
    </relation>
    <relation entry1="54" entry2="55" type="ECrel">
        <subtype name="compound" value="126"/>
    </relation>
    <relation entry1="51" entry2="55" type="ECrel">
        <subtype name="compound" value="126"/>
    </relation>
    <relation entry1="51" entry2="53" type="ECrel">
        <subtype name="compound" value="126"/>
    </relation>
    <relation entry1="51" entry2="54" type="ECrel">
        <subtype name="compound" value="126"/>
    </relation>
    <relation entry1="69" entry2="90" type="maplink">
        <subtype name="compound" value="136"/>
    </relation>
    <relation entry1="68" entry2="96" type="maplink">
        <subtype name="compound" value="134"/>
    </relation>
    <relation entry1="77" entry2="96" type="maplink">
        <subtype name="compound" value="134"/>
    </relation>
    <relation entry1="51" entry2="91" type="maplink">
        <subtype name="compound" value="126"/>
    </relation>
    <relation entry1="54" entry2="91" type="maplink">
        <subtype name="compound" value="126"/>
    </relation>
    <relation entry1="53" entry2="91" type="maplink">
        <subtype name="compound" value="126"/>
    </relation>
    <relation entry1="55" entry2="91" type="maplink">
        <subtype name="compound" value="126"/>
    </relation>
    <relation entry1="101" entry2="97" type="maplink">
        <subtype name="compound" value="122"/>
    </relation>
    <relation entry1="59" entry2="92" type="maplink">
        <subtype name="compound" value="125"/>
    </relation>
    <relation entry1="54" entry2="92" type="maplink">
        <subtype name="compound" value="125"/>
    </relation>
    <relation entry1="53" entry2="92" type="maplink">
        <subtype name="compound" value="125"/>
    </relation>
    <relation entry1="56" entry2="92" type="maplink">
        <subtype name="compound" value="125"/>
    </relation>
    <relation entry1="57" entry2="92" type="maplink">
        <subtype name="compound" value="125"/>
    </relation>
    <relation entry1="93" entry2="95" type="maplink">
        <subtype name="compound" value="109"/>
    </relation>
    <relation entry1="77" entry2="95" type="maplink">
        <subtype name="compound" value="110"/>
    </relation>
    <relation entry1="79" entry2="49" type="maplink">
        <subtype name="compound" value="116"/>
    </relation>
    <relation entry1="72" entry2="49" type="maplink">
        <subtype name="compound" value="116"/>
    </relation>
    <relation entry1="158" entry2="69" type="maplink">
        <subtype name="compound" value="135"/>
    </relation>
    <relation entry1="158" entry2="68" type="maplink">
        <subtype name="compound" value="135"/>
    </relation>
    <reaction id="51" name="rn:R01361" type="reversible">
        <substrate id="127" name="cpd:C01089"/>
        <product id="126" name="cpd:C00164"/>
    </reaction>
    <reaction id="53" name="rn:R00410" type="reversible">
        <substrate id="126" name="cpd:C00164"/>
        <product id="125" name="cpd:C00332"/>
    </reaction>
    <reaction id="54" name="rn:R01357" type="irreversible">
        <substrate id="126" name="cpd:C00164"/>
        <product id="125" name="cpd:C00332"/>
    </reaction>
    <reaction id="55" name="rn:R01360" type="irreversible">
        <substrate id="124" name="cpd:C00356"/>
        <product id="123" name="cpd:C00024"/>
        <product id="126" name="cpd:C00164"/>
    </reaction>
    <reaction id="56" name="rn:R01978" type="irreversible">
        <substrate id="123" name="cpd:C00024"/>
        <substrate id="125" name="cpd:C00332"/>
        <product id="124" name="cpd:C00356"/>
    </reaction>
    <reaction id="57" name="rn:R00238" type="reversible">
        <substrate id="123" name="cpd:C00024"/>
        <product id="125" name="cpd:C00332"/>
    </reaction>
    <reaction id="59" name="rn:R01975" type="reversible">
        <substrate id="130" name="cpd:C01144"/>
        <product id="125" name="cpd:C00332"/>
    </reaction>
    <reaction id="64" name="rn:R03026" type="reversible">
        <substrate id="118" name="cpd:C00877"/>
        <product id="130" name="cpd:C01144"/>
    </reaction>
    <reaction id="68" name="rn:R01648" type="reversible">
        <substrate id="135" name="cpd:C00334"/>
        <product id="134" name="cpd:C00232"/>
    </reaction>
    <reaction id="69" name="rn:R00261" type="irreversible">
        <substrate id="136" name="cpd:C00025"/>
        <product id="135" name="cpd:C00334"/>
    </reaction>
    <reaction id="72" name="rn:R01175" type="irreversible">
        <substrate id="116" name="cpd:C00136"/>
        <product id="118" name="cpd:C00877"/>
    </reaction>
    <reaction id="77" name="rn:R00713" type="irreversible">
        <substrate id="134" name="cpd:C00232"/>
        <product id="110" name="cpd:C00042"/>
    </reaction>
    <reaction id="79" name="rn:R01176" type="irreversible">
        <substrate id="115" name="cpd:C00246"/>
        <product id="116" name="cpd:C00136"/>
    </reaction>
    <reaction id="101" name="rn:R03534" type="irreversible">
        <substrate id="122" name="cpd:C00026"/>
        <product id="121" name="cpd:C02630"/>
    </reaction>
</pathway>
