<?xml version="1.0"?>
<!DOCTYPE pathway SYSTEM "http://www.kegg.jp/kegg/xml/KGML_v0.7.1_.dtd">
<!-- Creation date: Sep 12, 2012 13:58:20 +0900 (GMT+09:00) -->
<pathway name="path:hsa00280" org="hsa" number="00280"
         title="Valine, leucine and isoleucine degradation"
         image="http://www.kegg.jp/kegg/pathway/hsa/hsa00280.png"
         link="http://www.kegg.jp/kegg-bin/show_pathway?hsa00280">
    <entry id="53" name="cpd:C15978" type="compound"
        link="http://www.kegg.jp/dbget-bin/www_bget?C15978">
        <graphics name="C15978" fgcolor="#000000" bgcolor="#FFFFFF"
             type="circle" x="596" y="308" width="8" height="8"/>
    </entry>
    <entry id="54" name="hsa:593 hsa:594" type="gene" reaction="rn:R07604"
        link="http://www.kegg.jp/dbget-bin/www_bget?hsa:593+hsa:594">
        <graphics name="BCKDHA, BCKDE1A, MSU, MSUD1, OVD1A..." fgcolor="#000000" bgcolor="#BFFFBF"
             type="rectangle" x="597" y="335" width="46" height="17"/>
    </entry>
    <entry id="55" name="hsa:1738" type="gene" reaction="rn:R07618"
        link="http://www.kegg.jp/dbget-bin/www_bget?hsa:1738">
        <graphics name="DLD, DLDD, DLDH, E3, GCSL, LAD, PHE3" fgcolor="#000000" bgcolor="#BFFFBF"
             type="rectangle" x="559" y="372" width="46" height="17"/>
    </entry>
    <entry id="56" name="cpd:C15973" type="compound"
        link="http://www.kegg.jp/dbget-bin/www_bget?C15973">
        <graphics name="C15973" fgcolor="#000000" bgcolor="#FFFFFF"
             type="circle" x="558" y="399" width="8" height="8"/>
    </entry>
    <entry id="57" name="cpd:C15973" type="compound"
        link="http://www.kegg.jp/dbget-bin/www_bget?C15973">
        <graphics name="C15973" fgcolor="#000000" bgcolor="#FFFFFF"
             type="circle" x="391" y="399" width="8" height="8"/>
    </entry>
    <entry id="58" name="cpd:C15972" type="compound"
        link="http://www.kegg.jp/dbget-bin/www_bget?C15972">
        <graphics name="C15972" fgcolor="#000000" bgcolor="#FFFFFF"
             type="circle" x="558" y="333" width="8" height="8"/>
    </entry>
    <entry id="59" name="cpd:C15972" type="compound"
        link="http://www.kegg.jp/dbget-bin/www_bget?C15972">
        <graphics name="C15972" fgcolor="#000000" bgcolor="#FFFFFF"
             type="circle" x="391" y="333" width="8" height="8"/>
    </entry>
    <entry id="60" name="cpd:C15976" type="compound"
        link="http://www.kegg.jp/dbget-bin/www_bget?C15976">
        <graphics name="C15976" fgcolor="#000000" bgcolor="#FFFFFF"
             type="circle" x="429" y="308" width="8" height="8"/>
    </entry>
    <entry id="61" name="cpd:C00068" type="compound"
        link="http://www.kegg.jp/dbget-bin/www_bget?C00068">
        <graphics name="C00068" fgcolor="#000000" bgcolor="#FFFFFF"
             type="circle" x="634" y="292" width="8" height="8"/>
    </entry>
    <entry id="62" name="cpd:C00068" type="compound"
        link="http://www.kegg.jp/dbget-bin/www_bget?C00068">
        <graphics name="C00068" fgcolor="#000000" bgcolor="#FFFFFF"
             type="circle" x="467" y="292" width="8" height="8"/>
    </entry>
    <entry id="63" name="hsa:1738" type="gene" reaction="rn:R07618"
        link="http://www.kegg.jp/dbget-bin/www_bget?hsa:1738">
        <graphics name="DLD, DLDD, DLDH, E3, GCSL, LAD, PHE3" fgcolor="#000000" bgcolor="#BFFFBF"
             type="rectangle" x="392" y="372" width="46" height="17"/>
    </entry>
    <entry id="64" name="hsa:593 hsa:594" type="gene" reaction="rn:R07600"
        link="http://www.kegg.jp/dbget-bin/www_bget?hsa:593+hsa:594">
        <graphics name="BCKDHA, BCKDE1A, MSU, MSUD1, OVD1A..." fgcolor="#000000" bgcolor="#BFFFBF"
             type="rectangle" x="430" y="335" width="46" height="17"/>
    </entry>
    <entry id="65" name="cpd:C15973" type="compound"
        link="http://www.kegg.jp/dbget-bin/www_bget?C15973">
        <graphics name="C15973" fgcolor="#000000" bgcolor="#FFFFFF"
             type="circle" x="114" y="399" width="8" height="8"/>
    </entry>
    <entry id="66" name="cpd:C15972" type="compound"
        link="http://www.kegg.jp/dbget-bin/www_bget?C15972">
        <graphics name="C15972" fgcolor="#000000" bgcolor="#FFFFFF"
             type="circle" x="114" y="333" width="8" height="8"/>
    </entry>
    <entry id="67" name="cpd:C15974" type="compound"
        link="http://www.kegg.jp/dbget-bin/www_bget?C15974">
        <graphics name="C15974" fgcolor="#000000" bgcolor="#FFFFFF"
             type="circle" x="152" y="308" width="8" height="8"/>
    </entry>
    <entry id="68" name="cpd:C00068" type="compound"
        link="http://www.kegg.jp/dbget-bin/www_bget?C00068">
        <graphics name="C00068" fgcolor="#000000" bgcolor="#FFFFFF"
             type="circle" x="190" y="292" width="8" height="8"/>
    </entry>
    <entry id="69" name="hsa:1738" type="gene" reaction="rn:R07618"
        link="http://www.kegg.jp/dbget-bin/www_bget?hsa:1738">
        <graphics name="DLD, DLDD, DLDH, E3, GCSL, LAD, PHE3" fgcolor="#000000" bgcolor="#BFFFBF"
             type="rectangle" x="115" y="372" width="46" height="17"/>
    </entry>
    <entry id="70" name="hsa:593 hsa:594" type="gene" reaction="rn:R07602"
        link="http://www.kegg.jp/dbget-bin/www_bget?hsa:593+hsa:594">
        <graphics name="BCKDHA, BCKDE1A, MSU, MSUD1, OVD1A..." fgcolor="#000000" bgcolor="#BFFFBF"
             type="rectangle" x="153" y="335" width="46" height="17"/>
    </entry>
    <entry id="71" name="path:map00522" type="map"
        link="http://www.kegg.jp/dbget-bin/www_bget?map00522">
        <graphics name="Biosynthesis of 12-, 14- and 16-membered macrolides" fgcolor="#000000" bgcolor="#FFFFFF"
             type="roundrectangle" x="110" y="911" width="151" height="34"/>
    </entry>
    <entry id="72" name="path:map01056" type="map"
        link="http://www.kegg.jp/dbget-bin/www_bget?map01056">
        <graphics name="Biosynthesis of type II polyketide backbone" fgcolor="#000000" bgcolor="#FFFFFF"
             type="roundrectangle" x="98" y="867" width="127" height="34"/>
    </entry>
    <entry id="73" name="hsa:38 hsa:39" type="gene" reaction="rn:R00238"
        link="http://www.kegg.jp/dbget-bin/www_bget?hsa:38+hsa:39">
        <graphics name="ACAT1, ACAT, MAT, T2, THIL..." fgcolor="#000000" bgcolor="#BFFFBF"
             type="rectangle" x="330" y="691" width="46" height="17"/>
    </entry>
    <entry id="74" name="path:hsa00280" type="map"
        link="http://www.kegg.jp/dbget-bin/www_bget?hsa00280">
        <graphics name="TITLE:Valine, leucine and isoleucine degradation" fgcolor="#000000" bgcolor="none"
             type="roundrectangle" x="377" y="58" width="387" height="25"/>
    </entry>
    <entry id="75" name="path:hsa00020" type="map"
        link="http://www.kegg.jp/dbget-bin/www_bget?hsa00020">
        <graphics name="Citrate cycle (TCA cycle)" fgcolor="#000000" bgcolor="#FFFFFF"
             type="roundrectangle" x="257" y="817" width="76" height="25"/>
    </entry>
    <entry id="76" name="ko:K00263" type="ortholog" reaction="rn:R03960"
        link="http://www.kegg.jp/dbget-bin/www_bget?K00263">
        <graphics name="K00263" fgcolor="#000000" bgcolor="#FFFFFF"
             type="rectangle" x="293" y="174" width="46" height="17"/>
    </entry>
    <entry id="78" name="hsa:3157 hsa:3158" type="gene" reaction="rn:R01978"
        link="http://www.kegg.jp/dbget-bin/www_bget?hsa:3157+hsa:3158">
        <graphics name="HMGCS1, HMGCS..." fgcolor="#000000" bgcolor="#BFFFBF"
             type="rectangle" x="227" y="661" width="46" height="17"/>
    </entry>
    <entry id="79" name="hsa:5019 hsa:64064" type="gene" reaction="rn:R00410"
        link="http://www.kegg.jp/dbget-bin/www_bget?hsa:5019+hsa:64064">
        <graphics name="OXCT1, OXCT, SCOT..." fgcolor="#000000" bgcolor="#BFFFBF"
             type="rectangle" x="203" y="733" width="46" height="17"/>
    </entry>
    <entry id="80" name="hsa:3155" type="gene" reaction="rn:R01360"
        link="http://www.kegg.jp/dbget-bin/www_bget?hsa:3155">
        <graphics name="HMGCL, HL" fgcolor="#000000" bgcolor="#BFFFBF"
             type="rectangle" x="152" y="691" width="46" height="17"/>
    </entry>
    <entry id="81" name="hsa:549" type="gene" reaction="rn:R02085"
        link="http://www.kegg.jp/dbget-bin/www_bget?hsa:549">
        <graphics name="AUH" fgcolor="#000000" bgcolor="#BFFFBF"
             type="rectangle" x="153" y="627" width="46" height="17"/>
    </entry>
    <entry id="82" name="hsa:56922 hsa:64087" type="gene" reaction="rn:R04138"
        link="http://www.kegg.jp/dbget-bin/www_bget?hsa:56922+hsa:64087">
        <graphics name="MCCC1, MCC-B, MCCA..." fgcolor="#000000" bgcolor="#BFFFBF"
             type="rectangle" x="153" y="566" width="46" height="17"/>
    </entry>
    <entry id="83" name="hsa:1892 hsa:1962 hsa:3030" type="gene" reaction="rn:R04137"
        link="http://www.kegg.jp/dbget-bin/www_bget?hsa:1892+hsa:1962+hsa:3030">
        <graphics name="ECHS1, SCEH..." fgcolor="#000000" bgcolor="#BFFFBF"
             type="rectangle" x="107" y="538" width="46" height="17"/>
    </entry>
    <entry id="84" name="hsa:3712" type="gene" reaction="rn:R04095"
        link="http://www.kegg.jp/dbget-bin/www_bget?hsa:3712">
        <graphics name="IVD, ACAD2" fgcolor="#000000" bgcolor="#BFFFBF"
             type="rectangle" x="153" y="487" width="46" height="17"/>
    </entry>
    <entry id="85" name="hsa:593 hsa:594" type="gene" reaction="rn:R07603"
        link="http://www.kegg.jp/dbget-bin/www_bget?hsa:593+hsa:594">
        <graphics name="BCKDHA, BCKDE1A, MSU, MSUD1, OVD1A..." fgcolor="#000000" bgcolor="#BFFFBF"
             type="rectangle" x="597" y="271" width="46" height="17"/>
    </entry>
    <entry id="86" name="ko:K00263" type="ortholog" reaction="rn:R01088"
        link="http://www.kegg.jp/dbget-bin/www_bget?K00263">
        <graphics name="K00263" fgcolor="#000000" bgcolor="#FFFFFF"
             type="rectangle" x="78" y="204" width="46" height="17"/>
    </entry>
    <entry id="88" name="hsa:586 hsa:587" type="gene" reaction="rn:R01214"
        link="http://www.kegg.jp/dbget-bin/www_bget?hsa:586+hsa:587">
        <graphics name="BCAT1, BCATC, BCT1, ECA39, MECA39, PNAS121, PP18..." fgcolor="#000000" bgcolor="#BFFFBF"
             type="rectangle" x="430" y="204" width="46" height="17"/>
    </entry>
    <entry id="89" name="hsa:10449 hsa:30 hsa:3032" type="gene" reaction="rn:R00927"
        link="http://www.kegg.jp/dbget-bin/www_bget?hsa:10449+hsa:30+hsa:3032">
        <graphics name="ACAA2, DSAEC..." fgcolor="#000000" bgcolor="#BFFFBF"
             type="rectangle" x="599" y="711" width="46" height="17"/>
    </entry>
    <entry id="90" name="hsa:1962 hsa:3033" type="gene" reaction="rn:R05066"
        link="http://www.kegg.jp/dbget-bin/www_bget?hsa:1962+hsa:3033">
        <graphics name="EHHADH, ECHD, FRTS3, L-PBE, LBFP, LBP, PBFE..." fgcolor="#000000" bgcolor="#BFFFBF"
             type="rectangle" x="454" y="711" width="46" height="17"/>
    </entry>
    <entry id="91" name="hsa:1892 hsa:1962 hsa:3030" type="gene" reaction="rn:R04204"
        link="http://www.kegg.jp/dbget-bin/www_bget?hsa:1892+hsa:1962+hsa:3030">
        <graphics name="ECHS1, SCEH..." fgcolor="#000000" bgcolor="#BFFFBF"
             type="rectangle" x="599" y="574" width="46" height="17"/>
    </entry>
    <entry id="92" name="hsa:36" type="gene" reaction="rn:R02661"
        link="http://www.kegg.jp/dbget-bin/www_bget?hsa:36">
        <graphics name="ACADSB, 2-MEBCAD, ACAD7, SBCAD" fgcolor="#000000" bgcolor="#BFFFBF"
             type="rectangle" x="454" y="487" width="46" height="17"/>
    </entry>
    <entry id="93" name="hsa:1629" type="gene" reaction="rn:R03174"
        link="http://www.kegg.jp/dbget-bin/www_bget?hsa:1629">
        <graphics name="DBT, BCATE2, BCKAD-E2, BCKADE2, E2, E2B" fgcolor="#000000" bgcolor="#BFFFBF"
             type="rectangle" x="597" y="409" width="46" height="17"/>
    </entry>
    <entry id="94" name="hsa:593 hsa:594" type="gene" reaction="rn:R07599"
        link="http://www.kegg.jp/dbget-bin/www_bget?hsa:593+hsa:594">
        <graphics name="BCKDHA, BCKDE1A, MSU, MSUD1, OVD1A..." fgcolor="#000000" bgcolor="#BFFFBF"
             type="rectangle" x="430" y="271" width="46" height="17"/>
    </entry>
    <entry id="95" name="hsa:586 hsa:587" type="gene" reaction="rn:R02199"
        link="http://www.kegg.jp/dbget-bin/www_bget?hsa:586+hsa:587">
        <graphics name="BCAT1, BCATC, BCT1, ECA39, MECA39, PNAS121, PP18..." fgcolor="#000000" bgcolor="#BFFFBF"
             type="rectangle" x="597" y="204" width="46" height="17"/>
    </entry>
    <entry id="96" name="hsa:259307" type="gene" reaction="rn:R02197"
        link="http://www.kegg.jp/dbget-bin/www_bget?hsa:259307">
        <graphics name="IL4I1, FIG1, LAAO, LAO" fgcolor="#000000" bgcolor="#BFFFBF"
             type="rectangle" x="549" y="204" width="46" height="17"/>
    </entry>
    <entry id="97" name="hsa:4594" type="gene" reaction="rn:R00833"
        link="http://www.kegg.jp/dbget-bin/www_bget?hsa:4594">
        <graphics name="MUT, MCM" fgcolor="#000000" bgcolor="#BFFFBF"
             type="rectangle" x="348" y="880" width="46" height="17"/>
    </entry>
    <entry id="98" name="hsa:84693" type="gene" reaction="rn:R02765"
        link="http://www.kegg.jp/dbget-bin/www_bget?hsa:84693">
        <graphics name="MCEE, GLOD2" fgcolor="#000000" bgcolor="#BFFFBF"
             type="rectangle" x="506" y="880" width="46" height="17"/>
    </entry>
    <entry id="99" name="hsa:5095 hsa:5096" type="gene" reaction="rn:R01859"
        link="http://www.kegg.jp/dbget-bin/www_bget?hsa:5095+hsa:5096">
        <graphics name="PCCA..." fgcolor="#000000" bgcolor="#BFFFBF"
             type="rectangle" x="599" y="816" width="46" height="17"/>
    </entry>
    <entry id="100" name="hsa:316" type="gene" reaction="rn:R03871"
        link="http://www.kegg.jp/dbget-bin/www_bget?hsa:316">
        <graphics name="AOX1, AO, AOH1" fgcolor="#000000" bgcolor="#BFFFBF"
             type="rectangle" x="454" y="803" width="46" height="17"/>
    </entry>
    <entry id="101" name="hsa:217 hsa:219 hsa:223 hsa:224 hsa:501" type="gene" reaction="rn:R03869"
        link="http://www.kegg.jp/dbget-bin/www_bget?hsa:217+hsa:219+hsa:223+hsa:224+hsa:501">
        <graphics name="ALDH2, ALDH-E2, ALDHI, ALDM..." fgcolor="#000000" bgcolor="#BFFFBF"
             type="rectangle" x="404" y="803" width="46" height="17"/>
    </entry>
    <entry id="102" name="hsa:4329" type="gene" reaction="rn:R00935"
        link="http://www.kegg.jp/dbget-bin/www_bget?hsa:4329">
        <graphics name="ALDH6A1, MMSADHA, MMSDH" fgcolor="#000000" bgcolor="#BFFFBF"
             type="rectangle" x="507" y="756" width="46" height="17"/>
    </entry>
    <entry id="103" name="hsa:18" type="gene" reaction="rn:R04188"
        link="http://www.kegg.jp/dbget-bin/www_bget?hsa:18">
        <graphics name="ABAT, GABA-AT, GABAT, NPD009" fgcolor="#000000" bgcolor="#BFFFBF"
             type="rectangle" x="383" y="767" width="46" height="17"/>
    </entry>
    <entry id="104" name="hsa:1962 hsa:3028 hsa:3033" type="gene" reaction="rn:R04203"
        link="http://www.kegg.jp/dbget-bin/www_bget?hsa:1962+hsa:3028+hsa:3033">
        <graphics name="EHHADH, ECHD, FRTS3, L-PBE, LBFP, LBP, PBFE..." fgcolor="#000000" bgcolor="#BFFFBF"
             type="rectangle" x="573" y="646" width="46" height="17"/>
    </entry>
    <entry id="105" name="hsa:11112" type="gene" reaction="rn:R05066"
        link="http://www.kegg.jp/dbget-bin/www_bget?hsa:11112">
        <graphics name="HIBADH, NS5ATP1" fgcolor="#000000" bgcolor="#BFFFBF"
             type="rectangle" x="404" y="711" width="46" height="17"/>
    </entry>
    <entry id="106" name="hsa:26275" type="gene" reaction="rn:R05064"
        link="http://www.kegg.jp/dbget-bin/www_bget?hsa:26275">
        <graphics name="HIBCH, HIBYLCOAH" fgcolor="#000000" bgcolor="#BFFFBF"
             type="rectangle" x="430" y="646" width="46" height="17"/>
    </entry>
    <entry id="107" name="hsa:3028" type="gene" reaction="rn:R04203"
        link="http://www.kegg.jp/dbget-bin/www_bget?hsa:3028">
        <graphics name="HSD17B10, 17b-HSD10, ABAD, CAMR, DUPXp11.22, ERAB, HADH2, HCD2, MHBD, MRPP2, MRX17, MRX31, MRXS10, SCHAD, SDR5C1" fgcolor="#000000" bgcolor="#BFFFBF"
             type="rectangle" x="623" y="646" width="46" height="17"/>
    </entry>
    <entry id="108" name="hsa:1892 hsa:1962 hsa:3030" type="gene" reaction="rn:R04224"
        link="http://www.kegg.jp/dbget-bin/www_bget?hsa:1892+hsa:1962+hsa:3030">
        <graphics name="ECHS1, SCEH..." fgcolor="#000000" bgcolor="#BFFFBF"
             type="rectangle" x="430" y="574" width="46" height="17"/>
    </entry>
    <entry id="109" name="hsa:34" type="gene" reaction="rn:R02661"
        link="http://www.kegg.jp/dbget-bin/www_bget?hsa:34">
        <graphics name="ACADM, ACAD1, MCAD, MCADH" fgcolor="#000000" bgcolor="#BFFFBF"
             type="rectangle" x="354" y="487" width="46" height="17"/>
    </entry>
    <entry id="110" name="hsa:36" type="gene" reaction="rn:R03172"
        link="http://www.kegg.jp/dbget-bin/www_bget?hsa:36">
        <graphics name="ACADSB, 2-MEBCAD, ACAD7, SBCAD" fgcolor="#000000" bgcolor="#BFFFBF"
             type="rectangle" x="623" y="487" width="46" height="17"/>
    </entry>
    <entry id="111" name="hsa:1629" type="gene" reaction="rn:R02662"
        link="http://www.kegg.jp/dbget-bin/www_bget?hsa:1629">
        <graphics name="DBT, BCATE2, BCKAD-E2, BCKADE2, E2, E2B" fgcolor="#000000" bgcolor="#BFFFBF"
             type="rectangle" x="430" y="409" width="46" height="17"/>
    </entry>
    <entry id="112" name="hsa:593 hsa:594" type="gene" reaction="rn:R07601"
        link="http://www.kegg.jp/dbget-bin/www_bget?hsa:593+hsa:594">
        <graphics name="BCKDHA, BCKDE1A, MSU, MSUD1, OVD1A..." fgcolor="#000000" bgcolor="#BFFFBF"
             type="rectangle" x="153" y="271" width="46" height="17"/>
    </entry>
    <entry id="113" name="hsa:1629" type="gene" reaction="rn:R04097"
        link="http://www.kegg.jp/dbget-bin/www_bget?hsa:1629">
        <graphics name="DBT, BCATE2, BCKAD-E2, BCKADE2, E2, E2B" fgcolor="#000000" bgcolor="#BFFFBF"
             type="rectangle" x="153" y="409" width="46" height="17"/>
    </entry>
    <entry id="114" name="hsa:586 hsa:587" type="gene" reaction="rn:R01090"
        link="http://www.kegg.jp/dbget-bin/www_bget?hsa:586+hsa:587">
        <graphics name="BCAT1, BCATC, BCT1, ECA39, MECA39, PNAS121, PP18..." fgcolor="#000000" bgcolor="#BFFFBF"
             type="rectangle" x="127" y="204" width="46" height="17"/>
    </entry>
    <entry id="115" name="path:hsa00240" type="map"
        link="http://www.kegg.jp/dbget-bin/www_bget?hsa00240">
        <graphics name="Pyrimidine metabolism" fgcolor="#000000" bgcolor="#FFFFFF"
             type="roundrectangle" x="337" y="817" width="72" height="34"/>
    </entry>
    <entry id="116" name="path:hsa00640" type="map"
        link="http://www.kegg.jp/dbget-bin/www_bget?hsa00640">
        <graphics name="Propanoate metabolism" fgcolor="#000000" bgcolor="#FFFFFF"
             type="roundrectangle" x="667" y="814" width="73" height="34"/>
    </entry>
    <entry id="117" name="ko:K00822" type="ortholog" reaction="rn:R04187"
        link="http://www.kegg.jp/dbget-bin/www_bget?K00822">
        <graphics name="K00822" fgcolor="#000000" bgcolor="#FFFFFF"
             type="rectangle" x="383" y="746" width="46" height="17"/>
    </entry>
    <entry id="118" name="path:hsa00290" type="map"
        link="http://www.kegg.jp/dbget-bin/www_bget?hsa00290">
        <graphics name="Valine, leucine and isoleucine biosynthesis" fgcolor="#000000" bgcolor="#FFFFFF"
             type="roundrectangle" x="345" y="115" width="127" height="34"/>
    </entry>
    <entry id="119" name="hsa:34" type="gene" reaction="rn:R04095"
        link="http://www.kegg.jp/dbget-bin/www_bget?hsa:34">
        <graphics name="ACADM, ACAD1, MCAD, MCADH" fgcolor="#000000" bgcolor="#BFFFBF"
             type="rectangle" x="201" y="487" width="46" height="17"/>
    </entry>
    <entry id="120" name="hsa:34" type="gene" reaction="rn:R03172"
        link="http://www.kegg.jp/dbget-bin/www_bget?hsa:34">
        <graphics name="ACADM, ACAD1, MCAD, MCADH" fgcolor="#000000" bgcolor="#BFFFBF"
             type="rectangle" x="673" y="487" width="46" height="17"/>
    </entry>
    <entry id="121" name="ko:K00186 ko:K00187 ko:K00189 ko:K00188" type="ortholog" reaction="rn:R08566"
        link="http://www.kegg.jp/dbget-bin/www_bget?K00186+K00187+K00189+K00188">
        <graphics name="K00186..." fgcolor="#000000" bgcolor="#FFFFFF"
             type="rectangle" x="40" y="293" width="46" height="17"/>
    </entry>
    <entry id="122" name="ko:K00186 ko:K00187 ko:K00189 ko:K00188" type="ortholog" reaction="rn:R07160"
        link="http://www.kegg.jp/dbget-bin/www_bget?K00186+K00187+K00189+K00188">
        <graphics name="K00186..." fgcolor="#000000" bgcolor="#FFFFFF"
             type="rectangle" x="317" y="293" width="46" height="17"/>
    </entry>
    <entry id="123" name="ko:K00186 ko:K00187 ko:K00189 ko:K00188" type="ortholog" reaction="rn:R08567"
        link="http://www.kegg.jp/dbget-bin/www_bget?K00186+K00187+K00189+K00188">
        <graphics name="K00186..." fgcolor="#000000" bgcolor="#FFFFFF"
             type="rectangle" x="709" y="293" width="46" height="17"/>
    </entry>
    <entry id="124" name="hsa:35" type="gene" reaction="rn:R02661"
        link="http://www.kegg.jp/dbget-bin/www_bget?hsa:35">
        <graphics name="ACADS, ACAD3, SCAD" fgcolor="#000000" bgcolor="#BFFFBF"
             type="rectangle" x="404" y="487" width="46" height="17"/>
    </entry>
    <entry id="125" name="hsa:35" type="gene" reaction="rn:R03172"
        link="http://www.kegg.jp/dbget-bin/www_bget?hsa:35">
        <graphics name="ACADS, ACAD3, SCAD" fgcolor="#000000" bgcolor="#BFFFBF"
             type="rectangle" x="573" y="487" width="46" height="17"/>
    </entry>
    <entry id="126" name="cpd:C00123" type="compound"
        link="http://www.kegg.jp/dbget-bin/www_bget?C00123">
        <graphics name="C00123" fgcolor="#000000" bgcolor="#FFFFFF"
             type="circle" x="152" y="173" width="8" height="8"/>
    </entry>
    <entry id="127" name="cpd:C02486" type="compound"
        link="http://www.kegg.jp/dbget-bin/www_bget?C02486">
        <graphics name="C02486" fgcolor="#000000" bgcolor="#FFFFFF"
             type="circle" x="247" y="173" width="8" height="8"/>
    </entry>
    <entry id="128" name="cpd:C00233" type="compound"
        link="http://www.kegg.jp/dbget-bin/www_bget?C00233">
        <graphics name="C00233" fgcolor="#000000" bgcolor="#FFFFFF"
             type="circle" x="152" y="239" width="8" height="8"/>
    </entry>
    <entry id="129" name="cpd:C15975" type="compound"
        link="http://www.kegg.jp/dbget-bin/www_bget?C15975">
        <graphics name="C15975" fgcolor="#000000" bgcolor="#FFFFFF"
             type="circle" x="152" y="377" width="8" height="8"/>
    </entry>
    <entry id="130" name="cpd:C02939" type="compound"
        link="http://www.kegg.jp/dbget-bin/www_bget?C02939">
        <graphics name="C02939" fgcolor="#000000" bgcolor="#FFFFFF"
             type="circle" x="152" y="445" width="8" height="8"/>
    </entry>
    <entry id="131" name="cpd:C03069" type="compound"
        link="http://www.kegg.jp/dbget-bin/www_bget?C03069">
        <graphics name="C03069" fgcolor="#000000" bgcolor="#FFFFFF"
             type="circle" x="152" y="537" width="8" height="8"/>
    </entry>
    <entry id="132" name="cpd:C05998" type="compound"
        link="http://www.kegg.jp/dbget-bin/www_bget?C05998">
        <graphics name="C05998" fgcolor="#000000" bgcolor="#FFFFFF"
             type="circle" x="61" y="537" width="8" height="8"/>
    </entry>
    <entry id="133" name="cpd:C03231" type="compound"
        link="http://www.kegg.jp/dbget-bin/www_bget?C03231">
        <graphics name="C03231" fgcolor="#000000" bgcolor="#FFFFFF"
             type="circle" x="152" y="597" width="8" height="8"/>
    </entry>
    <entry id="134" name="cpd:C00356" type="compound"
        link="http://www.kegg.jp/dbget-bin/www_bget?C00356">
        <graphics name="C00356" fgcolor="#000000" bgcolor="#FFFFFF"
             type="circle" x="152" y="659" width="8" height="8"/>
    </entry>
    <entry id="135" name="cpd:C00164" type="compound"
        link="http://www.kegg.jp/dbget-bin/www_bget?C00164">
        <graphics name="C00164" fgcolor="#000000" bgcolor="#FFFFFF"
             type="circle" x="152" y="731" width="8" height="8"/>
    </entry>
    <entry id="136" name="cpd:C00332" type="compound"
        link="http://www.kegg.jp/dbget-bin/www_bget?C00332">
        <graphics name="C00332" fgcolor="#000000" bgcolor="#FFFFFF"
             type="circle" x="299" y="659" width="8" height="8"/>
    </entry>
    <entry id="137" name="cpd:C00024" type="compound"
        link="http://www.kegg.jp/dbget-bin/www_bget?C00024">
        <graphics name="C00024" fgcolor="#000000" bgcolor="#FFFFFF"
             type="circle" x="257" y="727" width="8" height="8"/>
    </entry>
    <entry id="138" name="cpd:C00091" type="compound"
        link="http://www.kegg.jp/dbget-bin/www_bget?C00091">
        <graphics name="C00091" fgcolor="#000000" bgcolor="#FFFFFF"
             type="circle" x="257" y="879" width="8" height="8"/>
    </entry>
    <entry id="139" name="cpd:C03284" type="compound"
        link="http://www.kegg.jp/dbget-bin/www_bget?C03284">
        <graphics name="C03284" fgcolor="#000000" bgcolor="#FFFFFF"
             type="circle" x="337" y="756" width="8" height="8"/>
    </entry>
    <entry id="140" name="cpd:C06002" type="compound"
        link="http://www.kegg.jp/dbget-bin/www_bget?C06002">
        <graphics name="C06002" fgcolor="#000000" bgcolor="#FFFFFF"
             type="circle" x="429" y="756" width="8" height="8"/>
    </entry>
    <entry id="141" name="cpd:C02170" type="compound"
        link="http://www.kegg.jp/dbget-bin/www_bget?C02170">
        <graphics name="C02170" fgcolor="#000000" bgcolor="#FFFFFF"
             type="circle" x="429" y="835" width="8" height="8"/>
    </entry>
    <entry id="142" name="cpd:C01213" type="compound"
        link="http://www.kegg.jp/dbget-bin/www_bget?C01213">
        <graphics name="C01213" fgcolor="#000000" bgcolor="#FFFFFF"
             type="circle" x="429" y="879" width="8" height="8"/>
    </entry>
    <entry id="143" name="cpd:C00683" type="compound"
        link="http://www.kegg.jp/dbget-bin/www_bget?C00683">
        <graphics name="C00683" fgcolor="#000000" bgcolor="#FFFFFF"
             type="circle" x="598" y="879" width="8" height="8"/>
    </entry>
    <entry id="144" name="cpd:C00100" type="compound"
        link="http://www.kegg.jp/dbget-bin/www_bget?C00100">
        <graphics name="C00100" fgcolor="#000000" bgcolor="#FFFFFF"
             type="circle" x="598" y="756" width="8" height="8"/>
    </entry>
    <entry id="145" name="cpd:C03344" type="compound"
        link="http://www.kegg.jp/dbget-bin/www_bget?C03344">
        <graphics name="C03344" fgcolor="#000000" bgcolor="#FFFFFF"
             type="circle" x="598" y="678" width="8" height="8"/>
    </entry>
    <entry id="146" name="cpd:C03345" type="compound"
        link="http://www.kegg.jp/dbget-bin/www_bget?C03345">
        <graphics name="C03345" fgcolor="#000000" bgcolor="#FFFFFF"
             type="circle" x="598" y="537" width="8" height="8"/>
    </entry>
    <entry id="147" name="cpd:C04405" type="compound"
        link="http://www.kegg.jp/dbget-bin/www_bget?C04405">
        <graphics name="C04405" fgcolor="#000000" bgcolor="#FFFFFF"
             type="circle" x="598" y="614" width="8" height="8"/>
    </entry>
    <entry id="148" name="cpd:C05996" type="compound"
        link="http://www.kegg.jp/dbget-bin/www_bget?C05996">
        <graphics name="C05996" fgcolor="#000000" bgcolor="#FFFFFF"
             type="circle" x="286" y="445" width="8" height="8"/>
    </entry>
    <entry id="149" name="cpd:C00630" type="compound"
        link="http://www.kegg.jp/dbget-bin/www_bget?C00630">
        <graphics name="C00630" fgcolor="#000000" bgcolor="#FFFFFF"
             type="circle" x="429" y="445" width="8" height="8"/>
    </entry>
    <entry id="150" name="cpd:C03460" type="compound"
        link="http://www.kegg.jp/dbget-bin/www_bget?C03460">
        <graphics name="C03460" fgcolor="#000000" bgcolor="#FFFFFF"
             type="circle" x="429" y="537" width="8" height="8"/>
    </entry>
    <entry id="151" name="cpd:C06000" type="compound"
        link="http://www.kegg.jp/dbget-bin/www_bget?C06000">
        <graphics name="C06000" fgcolor="#000000" bgcolor="#FFFFFF"
             type="circle" x="429" y="614" width="8" height="8"/>
    </entry>
    <entry id="152" name="cpd:C06001" type="compound"
        link="http://www.kegg.jp/dbget-bin/www_bget?C06001">
        <graphics name="C06001" fgcolor="#000000" bgcolor="#FFFFFF"
             type="circle" x="429" y="678" width="8" height="8"/>
    </entry>
    <entry id="153" name="cpd:C03467" type="compound"
        link="http://www.kegg.jp/dbget-bin/www_bget?C03467">
        <graphics name="C03467" fgcolor="#000000" bgcolor="#FFFFFF"
             type="circle" x="344" y="173" width="8" height="8"/>
    </entry>
    <entry id="154" name="cpd:C00183" type="compound"
        link="http://www.kegg.jp/dbget-bin/www_bget?C00183">
        <graphics name="C00183" fgcolor="#000000" bgcolor="#FFFFFF"
             type="circle" x="429" y="173" width="8" height="8"/>
    </entry>
    <entry id="155" name="cpd:C00141" type="compound"
        link="http://www.kegg.jp/dbget-bin/www_bget?C00141">
        <graphics name="C00141" fgcolor="#000000" bgcolor="#FFFFFF"
             type="circle" x="429" y="239" width="8" height="8"/>
    </entry>
    <entry id="156" name="cpd:C15977" type="compound"
        link="http://www.kegg.jp/dbget-bin/www_bget?C15977">
        <graphics name="C15977" fgcolor="#000000" bgcolor="#FFFFFF"
             type="circle" x="429" y="377" width="8" height="8"/>
    </entry>
    <entry id="157" name="cpd:C00407" type="compound"
        link="http://www.kegg.jp/dbget-bin/www_bget?C00407">
        <graphics name="C00407" fgcolor="#000000" bgcolor="#FFFFFF"
             type="circle" x="596" y="173" width="8" height="8"/>
    </entry>
    <entry id="158" name="cpd:C00671" type="compound"
        link="http://www.kegg.jp/dbget-bin/www_bget?C00671">
        <graphics name="C00671" fgcolor="#000000" bgcolor="#FFFFFF"
             type="circle" x="596" y="239" width="8" height="8"/>
    </entry>
    <entry id="159" name="cpd:C15979" type="compound"
        link="http://www.kegg.jp/dbget-bin/www_bget?C15979">
        <graphics name="C15979" fgcolor="#000000" bgcolor="#FFFFFF"
             type="circle" x="596" y="377" width="8" height="8"/>
    </entry>
    <entry id="160" name="cpd:C15980" type="compound"
        link="http://www.kegg.jp/dbget-bin/www_bget?C15980">
        <graphics name="C15980" fgcolor="#000000" bgcolor="#FFFFFF"
             type="circle" x="596" y="445" width="8" height="8"/>
    </entry>
    <entry id="172" name="hsa:27034" type="gene" reaction="rn:R02661"
        link="http://www.kegg.jp/dbget-bin/www_bget?hsa:27034">
        <graphics name="ACAD8, ACAD-8, ARC42" fgcolor="#000000" bgcolor="#BFFFBF"
             type="rectangle" x="430" y="506" width="46" height="17"/>
    </entry>
    <entry id="174" name="ko:K00271" type="ortholog" reaction="rn:R01434"
        link="http://www.kegg.jp/dbget-bin/www_bget?K00271">
        <graphics name="K00271" fgcolor="#000000" bgcolor="#FFFFFF"
             type="rectangle" x="382" y="204" width="46" height="17"/>
    </entry>
    <relation entry1="112" entry2="114" type="ECrel">
        <subtype name="compound" value="128"/>
    </relation>
    <relation entry1="69" entry2="70" type="ECrel">
        <subtype name="compound" value="66"/>
    </relation>
    <relation entry1="69" entry2="113" type="ECrel">
        <subtype name="compound" value="65"/>
    </relation>
    <relation entry1="70" entry2="113" type="ECrel">
        <subtype name="compound" value="129"/>
    </relation>
    <relation entry1="84" entry2="113" type="ECrel">
        <subtype name="compound" value="130"/>
    </relation>
    <relation entry1="113" entry2="119" type="ECrel">
        <subtype name="compound" value="130"/>
    </relation>
    <relation entry1="83" entry2="84" type="ECrel">
        <subtype name="compound" value="131"/>
    </relation>
    <relation entry1="82" entry2="84" type="ECrel">
        <subtype name="compound" value="131"/>
    </relation>
    <relation entry1="83" entry2="119" type="ECrel">
        <subtype name="compound" value="131"/>
    </relation>
    <relation entry1="82" entry2="119" type="ECrel">
        <subtype name="compound" value="131"/>
    </relation>
    <relation entry1="82" entry2="83" type="ECrel">
        <subtype name="compound" value="131"/>
    </relation>
    <relation entry1="81" entry2="82" type="ECrel">
        <subtype name="compound" value="133"/>
    </relation>
    <relation entry1="80" entry2="81" type="ECrel">
        <subtype name="compound" value="134"/>
    </relation>
    <relation entry1="78" entry2="81" type="ECrel">
        <subtype name="compound" value="134"/>
    </relation>
    <relation entry1="79" entry2="80" type="ECrel">
        <subtype name="compound" value="135"/>
    </relation>
    <relation entry1="73" entry2="78" type="ECrel">
        <subtype name="compound" value="137"/>
    </relation>
    <relation entry1="73" entry2="78" type="ECrel">
        <subtype name="compound" value="136"/>
    </relation>
    <relation entry1="78" entry2="79" type="ECrel">
        <subtype name="compound" value="136"/>
    </relation>
    <relation entry1="73" entry2="79" type="ECrel">
        <subtype name="compound" value="136"/>
    </relation>
    <relation entry1="73" entry2="80" type="ECrel">
        <subtype name="compound" value="137"/>
    </relation>
    <relation entry1="80" entry2="89" type="ECrel">
        <subtype name="compound" value="137"/>
    </relation>
    <relation entry1="78" entry2="89" type="ECrel">
        <subtype name="compound" value="137"/>
    </relation>
    <relation entry1="73" entry2="89" type="ECrel">
        <subtype name="compound" value="137"/>
    </relation>
    <relation entry1="97" entry2="98" type="ECrel">
        <subtype name="compound" value="142"/>
    </relation>
    <relation entry1="98" entry2="99" type="ECrel">
        <subtype name="compound" value="143"/>
    </relation>
    <relation entry1="99" entry2="102" type="ECrel">
        <subtype name="compound" value="144"/>
    </relation>
    <relation entry1="89" entry2="99" type="ECrel">
        <subtype name="compound" value="144"/>
    </relation>
    <relation entry1="89" entry2="102" type="ECrel">
        <subtype name="compound" value="144"/>
    </relation>
    <relation entry1="89" entry2="104" type="ECrel">
        <subtype name="compound" value="145"/>
    </relation>
    <relation entry1="89" entry2="107" type="ECrel">
        <subtype name="compound" value="145"/>
    </relation>
    <relation entry1="91" entry2="104" type="ECrel">
        <subtype name="compound" value="147"/>
    </relation>
    <relation entry1="91" entry2="107" type="ECrel">
        <subtype name="compound" value="147"/>
    </relation>
    <relation entry1="91" entry2="120" type="ECrel">
        <subtype name="compound" value="146"/>
    </relation>
    <relation entry1="91" entry2="110" type="ECrel">
        <subtype name="compound" value="146"/>
    </relation>
    <relation entry1="91" entry2="125" type="ECrel">
        <subtype name="compound" value="146"/>
    </relation>
    <relation entry1="93" entry2="125" type="ECrel">
        <subtype name="compound" value="160"/>
    </relation>
    <relation entry1="93" entry2="110" type="ECrel">
        <subtype name="compound" value="160"/>
    </relation>
    <relation entry1="93" entry2="120" type="ECrel">
        <subtype name="compound" value="160"/>
    </relation>
    <relation entry1="54" entry2="93" type="ECrel">
        <subtype name="compound" value="159"/>
    </relation>
    <relation entry1="54" entry2="55" type="ECrel">
        <subtype name="compound" value="58"/>
    </relation>
    <relation entry1="55" entry2="93" type="ECrel">
        <subtype name="compound" value="56"/>
    </relation>
    <relation entry1="85" entry2="95" type="ECrel">
        <subtype name="compound" value="158"/>
    </relation>
    <relation entry1="85" entry2="96" type="ECrel">
        <subtype name="compound" value="158"/>
    </relation>
    <relation entry1="88" entry2="94" type="ECrel">
        <subtype name="compound" value="155"/>
    </relation>
    <relation entry1="64" entry2="111" type="ECrel">
        <subtype name="compound" value="156"/>
    </relation>
    <relation entry1="63" entry2="64" type="ECrel">
        <subtype name="compound" value="59"/>
    </relation>
    <relation entry1="63" entry2="111" type="ECrel">
        <subtype name="compound" value="57"/>
    </relation>
    <relation entry1="111" entry2="124" type="ECrel">
        <subtype name="compound" value="149"/>
    </relation>
    <relation entry1="92" entry2="111" type="ECrel">
        <subtype name="compound" value="149"/>
    </relation>
    <relation entry1="109" entry2="111" type="ECrel">
        <subtype name="compound" value="149"/>
    </relation>
    <relation entry1="108" entry2="124" type="ECrel">
        <subtype name="compound" value="150"/>
    </relation>
    <relation entry1="92" entry2="108" type="ECrel">
        <subtype name="compound" value="150"/>
    </relation>
    <relation entry1="108" entry2="109" type="ECrel">
        <subtype name="compound" value="150"/>
    </relation>
    <relation entry1="106" entry2="108" type="ECrel">
        <subtype name="compound" value="151"/>
    </relation>
    <relation entry1="90" entry2="106" type="ECrel">
        <subtype name="compound" value="152"/>
    </relation>
    <relation entry1="105" entry2="106" type="ECrel">
        <subtype name="compound" value="152"/>
    </relation>
    <relation entry1="102" entry2="105" type="ECrel">
        <subtype name="compound" value="140"/>
    </relation>
    <relation entry1="100" entry2="105" type="ECrel">
        <subtype name="compound" value="140"/>
    </relation>
    <relation entry1="101" entry2="105" type="ECrel">
        <subtype name="compound" value="140"/>
    </relation>
    <relation entry1="103" entry2="105" type="ECrel">
        <subtype name="compound" value="140"/>
    </relation>
    <relation entry1="90" entry2="102" type="ECrel">
        <subtype name="compound" value="140"/>
    </relation>
    <relation entry1="90" entry2="100" type="ECrel">
        <subtype name="compound" value="140"/>
    </relation>
    <relation entry1="90" entry2="101" type="ECrel">
        <subtype name="compound" value="140"/>
    </relation>
    <relation entry1="90" entry2="103" type="ECrel">
        <subtype name="compound" value="140"/>
    </relation>
    <relation entry1="100" entry2="102" type="ECrel">
        <subtype name="compound" value="140"/>
    </relation>
    <relation entry1="101" entry2="102" type="ECrel">
        <subtype name="compound" value="140"/>
    </relation>
    <relation entry1="102" entry2="103" type="ECrel">
        <subtype name="compound" value="140"/>
    </relation>
    <relation entry1="100" entry2="103" type="ECrel">
        <subtype name="compound" value="140"/>
    </relation>
    <relation entry1="101" entry2="103" type="ECrel">
        <subtype name="compound" value="140"/>
    </relation>
    <relation entry1="78" entry2="80" type="ECrel">
        <subtype name="compound" value="137"/>
    </relation>
    <relation entry1="78" entry2="80" type="ECrel">
        <subtype name="compound" value="134"/>
    </relation>
    <relation entry1="114" entry2="118" type="maplink">
        <subtype name="compound" value="126"/>
    </relation>
    <relation entry1="80" entry2="75" type="maplink">
        <subtype name="compound" value="137"/>
    </relation>
    <relation entry1="78" entry2="75" type="maplink">
        <subtype name="compound" value="137"/>
    </relation>
    <relation entry1="73" entry2="75" type="maplink">
        <subtype name="compound" value="137"/>
    </relation>
    <relation entry1="89" entry2="75" type="maplink">
        <subtype name="compound" value="137"/>
    </relation>
    <relation entry1="97" entry2="75" type="maplink">
        <subtype name="compound" value="138"/>
    </relation>
    <relation entry1="99" entry2="116" type="maplink">
        <subtype name="compound" value="144"/>
    </relation>
    <relation entry1="102" entry2="116" type="maplink">
        <subtype name="compound" value="144"/>
    </relation>
    <relation entry1="89" entry2="116" type="maplink">
        <subtype name="compound" value="144"/>
    </relation>
    <relation entry1="95" entry2="118" type="maplink">
        <subtype name="compound" value="157"/>
    </relation>
    <relation entry1="96" entry2="118" type="maplink">
        <subtype name="compound" value="157"/>
    </relation>
    <relation entry1="88" entry2="118" type="maplink">
        <subtype name="compound" value="154"/>
    </relation>
    <relation entry1="103" entry2="115" type="maplink">
        <subtype name="compound" value="139"/>
    </relation>
    <relation entry1="172" entry2="108" type="ECrel">
        <subtype name="compound" value="150"/>
    </relation>
    <relation entry1="172" entry2="111" type="ECrel">
        <subtype name="compound" value="149"/>
    </relation>
    <reaction id="54" name="rn:R07604" type="irreversible">
        <substrate id="58" name="cpd:C15972"/>
        <substrate id="53" name="cpd:C15978"/>
        <product id="61" name="cpd:C00068"/>
        <product id="159" name="cpd:C15979"/>
    </reaction>
    <reaction id="55" name="rn:R07618" type="irreversible">
        <substrate id="56" name="cpd:C15973"/>
        <product id="58" name="cpd:C15972"/>
    </reaction>
    <reaction id="63" name="rn:R07618" type="irreversible">
        <substrate id="57" name="cpd:C15973"/>
        <product id="59" name="cpd:C15972"/>
    </reaction>
    <reaction id="64" name="rn:R07600" type="irreversible">
        <substrate id="59" name="cpd:C15972"/>
        <substrate id="60" name="cpd:C15976"/>
        <product id="62" name="cpd:C00068"/>
        <product id="156" name="cpd:C15977"/>
    </reaction>
    <reaction id="69" name="rn:R07618" type="irreversible">
        <substrate id="65" name="cpd:C15973"/>
        <product id="66" name="cpd:C15972"/>
    </reaction>
    <reaction id="70" name="rn:R07602" type="irreversible">
        <substrate id="66" name="cpd:C15972"/>
        <substrate id="67" name="cpd:C15974"/>
        <product id="68" name="cpd:C00068"/>
        <product id="129" name="cpd:C15975"/>
    </reaction>
    <reaction id="73" name="rn:R00238" type="reversible">
        <substrate id="137" name="cpd:C00024"/>
        <product id="136" name="cpd:C00332"/>
    </reaction>
    <reaction id="78" name="rn:R01978" type="irreversible">
        <substrate id="136" name="cpd:C00332"/>
        <substrate id="137" name="cpd:C00024"/>
        <product id="134" name="cpd:C00356"/>
    </reaction>
    <reaction id="79" name="rn:R00410" type="reversible">
        <substrate id="135" name="cpd:C00164"/>
        <product id="136" name="cpd:C00332"/>
    </reaction>
    <reaction id="80" name="rn:R01360" type="irreversible">
        <substrate id="134" name="cpd:C00356"/>
        <product id="137" name="cpd:C00024"/>
        <product id="135" name="cpd:C00164"/>
    </reaction>
    <reaction id="81" name="rn:R02085" type="reversible">
        <substrate id="134" name="cpd:C00356"/>
        <product id="133" name="cpd:C03231"/>
    </reaction>
    <reaction id="82" name="rn:R04138" type="irreversible">
        <substrate id="131" name="cpd:C03069"/>
        <product id="133" name="cpd:C03231"/>
    </reaction>
    <reaction id="83" name="rn:R04137" type="reversible">
        <substrate id="132" name="cpd:C05998"/>
        <product id="131" name="cpd:C03069"/>
    </reaction>
    <reaction id="84" name="rn:R04095" type="irreversible">
        <substrate id="130" name="cpd:C02939"/>
        <product id="131" name="cpd:C03069"/>
    </reaction>
    <reaction id="85" name="rn:R07603" type="irreversible">
        <substrate id="61" name="cpd:C00068"/>
        <substrate id="158" name="cpd:C00671"/>
        <product id="53" name="cpd:C15978"/>
    </reaction>
    <reaction id="88" name="rn:R01214" type="irreversible">
        <substrate id="154" name="cpd:C00183"/>
        <product id="155" name="cpd:C00141"/>
    </reaction>
    <reaction id="89" name="rn:R00927" type="irreversible">
        <substrate id="145" name="cpd:C03344"/>
        <product id="137" name="cpd:C00024"/>
        <product id="144" name="cpd:C00100"/>
    </reaction>
    <reaction id="90" name="rn:R05066" type="reversible">
        <substrate id="152" name="cpd:C06001"/>
        <product id="140" name="cpd:C06002"/>
    </reaction>
    <reaction id="91" name="rn:R04204" type="irreversible">
        <substrate id="146" name="cpd:C03345"/>
        <product id="147" name="cpd:C04405"/>
    </reaction>
    <reaction id="92" name="rn:R02661" type="irreversible">
        <substrate id="149" name="cpd:C00630"/>
        <product id="150" name="cpd:C03460"/>
    </reaction>
    <reaction id="93" name="rn:R03174" type="irreversible">
        <substrate id="159" name="cpd:C15979"/>
        <product id="160" name="cpd:C15980"/>
        <product id="56" name="cpd:C15973"/>
    </reaction>
    <reaction id="94" name="rn:R07599" type="irreversible">
        <substrate id="155" name="cpd:C00141"/>
        <substrate id="62" name="cpd:C00068"/>
        <product id="60" name="cpd:C15976"/>
    </reaction>
    <reaction id="95" name="rn:R02199" type="irreversible">
        <substrate id="157" name="cpd:C00407"/>
        <product id="158" name="cpd:C00671"/>
    </reaction>
    <reaction id="96" name="rn:R02197" type="reversible">
        <substrate id="157" name="cpd:C00407"/>
        <product id="158" name="cpd:C00671"/>
    </reaction>
    <reaction id="97" name="rn:R00833" type="irreversible">
        <substrate id="142" name="cpd:C01213"/>
        <product id="138" name="cpd:C00091"/>
    </reaction>
    <reaction id="98" name="rn:R02765" type="irreversible">
        <substrate id="143" name="cpd:C00683"/>
        <product id="142" name="cpd:C01213"/>
    </reaction>
    <reaction id="99" name="rn:R01859" type="irreversible">
        <substrate id="144" name="cpd:C00100"/>
        <product id="143" name="cpd:C00683"/>
    </reaction>
    <reaction id="100" name="rn:R03871" type="irreversible">
        <substrate id="140" name="cpd:C06002"/>
        <product id="141" name="cpd:C02170"/>
    </reaction>
    <reaction id="101" name="rn:R03869" type="irreversible">
        <substrate id="140" name="cpd:C06002"/>
        <product id="141" name="cpd:C02170"/>
    </reaction>
    <reaction id="102" name="rn:R00935" type="irreversible">
        <substrate id="140" name="cpd:C06002"/>
        <product id="144" name="cpd:C00100"/>
    </reaction>
    <reaction id="103" name="rn:R04188" type="reversible">
        <substrate id="139" name="cpd:C03284"/>
        <product id="140" name="cpd:C06002"/>
    </reaction>
    <reaction id="104" name="rn:R04203" type="reversible">
        <substrate id="147" name="cpd:C04405"/>
        <product id="145" name="cpd:C03344"/>
    </reaction>
    <reaction id="105" name="rn:R05066" type="reversible">
        <substrate id="152" name="cpd:C06001"/>
        <product id="140" name="cpd:C06002"/>
    </reaction>
    <reaction id="106" name="rn:R05064" type="irreversible">
        <substrate id="151" name="cpd:C06000"/>
        <product id="152" name="cpd:C06001"/>
    </reaction>
    <reaction id="107" name="rn:R04203" type="reversible">
        <substrate id="147" name="cpd:C04405"/>
        <product id="145" name="cpd:C03344"/>
    </reaction>
    <reaction id="108" name="rn:R04224" type="irreversible">
        <substrate id="150" name="cpd:C03460"/>
        <product id="151" name="cpd:C06000"/>
    </reaction>
    <reaction id="109" name="rn:R02661" type="reversible">
        <substrate id="149" name="cpd:C00630"/>
        <product id="150" name="cpd:C03460"/>
    </reaction>
    <reaction id="110" name="rn:R03172" type="irreversible">
        <substrate id="160" name="cpd:C15980"/>
        <product id="146" name="cpd:C03345"/>
    </reaction>
    <reaction id="111" name="rn:R02662" type="irreversible">
        <substrate id="156" name="cpd:C15977"/>
        <product id="57" name="cpd:C15973"/>
        <product id="149" name="cpd:C00630"/>
    </reaction>
    <reaction id="112" name="rn:R07601" type="irreversible">
        <substrate id="128" name="cpd:C00233"/>
        <substrate id="68" name="cpd:C00068"/>
        <product id="67" name="cpd:C15974"/>
    </reaction>
    <reaction id="113" name="rn:R04097" type="irreversible">
        <substrate id="129" name="cpd:C15975"/>
        <product id="65" name="cpd:C15973"/>
        <product id="130" name="cpd:C02939"/>
    </reaction>
    <reaction id="114" name="rn:R01090" type="irreversible">
        <substrate id="126" name="cpd:C00123"/>
        <product id="128" name="cpd:C00233"/>
    </reaction>
    <reaction id="119" name="rn:R04095" type="reversible">
        <substrate id="130" name="cpd:C02939"/>
        <product id="131" name="cpd:C03069"/>
    </reaction>
    <reaction id="120" name="rn:R03172" type="reversible">
        <substrate id="160" name="cpd:C15980"/>
        <product id="146" name="cpd:C03345"/>
    </reaction>
    <reaction id="124" name="rn:R02661" type="irreversible">
        <substrate id="149" name="cpd:C00630"/>
        <product id="150" name="cpd:C03460"/>
    </reaction>
    <reaction id="125" name="rn:R03172" type="irreversible">
        <substrate id="160" name="cpd:C15980"/>
        <product id="146" name="cpd:C03345"/>
    </reaction>
    <reaction id="172" name="rn:R02661" type="irreversible">
        <substrate id="149" name="cpd:C00630"/>
        <product id="150" name="cpd:C03460"/>
    </reaction>
</pathway>
