<?xml version="1.0"?>
<!DOCTYPE pathway SYSTEM "http://www.kegg.jp/kegg/xml/KGML_v0.7.1_.dtd">
<!-- Creation date: Nov 20, 2012 11:18:55 +0900 (GMT+09:00) -->
<pathway name="path:hsa00514" org="hsa" number="00514"
         title="Other types of O-glycan biosynthesis"
         image="http://www.kegg.jp/kegg/pathway/hsa/hsa00514.png"
         link="http://www.kegg.jp/kegg-bin/show_pathway?hsa00514">
    <entry id="1" name="path:hsa00514" type="map"
        link="http://www.kegg.jp/dbget-bin/www_bget?hsa00514">
        <graphics name="TITLE:Other types of O-glycan biosynthesis" fgcolor="#000000" bgcolor="#FFFFFF"
             type="roundrectangle" x="207" y="58" width="333" height="25"/>
    </entry>
    <entry id="2" name="hsa:23127 hsa:79709 hsa:8985" type="gene" reaction="rn:R03380"
        link="http://www.kegg.jp/dbget-bin/www_bget?hsa:23127+hsa:79709+hsa:8985">
        <graphics name="COLGALT2, C1orf17, GLT25D2..." fgcolor="#66CC66" bgcolor="#FFFFFF"
             type="line" coords="627,464,657,464"/>
    </entry>
    <entry id="3" name="hsa:145173" type="gene" reaction="rn:R09316"
        link="http://www.kegg.jp/dbget-bin/www_bget?hsa:145173">
        <graphics name="B3GALTL, B3GLCT, B3GTL, B3Glc-T, Gal-T, beta3Glc-T" fgcolor="#66CC66" bgcolor="#FFFFFF"
             type="line" coords="754,287,769,272"/>
    </entry>
    <entry id="4" name="hsa:8985" type="gene" reaction="rn:R04491"
        link="http://www.kegg.jp/dbget-bin/www_bget?hsa:8985">
        <graphics name="PLOD3, LH3" fgcolor="#66CC66" bgcolor="#FFFFFF"
             type="line" coords="554,464,584,464"/>
    </entry>
    <entry id="5" name="hsa:6480 hsa:6487 hsa:84620" type="gene" reaction="rn:R09297 rn:R09298"
        link="http://www.kegg.jp/dbget-bin/www_bget?hsa:6480+hsa:6487+hsa:84620">
        <graphics name="ST6GAL1, SIAT1, ST6GalI, ST6N..." fgcolor="#66CC66" bgcolor="#FFFFFF"
             type="line" coords="577,243,607,243"/>
    </entry>
    <entry id="6" name="hsa:3955 hsa:4242 hsa:5986" type="gene" reaction="rn:R09296"
        link="http://www.kegg.jp/dbget-bin/www_bget?hsa:3955+hsa:4242+hsa:5986">
        <graphics name="LFNG, SCDO3..." fgcolor="#66CC66" bgcolor="#FFFFFF"
             type="line" coords="756,243,771,258"/>
    </entry>
    <entry id="7" name="hsa:2683 hsa:8703 hsa:8704" type="gene" reaction="rn:R09299"
        link="http://www.kegg.jp/dbget-bin/www_bget?hsa:2683+hsa:8703+hsa:8704">
        <graphics name="B4GALT1, B4GAL-T1, CDG2D, GGTB2, GT1, GTB, beta4Gal-T1..." fgcolor="#66CC66" bgcolor="#FFFFFF"
             type="line" coords="664,243,694,243"/>
    </entry>
    <entry id="8" name="hsa:23275 hsa:23509" type="gene" reaction="rn:R09295"
        link="http://www.kegg.jp/dbget-bin/www_bget?hsa:23275+hsa:23509">
        <graphics name="POFUT2, C21orf80, FUT13..." fgcolor="#66CC66" bgcolor="#FFFFFF"
             type="line" coords="819,266,849,266"/>
    </entry>
    <entry id="10" name="hsa:56983" type="gene" reaction="rn:R09315"
        link="http://www.kegg.jp/dbget-bin/www_bget?hsa:56983">
        <graphics name="POGLUT1, C3orf9, CLP46, KDELCL1, KTELC1, MDSRP, Rumi, hCLP46" fgcolor="#66CC66" bgcolor="#FFFFFF"
             type="line" coords="700,367,730,367"/>
    </entry>
    <entry id="11" name="hsa:283464 hsa:727936" type="gene" reaction="rn:R09290"
        link="http://www.kegg.jp/dbget-bin/www_bget?hsa:283464+hsa:727936">
        <graphics name="GXYLT1, GLT8D3..." fgcolor="#66CC66" bgcolor="#FFFFFF"
             type="line" coords="628,367,658,367"/>
    </entry>
    <entry id="12" name="hsa:285203 hsa:8473" type="gene" reaction="rn:R09304"
        link="http://www.kegg.jp/dbget-bin/www_bget?hsa:285203+hsa:8473">
        <graphics name="EOGT, AER61, AOS4, C3orf64, EOGT1..." fgcolor="#66CC66" bgcolor="#FFFFFF"
             type="line" coords="576,147,606,147"/>
    </entry>
    <entry id="13" name="ko:K05538 ko:K10968 ko:K10969" type="ortholog" reaction="rn:R09303"
        link="http://www.kegg.jp/dbget-bin/www_bget?K05538+K10968+K10969">
        <graphics name="K05538..." fgcolor="#000000" bgcolor="#FFFFFF"
             type="line" coords="96,471,126,471"/>
    </entry>
    <entry id="14" name="ko:K05538 ko:K10968 ko:K10969" type="ortholog" reaction="rn:R09302"
        link="http://www.kegg.jp/dbget-bin/www_bget?K05538+K10968+K10969">
        <graphics name="K05538..." fgcolor="#000000" bgcolor="#FFFFFF"
             type="line" coords="169,471,199,471"/>
    </entry>
    <entry id="15" name="ko:K10967" type="ortholog" reaction="rn:R09301"
        link="http://www.kegg.jp/dbget-bin/www_bget?K10967">
        <graphics name="K10967" fgcolor="#000000" bgcolor="#FFFFFF"
             type="line" coords="241,471,271,471"/>
    </entry>
    <entry id="16" name="ko:K10967" type="ortholog" reaction="rn:R09300"
        link="http://www.kegg.jp/dbget-bin/www_bget?K10967">
        <graphics name="K10967" fgcolor="#000000" bgcolor="#FFFFFF"
             type="line" coords="316,471,346,471"/>
    </entry>
    <entry id="17" name="hsa:10585 hsa:29954" type="gene" reaction="rn:R07620"
        link="http://www.kegg.jp/dbget-bin/www_bget?hsa:10585+hsa:29954">
        <graphics name="POMT1, LGMD2K, MDDGA1, MDDGB1, MDDGC1, RT..." fgcolor="#66CC66" bgcolor="#FFFFFF"
             type="line" coords="388,471,418,471"/>
    </entry>
    <entry id="18" name="ko:K10970" type="ortholog"
        link="http://www.kegg.jp/dbget-bin/www_bget?K10970">
        <graphics name="K10970" fgcolor="#000000" bgcolor="#FFFFFF"
             type="line" coords="96,495,126,495"/>
    </entry>
    <entry id="19" name="ko:K10970" type="ortholog"
        link="http://www.kegg.jp/dbget-bin/www_bget?K10970">
        <graphics name="K10970" fgcolor="#000000" bgcolor="#FFFFFF"
             type="line" coords="169,495,199,495"/>
    </entry>
    <entry id="20" name="ko:K10967" type="ortholog" reaction="rn:R09301"
        link="http://www.kegg.jp/dbget-bin/www_bget?K10967">
        <graphics name="K10967" fgcolor="#000000" bgcolor="#FFFFFF"
             type="line" coords="241,495,271,495"/>
    </entry>
    <entry id="21" name="ko:K10967" type="ortholog" reaction="rn:R09300"
        link="http://www.kegg.jp/dbget-bin/www_bget?K10967">
        <graphics name="K10967" fgcolor="#000000" bgcolor="#FFFFFF"
             type="line" coords="316,495,346,495"/>
    </entry>
    <entry id="22" name="hsa:10585 hsa:29954" type="gene" reaction="rn:R07620"
        link="http://www.kegg.jp/dbget-bin/www_bget?hsa:10585+hsa:29954">
        <graphics name="POMT1, LGMD2K, MDDGA1, MDDGB1, MDDGC1, RT..." fgcolor="#66CC66" bgcolor="#FFFFFF"
             type="line" coords="388,495,418,495"/>
    </entry>
    <entry id="25" name="ko:K10967" type="ortholog" reaction="rn:R09301"
        link="http://www.kegg.jp/dbget-bin/www_bget?K10967">
        <graphics name="K10967" fgcolor="#000000" bgcolor="#FFFFFF"
             type="line" coords="241,520,271,520"/>
    </entry>
    <entry id="26" name="ko:K10967" type="ortholog" reaction="rn:R09300"
        link="http://www.kegg.jp/dbget-bin/www_bget?K10967">
        <graphics name="K10967" fgcolor="#000000" bgcolor="#FFFFFF"
             type="line" coords="316,520,346,520"/>
    </entry>
    <entry id="27" name="hsa:10585 hsa:29954" type="gene" reaction="rn:R07620"
        link="http://www.kegg.jp/dbget-bin/www_bget?hsa:10585+hsa:29954">
        <graphics name="POMT1, LGMD2K, MDDGA1, MDDGB1, MDDGC1, RT..." fgcolor="#66CC66" bgcolor="#FFFFFF"
             type="line" coords="388,520,418,520"/>
    </entry>
    <entry id="29" name="ko:K10971" type="ortholog"
        link="http://www.kegg.jp/dbget-bin/www_bget?K10971">
        <graphics name="K10971" fgcolor="#000000" bgcolor="#FFFFFF"
             type="line" coords="94,594,110,578"/>
    </entry>
    <entry id="30" name="ko:K10967" type="ortholog" reaction="rn:R09301"
        link="http://www.kegg.jp/dbget-bin/www_bget?K10967">
        <graphics name="K10967" fgcolor="#000000" bgcolor="#FFFFFF"
             type="line" coords="155,573,185,573"/>
    </entry>
    <entry id="31" name="ko:K10967" type="ortholog" reaction="rn:R09300"
        link="http://www.kegg.jp/dbget-bin/www_bget?K10967">
        <graphics name="K10967" fgcolor="#000000" bgcolor="#FFFFFF"
             type="line" coords="228,573,258,573"/>
    </entry>
    <entry id="32" name="hsa:10585 hsa:29954" type="gene" reaction="rn:R07620"
        link="http://www.kegg.jp/dbget-bin/www_bget?hsa:10585+hsa:29954">
        <graphics name="POMT1, LGMD2K, MDDGA1, MDDGB1, MDDGC1, RT..." fgcolor="#66CC66" bgcolor="#FFFFFF"
             type="line" coords="300,573,330,573"/>
    </entry>
    <entry id="33" name="hsa:6487" type="gene"
        link="http://www.kegg.jp/dbget-bin/www_bget?hsa:6487">
        <graphics name="ST3GAL3, EIEE15, MRT12, SIAT6, ST3GALII, ST3GalIII, ST3N" fgcolor="#66CC66" bgcolor="#FFFFFF"
             type="line" coords="114,150,144,150"/>
    </entry>
    <entry id="34" name="hsa:2683 hsa:8703 hsa:8704" type="gene"
        link="http://www.kegg.jp/dbget-bin/www_bget?hsa:2683+hsa:8703+hsa:8704">
        <graphics name="B4GALT1, B4GAL-T1, CDG2D, GGTB2, GT1, GTB, beta4Gal-T1..." fgcolor="#66CC66" bgcolor="#FFFFFF"
             type="line" coords="184,150,214,150"/>
    </entry>
    <entry id="35" name="hsa:55624" type="gene" reaction="rn:R07619"
        link="http://www.kegg.jp/dbget-bin/www_bget?hsa:55624">
        <graphics name="POMGNT1, GNTI.2, GnT_I.2, LGMD2O, MEB, MGAT1.2, gnT-I.2" fgcolor="#66CC66" bgcolor="#FFFFFF"
             type="line" coords="272,150,302,150"/>
    </entry>
    <entry id="36" name="hsa:10585 hsa:29954" type="gene" reaction="rn:R07620"
        link="http://www.kegg.jp/dbget-bin/www_bget?hsa:10585+hsa:29954">
        <graphics name="POMT1, LGMD2K, MDDGA1, MDDGB1, MDDGC1, RT..." fgcolor="#66CC66" bgcolor="#FFFFFF"
             type="line" coords="346,150,376,150"/>
    </entry>
    <entry id="37" name="hsa:2683 hsa:8703 hsa:8704" type="gene"
        link="http://www.kegg.jp/dbget-bin/www_bget?hsa:2683+hsa:8703+hsa:8704">
        <graphics name="B4GALT1, B4GAL-T1, CDG2D, GGTB2, GT1, GTB, beta4Gal-T1..." fgcolor="#66CC66" bgcolor="#FFFFFF"
             type="line" coords="113,215,94,196"/>
    </entry>
    <entry id="38" name="hsa:10690 hsa:2526 hsa:2529" type="gene"
        link="http://www.kegg.jp/dbget-bin/www_bget?hsa:10690+hsa:2526+hsa:2529">
        <graphics name="FUT9, Fuc-TIX..." fgcolor="#66CC66" bgcolor="#FFFFFF"
             type="line" coords="94,249,113,230"/>
    </entry>
    <entry id="39" name="hsa:55624" type="gene" reaction="rn:R07619"
        link="http://www.kegg.jp/dbget-bin/www_bget?hsa:55624">
        <graphics name="POMGNT1, GNTI.2, GnT_I.2, LGMD2O, MEB, MGAT1.2, gnT-I.2" fgcolor="#66CC66" bgcolor="#FFFFFF"
             type="line" coords="171,224,201,224"/>
    </entry>
    <entry id="40" name="hsa:10585 hsa:29954" type="gene" reaction="rn:R07620"
        link="http://www.kegg.jp/dbget-bin/www_bget?hsa:10585+hsa:29954">
        <graphics name="POMT1, LGMD2K, MDDGA1, MDDGB1, MDDGC1, RT..." fgcolor="#66CC66" bgcolor="#FFFFFF"
             type="line" coords="245,224,275,224"/>
    </entry>
    <entry id="41" name="hsa:6487" type="gene"
        link="http://www.kegg.jp/dbget-bin/www_bget?hsa:6487">
        <graphics name="ST3GAL3, EIEE15, MRT12, SIAT6, ST3GALII, ST3GalIII, ST3N" fgcolor="#66CC66" bgcolor="#FFFFFF"
             type="line" coords="113,291,143,291"/>
    </entry>
    <entry id="42" name="hsa:2683 hsa:8703 hsa:8704" type="gene"
        link="http://www.kegg.jp/dbget-bin/www_bget?hsa:2683+hsa:8703+hsa:8704">
        <graphics name="B4GALT1, B4GAL-T1, CDG2D, GGTB2, GT1, GTB, beta4Gal-T1..." fgcolor="#66CC66" bgcolor="#FFFFFF"
             type="line" coords="183,290,213,290"/>
    </entry>
    <entry id="43" name="hsa:146664" type="gene" reaction="rn:R07621"
        link="http://www.kegg.jp/dbget-bin/www_bget?hsa:146664">
        <graphics name="MGAT5B, GnT-IX, GnT-VB" fgcolor="#66CC66" bgcolor="#FFFFFF"
             type="line" coords="289,310,271,292"/>
    </entry>
    <entry id="44" name="hsa:55624" type="gene" reaction="rn:R07619"
        link="http://www.kegg.jp/dbget-bin/www_bget?hsa:55624">
        <graphics name="POMGNT1, GNTI.2, GnT_I.2, LGMD2O, MEB, MGAT1.2, gnT-I.2" fgcolor="#66CC66" bgcolor="#FFFFFF"
             type="line" coords="272,341,289,324"/>
    </entry>
    <entry id="45" name="hsa:10585 hsa:29954" type="gene" reaction="rn:R07620"
        link="http://www.kegg.jp/dbget-bin/www_bget?hsa:10585+hsa:29954">
        <graphics name="POMT1, LGMD2K, MDDGA1, MDDGB1, MDDGC1, RT..." fgcolor="#66CC66" bgcolor="#FFFFFF"
             type="line" coords="335,318,365,318"/>
    </entry>
    <entry id="46" name="hsa:6487" type="gene"
        link="http://www.kegg.jp/dbget-bin/www_bget?hsa:6487">
        <graphics name="ST3GAL3, EIEE15, MRT12, SIAT6, ST3GALII, ST3GalIII, ST3N" fgcolor="#66CC66" bgcolor="#FFFFFF"
             type="line" coords="113,343,143,343"/>
    </entry>
    <entry id="47" name="hsa:2683 hsa:8703 hsa:8704" type="gene"
        link="http://www.kegg.jp/dbget-bin/www_bget?hsa:2683+hsa:8703+hsa:8704">
        <graphics name="B4GALT1, B4GAL-T1, CDG2D, GGTB2, GT1, GTB, beta4Gal-T1..." fgcolor="#66CC66" bgcolor="#FFFFFF"
             type="line" coords="183,342,213,342"/>
    </entry>
    <entry id="48" name="hsa:9486" type="gene"
        link="http://www.kegg.jp/dbget-bin/www_bget?hsa:9486">
        <graphics name="CHST10, HNK-1ST, HNK1ST" fgcolor="#66CC66" bgcolor="#FFFFFF"
             type="line" coords="69,386,99,386"/>
    </entry>
    <entry id="49" name="hsa:135152 hsa:27087" type="gene"
        link="http://www.kegg.jp/dbget-bin/www_bget?hsa:135152+hsa:27087">
        <graphics name="B3GAT2, GLCATS..." fgcolor="#66CC66" bgcolor="#FFFFFF"
             type="line" coords="144,386,174,386"/>
    </entry>
    <entry id="50" name="hsa:8705" type="gene"
        link="http://www.kegg.jp/dbget-bin/www_bget?hsa:8705">
        <graphics name="B3GALT4, BETA3GALT4, GALT2, GALT4" fgcolor="#66CC66" bgcolor="#FFFFFF"
             type="line" coords="213,386,243,386"/>
    </entry>
    <entry id="51" name="hsa:10585 hsa:29954" type="gene" reaction="rn:R07620"
        link="http://www.kegg.jp/dbget-bin/www_bget?hsa:10585+hsa:29954">
        <graphics name="POMT1, LGMD2K, MDDGA1, MDDGB1, MDDGC1, RT..." fgcolor="#66CC66" bgcolor="#FFFFFF"
             type="line" coords="372,386,402,386"/>
    </entry>
    <entry id="52" name="hsa:55624" type="gene" reaction="rn:R07619"
        link="http://www.kegg.jp/dbget-bin/www_bget?hsa:55624">
        <graphics name="POMGNT1, GNTI.2, GnT_I.2, LGMD2O, MEB, MGAT1.2, gnT-I.2" fgcolor="#66CC66" bgcolor="#FFFFFF"
             type="line" coords="298,386,328,386"/>
    </entry>
</pathway>
