<?xml version="1.0"?>
<!DOCTYPE pathway SYSTEM "http://www.kegg.jp/kegg/xml/KGML_v0.7.1_.dtd">
<!-- Creation date: Jul 1, 2014 15:28:13 +0900 (GMT+09:00) -->
<pathway name="path:hsa00330" org="hsa" number="00330"
         title="Arginine and proline metabolism"
         image="http://www.kegg.jp/kegg/pathway/hsa/hsa00330.png"
         link="http://www.kegg.jp/kegg-bin/show_pathway?hsa00330">
    <entry id="17" name="path:hsa00330" type="map"
        link="http://www.kegg.jp/dbget-bin/www_bget?hsa00330">
        <graphics name="TITLE:Arginine and proline metabolism" fgcolor="#000000" bgcolor="#FFFFFF"
             type="roundrectangle" x="190" y="58" width="299" height="25"/>
    </entry>
    <entry id="18" name="cpd:C03406" type="compound"
        link="http://www.kegg.jp/dbget-bin/www_bget?C03406">
        <graphics name="C03406" fgcolor="#000000" bgcolor="#FFFFFF"
             type="circle" x="544" y="103" width="8" height="8"/>
    </entry>
    <entry id="19" name="cpd:C00327" type="compound"
        link="http://www.kegg.jp/dbget-bin/www_bget?C00327">
        <graphics name="C00327" fgcolor="#000000" bgcolor="#FFFFFF"
             type="circle" x="427" y="225" width="8" height="8"/>
    </entry>
    <entry id="20" name="cpd:C00062" type="compound"
        link="http://www.kegg.jp/dbget-bin/www_bget?C00062">
        <graphics name="C00062" fgcolor="#000000" bgcolor="#FFFFFF"
             type="circle" x="679" y="224" width="8" height="8"/>
    </entry>
    <entry id="21" name="cpd:C00077" type="compound"
        link="http://www.kegg.jp/dbget-bin/www_bget?C00077">
        <graphics name="C00077" fgcolor="#000000" bgcolor="#FFFFFF"
             type="circle" x="487" y="334" width="8" height="8"/>
    </entry>
    <entry id="23" name="cpd:C00169" type="compound"
        link="http://www.kegg.jp/dbget-bin/www_bget?C00169">
        <graphics name="C00169" fgcolor="#000000" bgcolor="#FFFFFF"
             type="circle" x="182" y="289" width="8" height="8"/>
    </entry>
    <entry id="25" name="cpd:C00025" type="compound"
        link="http://www.kegg.jp/dbget-bin/www_bget?C00025">
        <graphics name="C00025" fgcolor="#000000" bgcolor="#FFFFFF"
             type="circle" x="103" y="775" width="8" height="8"/>
    </entry>
    <entry id="26" name="cpd:C00134" type="compound"
        link="http://www.kegg.jp/dbget-bin/www_bget?C00134">
        <graphics name="C00134" fgcolor="#000000" bgcolor="#FFFFFF"
             type="circle" x="487" y="776" width="8" height="8"/>
    </entry>
    <entry id="34" name="cpd:C01165" type="compound"
        link="http://www.kegg.jp/dbget-bin/www_bget?C01165">
        <graphics name="C01165" fgcolor="#000000" bgcolor="#FFFFFF"
             type="circle" x="564" y="451" width="8" height="8"/>
    </entry>
    <entry id="35" name="cpd:C03912" type="compound"
        link="http://www.kegg.jp/dbget-bin/www_bget?C03912">
        <graphics name="C03912" fgcolor="#000000" bgcolor="#FFFFFF"
             type="circle" x="564" y="511" width="8" height="8"/>
    </entry>
    <entry id="36" name="cpd:C00148" type="compound"
        link="http://www.kegg.jp/dbget-bin/www_bget?C00148">
        <graphics name="C00148" fgcolor="#000000" bgcolor="#FFFFFF"
             type="circle" x="679" y="511" width="8" height="8"/>
    </entry>
    <entry id="37" name="cpd:C01157" type="compound"
        link="http://www.kegg.jp/dbget-bin/www_bget?C01157">
        <graphics name="C01157" fgcolor="#000000" bgcolor="#FFFFFF"
             type="circle" x="679" y="613" width="8" height="8"/>
    </entry>
    <entry id="39" name="cpd:C04281" type="compound"
        link="http://www.kegg.jp/dbget-bin/www_bget?C04281">
        <graphics name="C04281" fgcolor="#000000" bgcolor="#FFFFFF"
             type="circle" x="793" y="613" width="8" height="8"/>
    </entry>
    <entry id="41" name="cpd:C05947" type="compound"
        link="http://www.kegg.jp/dbget-bin/www_bget?C05947">
        <graphics name="C05947" fgcolor="#000000" bgcolor="#FFFFFF"
             type="circle" x="898" y="613" width="8" height="8"/>
    </entry>
    <entry id="42" name="cpd:C05946" type="compound"
        link="http://www.kegg.jp/dbget-bin/www_bget?C05946">
        <graphics name="C05946" fgcolor="#000000" bgcolor="#FFFFFF"
             type="circle" x="1022" y="613" width="8" height="8"/>
    </entry>
    <entry id="43" name="cpd:C00048" type="compound"
        link="http://www.kegg.jp/dbget-bin/www_bget?C00048">
        <graphics name="C00048" fgcolor="#000000" bgcolor="#FFFFFF"
             type="circle" x="1127" y="613" width="8" height="8"/>
    </entry>
    <entry id="44" name="cpd:C00049" type="compound"
        link="http://www.kegg.jp/dbget-bin/www_bget?C00049">
        <graphics name="C00049" fgcolor="#000000" bgcolor="#FFFFFF"
             type="circle" x="413" y="159" width="8" height="8"/>
    </entry>
    <entry id="45" name="cpd:C00122" type="compound"
        link="http://www.kegg.jp/dbget-bin/www_bget?C00122">
        <graphics name="C00122" fgcolor="#000000" bgcolor="#FFFFFF"
             type="circle" x="679" y="157" width="8" height="8"/>
    </entry>
    <entry id="48" name="cpd:C03296" type="compound"
        link="http://www.kegg.jp/dbget-bin/www_bget?C03296">
        <graphics name="C03296" fgcolor="#000000" bgcolor="#FFFFFF"
             type="circle" x="1190" y="703" width="8" height="8"/>
    </entry>
    <entry id="50" name="cpd:C03415" type="compound"
        link="http://www.kegg.jp/dbget-bin/www_bget?C03415">
        <graphics name="C03415" fgcolor="#000000" bgcolor="#FFFFFF"
             type="circle" x="898" y="703" width="8" height="8"/>
    </entry>
    <entry id="53" name="cpd:C05931" type="compound"
        link="http://www.kegg.jp/dbget-bin/www_bget?C05931">
        <graphics name="C05931" fgcolor="#000000" bgcolor="#FFFFFF"
             type="circle" x="355" y="703" width="8" height="8"/>
    </entry>
    <entry id="57" name="cpd:C03287" type="compound"
        link="http://www.kegg.jp/dbget-bin/www_bget?C03287">
        <graphics name="C03287" fgcolor="#000000" bgcolor="#FFFFFF"
             type="circle" x="355" y="481" width="8" height="8"/>
    </entry>
    <entry id="59" name="cpd:C00014" type="compound"
        link="http://www.kegg.jp/dbget-bin/www_bget?C00014">
        <graphics name="C00014" fgcolor="#000000" bgcolor="#FFFFFF"
             type="circle" x="95" y="289" width="8" height="8"/>
    </entry>
    <entry id="61" name="cpd:C00624" type="compound"
        link="http://www.kegg.jp/dbget-bin/www_bget?C00624">
        <graphics name="C00624" fgcolor="#000000" bgcolor="#FFFFFF"
             type="circle" x="182" y="409" width="8" height="8"/>
    </entry>
    <entry id="63" name="cpd:C04133" type="compound"
        link="http://www.kegg.jp/dbget-bin/www_bget?C04133">
        <graphics name="C04133" fgcolor="#000000" bgcolor="#FFFFFF"
             type="circle" x="274" y="409" width="8" height="8"/>
    </entry>
    <entry id="65" name="cpd:C01250" type="compound"
        link="http://www.kegg.jp/dbget-bin/www_bget?C01250">
        <graphics name="C01250" fgcolor="#000000" bgcolor="#FFFFFF"
             type="circle" x="355" y="409" width="8" height="8"/>
    </entry>
    <entry id="67" name="cpd:C00437" type="compound"
        link="http://www.kegg.jp/dbget-bin/www_bget?C00437">
        <graphics name="C00437" fgcolor="#000000" bgcolor="#FFFFFF"
             type="circle" x="355" y="334" width="8" height="8"/>
    </entry>
    <entry id="72" name="cpd:C00064" type="compound"
        link="http://www.kegg.jp/dbget-bin/www_bget?C00064">
        <graphics name="C00064" fgcolor="#000000" bgcolor="#FFFFFF"
             type="circle" x="92" y="181" width="8" height="8"/>
    </entry>
    <entry id="76" name="cpd:C01682" type="compound"
        link="http://www.kegg.jp/dbget-bin/www_bget?C01682">
        <graphics name="C01682" fgcolor="#000000" bgcolor="#FFFFFF"
             type="circle" x="793" y="296" width="8" height="8"/>
    </entry>
    <entry id="77" name="cpd:C04137" type="compound"
        link="http://www.kegg.jp/dbget-bin/www_bget?C04137">
        <graphics name="C04137" fgcolor="#000000" bgcolor="#FFFFFF"
             type="circle" x="898" y="296" width="8" height="8"/>
    </entry>
    <entry id="78" name="cpd:C05945" type="compound"
        link="http://www.kegg.jp/dbget-bin/www_bget?C05945">
        <graphics name="C05945" fgcolor="#000000" bgcolor="#FFFFFF"
             type="circle" x="1005" y="296" width="8" height="8"/>
    </entry>
    <entry id="79" name="cpd:C05933" type="compound"
        link="http://www.kegg.jp/dbget-bin/www_bget?C05933">
        <graphics name="C05933" fgcolor="#000000" bgcolor="#FFFFFF"
             type="circle" x="1103" y="297" width="8" height="8"/>
    </entry>
    <entry id="80" name="cpd:C00581" type="compound"
        link="http://www.kegg.jp/dbget-bin/www_bget?C00581">
        <graphics name="C00581" fgcolor="#000000" bgcolor="#FFFFFF"
             type="circle" x="793" y="116" width="8" height="8"/>
    </entry>
    <entry id="82" name="cpd:C00300" type="compound"
        link="http://www.kegg.jp/dbget-bin/www_bget?C00300">
        <graphics name="C00300" fgcolor="#000000" bgcolor="#FFFFFF"
             type="circle" x="898" y="116" width="8" height="8"/>
    </entry>
    <entry id="84" name="cpd:C02305" type="compound"
        link="http://www.kegg.jp/dbget-bin/www_bget?C02305">
        <graphics name="C02305" fgcolor="#000000" bgcolor="#FFFFFF"
             type="circle" x="1022" y="116" width="8" height="8"/>
    </entry>
    <entry id="86" name="cpd:C00791" type="compound"
        link="http://www.kegg.jp/dbget-bin/www_bget?C00791">
        <graphics name="C00791" fgcolor="#000000" bgcolor="#FFFFFF"
             type="circle" x="1145" y="116" width="8" height="8"/>
    </entry>
    <entry id="89" name="cpd:C00533" type="compound"
        link="http://www.kegg.jp/dbget-bin/www_bget?C00533">
        <graphics name="C00533" fgcolor="#000000" bgcolor="#FFFFFF"
             type="circle" x="1103" y="347" width="8" height="8"/>
    </entry>
    <entry id="91" name="cpd:C02565" type="compound"
        link="http://www.kegg.jp/dbget-bin/www_bget?C02565">
        <graphics name="C02565" fgcolor="#000000" bgcolor="#FFFFFF"
             type="circle" x="1145" y="193" width="8" height="8"/>
    </entry>
    <entry id="93" name="cpd:C01043" type="compound"
        link="http://www.kegg.jp/dbget-bin/www_bget?C01043">
        <graphics name="C01043" fgcolor="#000000" bgcolor="#FFFFFF"
             type="circle" x="1022" y="193" width="8" height="8"/>
    </entry>
    <entry id="96" name="cpd:C00213" type="compound"
        link="http://www.kegg.jp/dbget-bin/www_bget?C00213">
        <graphics name="C00213" fgcolor="#000000" bgcolor="#FFFFFF"
             type="circle" x="898" y="193" width="8" height="8"/>
    </entry>
    <entry id="99" name="cpd:C00086" type="compound"
        link="http://www.kegg.jp/dbget-bin/www_bget?C00086">
        <graphics name="C00086" fgcolor="#000000" bgcolor="#FFFFFF"
             type="circle" x="654" y="347" width="8" height="8"/>
    </entry>
    <entry id="101" name="cpd:C01010" type="compound"
        link="http://www.kegg.jp/dbget-bin/www_bget?C01010">
        <graphics name="C01010" fgcolor="#000000" bgcolor="#FFFFFF"
             type="circle" x="793" y="347" width="8" height="8"/>
    </entry>
    <entry id="103" name="cpd:C00011" type="compound"
        link="http://www.kegg.jp/dbget-bin/www_bget?C00011">
        <graphics name="C00011" fgcolor="#000000" bgcolor="#FFFFFF"
             type="circle" x="898" y="347" width="8" height="8"/>
    </entry>
    <entry id="106" name="cpd:C00763" type="compound"
        link="http://www.kegg.jp/dbget-bin/www_bget?C00763">
        <graphics name="C00763" fgcolor="#000000" bgcolor="#FFFFFF"
             type="circle" x="793" y="511" width="8" height="8"/>
    </entry>
    <entry id="109" name="cpd:C00431" type="compound"
        link="http://www.kegg.jp/dbget-bin/www_bget?C00431">
        <graphics name="C00431" fgcolor="#000000" bgcolor="#FFFFFF"
             type="circle" x="898" y="511" width="8" height="8"/>
    </entry>
    <entry id="111" name="cpd:C03564" type="compound"
        link="http://www.kegg.jp/dbget-bin/www_bget?C03564">
        <graphics name="C03564" fgcolor="#000000" bgcolor="#FFFFFF"
             type="circle" x="793" y="451" width="8" height="8"/>
    </entry>
    <entry id="112" name="cpd:C01877" type="compound"
        link="http://www.kegg.jp/dbget-bin/www_bget?C01877">
        <graphics name="C01877" fgcolor="#000000" bgcolor="#FFFFFF"
             type="circle" x="679" y="663" width="8" height="8"/>
    </entry>
    <entry id="116" name="cpd:C05938" type="compound"
        link="http://www.kegg.jp/dbget-bin/www_bget?C05938">
        <graphics name="C05938" fgcolor="#000000" bgcolor="#FFFFFF"
             type="circle" x="793" y="663" width="8" height="8"/>
    </entry>
    <entry id="117" name="cpd:C00022" type="compound"
        link="http://www.kegg.jp/dbget-bin/www_bget?C00022">
        <graphics name="C00022" fgcolor="#000000" bgcolor="#FFFFFF"
             type="circle" x="1095" y="576" width="8" height="8"/>
    </entry>
    <entry id="118" name="cpd:C00086" type="compound"
        link="http://www.kegg.jp/dbget-bin/www_bget?C00086">
        <graphics name="C00086" fgcolor="#000000" bgcolor="#FFFFFF"
             type="circle" x="976" y="168" width="8" height="8"/>
    </entry>
    <entry id="122" name="cpd:C00555" type="compound"
        link="http://www.kegg.jp/dbget-bin/www_bget?C00555">
        <graphics name="C00555" fgcolor="#000000" bgcolor="#FFFFFF"
             type="circle" x="487" y="966" width="8" height="8"/>
    </entry>
    <entry id="124" name="cpd:C00334" type="compound"
        link="http://www.kegg.jp/dbget-bin/www_bget?C00334">
        <graphics name="C00334" fgcolor="#000000" bgcolor="#FFFFFF"
             type="circle" x="489" y="1082" width="8" height="8"/>
    </entry>
    <entry id="127" name="cpd:C15699" type="compound"
        link="http://www.kegg.jp/dbget-bin/www_bget?C15699">
        <graphics name="C15699" fgcolor="#000000" bgcolor="#FFFFFF"
             type="circle" x="182" y="836" width="8" height="8"/>
    </entry>
    <entry id="131" name="cpd:C15700" type="compound"
        link="http://www.kegg.jp/dbget-bin/www_bget?C15700">
        <graphics name="C15700" fgcolor="#000000" bgcolor="#FFFFFF"
             type="circle" x="182" y="901" width="8" height="8"/>
    </entry>
    <entry id="133" name="cpd:C15767" type="compound"
        link="http://www.kegg.jp/dbget-bin/www_bget?C15767">
        <graphics name="C15767" fgcolor="#000000" bgcolor="#FFFFFF"
             type="circle" x="182" y="966" width="8" height="8"/>
    </entry>
    <entry id="135" name="cpd:C00315" type="compound"
        link="http://www.kegg.jp/dbget-bin/www_bget?C00315">
        <graphics name="C00315" fgcolor="#000000" bgcolor="#FFFFFF"
             type="circle" x="790" y="966" width="8" height="8"/>
    </entry>
    <entry id="138" name="cpd:C01137" type="compound"
        link="http://www.kegg.jp/dbget-bin/www_bget?C01137">
        <graphics name="C01137" fgcolor="#000000" bgcolor="#FFFFFF"
             type="circle" x="816" y="901" width="8" height="8"/>
    </entry>
    <entry id="139" name="cpd:C00750" type="compound"
        link="http://www.kegg.jp/dbget-bin/www_bget?C00750">
        <graphics name="C00750" fgcolor="#000000" bgcolor="#FFFFFF"
             type="circle" x="898" y="966" width="8" height="8"/>
    </entry>
    <entry id="140" name="cpd:C00019" type="compound"
        link="http://www.kegg.jp/dbget-bin/www_bget?C00019">
        <graphics name="C00019" fgcolor="#000000" bgcolor="#FFFFFF"
             type="circle" x="816" y="836" width="8" height="8"/>
    </entry>
    <entry id="143" name="cpd:C02714" type="compound"
        link="http://www.kegg.jp/dbget-bin/www_bget?C02714">
        <graphics name="C02714" fgcolor="#000000" bgcolor="#FFFFFF"
             type="circle" x="274" y="836" width="8" height="8"/>
    </entry>
    <entry id="145" name="cpd:C05936" type="compound"
        link="http://www.kegg.jp/dbget-bin/www_bget?C05936">
        <graphics name="C05936" fgcolor="#000000" bgcolor="#FFFFFF"
             type="circle" x="274" y="901" width="8" height="8"/>
    </entry>
    <entry id="147" name="cpd:C02946" type="compound"
        link="http://www.kegg.jp/dbget-bin/www_bget?C02946">
        <graphics name="C02946" fgcolor="#000000" bgcolor="#FFFFFF"
             type="circle" x="274" y="966" width="8" height="8"/>
    </entry>
    <entry id="150" name="cpd:C00179" type="compound"
        link="http://www.kegg.jp/dbget-bin/www_bget?C00179">
        <graphics name="C00179" fgcolor="#000000" bgcolor="#FFFFFF"
             type="circle" x="1237" y="773" width="8" height="8"/>
    </entry>
    <entry id="153" name="cpd:C00436" type="compound"
        link="http://www.kegg.jp/dbget-bin/www_bget?C00436">
        <graphics name="C00436" fgcolor="#000000" bgcolor="#FFFFFF"
             type="circle" x="1115" y="741" width="8" height="8"/>
    </entry>
    <entry id="156" name="cpd:C03771" type="compound"
        link="http://www.kegg.jp/dbget-bin/www_bget?C03771">
        <graphics name="C03771" fgcolor="#000000" bgcolor="#FFFFFF"
             type="circle" x="1335" y="451" width="8" height="8"/>
    </entry>
    <entry id="159" name="cpd:C01035" type="compound"
        link="http://www.kegg.jp/dbget-bin/www_bget?C01035">
        <graphics name="C01035" fgcolor="#000000" bgcolor="#FFFFFF"
             type="circle" x="1335" y="1082" width="8" height="8"/>
    </entry>
    <entry id="168" name="hsa:27165 hsa:2744" type="gene" reaction="rn:R00256"
        link="http://www.kegg.jp/dbget-bin/www_bget?hsa:27165+hsa:2744">
        <graphics name="GLS2, GA, GLS, LGA, hLGA..." fgcolor="#000000" bgcolor="#BFFFBF"
             type="rectangle" x="67" y="218" width="46" height="17"/>
    </entry>
    <entry id="169" name="hsa:2752" type="gene" reaction="rn:R00253"
        link="http://www.kegg.jp/dbget-bin/www_bget?hsa:2752">
        <graphics name="GLUL, GLNS, GS, PIG43, PIG59" fgcolor="#000000" bgcolor="#BFFFBF"
             type="rectangle" x="36" y="254" width="46" height="17"/>
    </entry>
    <entry id="170" name="ko:K00926" type="ortholog" reaction="rn:R00150"
        link="http://www.kegg.jp/dbget-bin/www_bget?K00926">
        <graphics name="K00926" fgcolor="#000000" bgcolor="#FFFFFF"
             type="rectangle" x="137" y="264" width="46" height="17"/>
    </entry>
    <entry id="171" name="hsa:1373" type="gene" reaction="rn:R00149"
        link="http://www.kegg.jp/dbget-bin/www_bget?hsa:1373">
        <graphics name="CPS1, CPSASE1, PHN" fgcolor="#000000" bgcolor="#BFFFBF"
             type="rectangle" x="137" y="290" width="46" height="17"/>
    </entry>
    <entry id="172" name="hsa:5009" type="gene" reaction="rn:R01398"
        link="http://www.kegg.jp/dbget-bin/www_bget?hsa:5009">
        <graphics name="OTC, OCTD" fgcolor="#000000" bgcolor="#BFFFBF"
             type="rectangle" x="435" y="264" width="46" height="17"/>
    </entry>
    <entry id="173" name="hsa:445" type="gene" reaction="rn:R01954"
        link="http://www.kegg.jp/dbget-bin/www_bget?hsa:445">
        <graphics name="ASS1, ASS, CTLN1" fgcolor="#000000" bgcolor="#BFFFBF"
             type="rectangle" x="466" y="137" width="46" height="17"/>
    </entry>
    <entry id="174" name="path:hsa00250" type="map"
        link="http://www.kegg.jp/dbget-bin/www_bget?hsa00250">
        <graphics name="Alanine, aspartate and glutamate metabolism" fgcolor="#000000" bgcolor="#FFFFFF"
             type="roundrectangle" x="416" y="90" width="123" height="34"/>
    </entry>
    <entry id="175" name="hsa:435" type="gene" reaction="rn:R01086"
        link="http://www.kegg.jp/dbget-bin/www_bget?hsa:435">
        <graphics name="ASL, ASAL" fgcolor="#000000" bgcolor="#BFFFBF"
             type="rectangle" x="638" y="137" width="46" height="17"/>
    </entry>
    <entry id="176" name="hsa:383 hsa:384" type="gene" reaction="rn:R00551"
        link="http://www.kegg.jp/dbget-bin/www_bget?hsa:383+hsa:384">
        <graphics name="ARG1..." fgcolor="#000000" bgcolor="#BFFFBF"
             type="rectangle" x="664" y="283" width="46" height="17"/>
    </entry>
    <entry id="177" name="hsa:162417" type="gene" reaction="rn:R00259"
        link="http://www.kegg.jp/dbget-bin/www_bget?hsa:162417">
        <graphics name="NAGS, AGAS, ARGA" fgcolor="#000000" bgcolor="#BFFFBF"
             type="rectangle" x="137" y="409" width="46" height="17"/>
    </entry>
    <entry id="178" name="ko:K00930 ko:K05828 ko:K12659" type="ortholog" reaction="rn:R02649"
        link="http://www.kegg.jp/dbget-bin/www_bget?K00930+K05828+K12659">
        <graphics name="K00930..." fgcolor="#000000" bgcolor="#FFFFFF"
             type="rectangle" x="226" y="409" width="46" height="17"/>
    </entry>
    <entry id="179" name="ko:K00145 ko:K05829 ko:K12659" type="ortholog" reaction="rn:R03443"
        link="http://www.kegg.jp/dbget-bin/www_bget?K00145+K05829+K12659">
        <graphics name="K00145..." fgcolor="#000000" bgcolor="#FFFFFF"
             type="rectangle" x="313" y="409" width="46" height="17"/>
    </entry>
    <entry id="180" name="ko:K00818 ko:K00821 ko:K05830" type="ortholog" reaction="rn:R02283"
        link="http://www.kegg.jp/dbget-bin/www_bget?K00818+K00821+K05830">
        <graphics name="K00818..." fgcolor="#000000" bgcolor="#FFFFFF"
             type="rectangle" x="333" y="376" width="46" height="17"/>
    </entry>
    <entry id="181" name="hsa:95" type="gene" reaction="rn:R00669"
        link="http://www.kegg.jp/dbget-bin/www_bget?hsa:95">
        <graphics name="ACY1, ACY-1, ACY1D, HEL-S-5" fgcolor="#000000" bgcolor="#BFFFBF"
             type="rectangle" x="425" y="325" width="46" height="17"/>
    </entry>
    <entry id="182" name="ko:K01438" type="ortholog" reaction="rn:R00669"
        link="http://www.kegg.jp/dbget-bin/www_bget?K01438">
        <graphics name="K01438" fgcolor="#000000" bgcolor="#FFFFFF"
             type="rectangle" x="425" y="346" width="46" height="17"/>
    </entry>
    <entry id="183" name="ko:K00620" type="ortholog" reaction="rn:R02282"
        link="http://www.kegg.jp/dbget-bin/www_bget?K00620">
        <graphics name="K00620" fgcolor="#000000" bgcolor="#FFFFFF"
             type="rectangle" x="425" y="376" width="46" height="17"/>
    </entry>
    <entry id="184" name="hsa:4942" type="gene" reaction="rn:R00667"
        link="http://www.kegg.jp/dbget-bin/www_bget?hsa:4942">
        <graphics name="OAT, GACR, HOGA, OATASE, OKT" fgcolor="#000000" bgcolor="#BFFFBF"
             type="rectangle" x="513" y="409" width="46" height="17"/>
    </entry>
    <entry id="185" name="hsa:29920 hsa:5831 hsa:65263" type="gene" reaction="rn:R01248 rn:R01251"
        link="http://www.kegg.jp/dbget-bin/www_bget?hsa:29920+hsa:5831+hsa:65263">
        <graphics name="PYCR2, P5CR2..." fgcolor="#000000" bgcolor="#BFFFBF"
             type="rectangle" x="622" y="512" width="46" height="17"/>
    </entry>
    <entry id="186" name="ko:K13821" type="ortholog" reaction="rn:R01253"
        link="http://www.kegg.jp/dbget-bin/www_bget?K13821">
        <graphics name="K13821" fgcolor="#000000" bgcolor="#FFFFFF"
             type="rectangle" x="622" y="554" width="46" height="17"/>
    </entry>
    <entry id="188" name="cpd:C00012" type="compound"
        link="http://www.kegg.jp/dbget-bin/www_bget?C00012">
        <graphics name="C00012" fgcolor="#000000" bgcolor="#FFFFFF"
             type="circle" x="637" y="451" width="8" height="8"/>
    </entry>
    <entry id="189" name="hsa:51056" type="gene" reaction="rn:R00135"
        link="http://www.kegg.jp/dbget-bin/www_bget?hsa:51056">
        <graphics name="LAP3, HEL-S-106, LAP, LAPEP, PEPS" fgcolor="#000000" bgcolor="#BFFFBF"
             type="rectangle" x="653" y="482" width="46" height="17"/>
    </entry>
    <entry id="191" name="hsa:283208 hsa:5033 hsa:8974" type="gene" reaction="rn:R01252"
        link="http://www.kegg.jp/dbget-bin/www_bget?hsa:283208+hsa:5033+hsa:8974">
        <graphics name="P4HA3..." fgcolor="#000000" bgcolor="#BFFFBF"
             type="rectangle" x="677" y="563" width="46" height="17"/>
    </entry>
    <entry id="192" name="ko:K01777" type="ortholog" reaction="rn:R01255"
        link="http://www.kegg.jp/dbget-bin/www_bget?K01777">
        <graphics name="K01777" fgcolor="#000000" bgcolor="#FFFFFF"
             type="rectangle" x="731" y="512" width="46" height="17"/>
    </entry>
    <entry id="194" name="hsa:1610" type="gene" reaction="rn:R02894"
        link="http://www.kegg.jp/dbget-bin/www_bget?hsa:1610">
        <graphics name="DAO, DAAO, DAMOX, OXDA" fgcolor="#000000" bgcolor="#BFFFBF"
             type="rectangle" x="768" y="482" width="46" height="17"/>
    </entry>
    <entry id="195" name="cpd:C01110" type="compound"
        link="http://www.kegg.jp/dbget-bin/www_bget?C01110">
        <graphics name="C01110" fgcolor="#000000" bgcolor="#FFFFFF"
             type="circle" x="898" y="451" width="8" height="8"/>
    </entry>
    <entry id="197" name="ko:K10793 ko:K10794 ko:K10795 ko:K10796" type="ortholog" reaction="rn:R02825"
        link="http://www.kegg.jp/dbget-bin/www_bget?K10793+K10794+K10795+K10796">
        <graphics name="K10793..." fgcolor="#000000" bgcolor="#FFFFFF"
             type="rectangle" x="846" y="522" width="46" height="17"/>
    </entry>
    <entry id="198" name="hsa:58510" type="gene" reaction="rn:R03295"
        link="http://www.kegg.jp/dbget-bin/www_bget?hsa:58510">
        <graphics name="PRODH2, HSPOX1" fgcolor="#000000" bgcolor="#BFFFBF"
             type="rectangle" x="731" y="614" width="46" height="17"/>
    </entry>
    <entry id="199" name="hsa:29920 hsa:5831 hsa:65263" type="gene" reaction="rn:R03291 rn:R03293"
        link="http://www.kegg.jp/dbget-bin/www_bget?hsa:29920+hsa:5831+hsa:65263">
        <graphics name="PYCR2, P5CR2..." fgcolor="#000000" bgcolor="#BFFFBF"
             type="rectangle" x="731" y="576" width="46" height="17"/>
    </entry>
    <entry id="200" name="hsa:8659" type="gene" reaction="rn:R04444 rn:R04445"
        link="http://www.kegg.jp/dbget-bin/www_bget?hsa:8659">
        <graphics name="ALDH4A1, ALDH4, P5CD, P5CDh" fgcolor="#000000" bgcolor="#BFFFBF"
             type="rectangle" x="846" y="614" width="46" height="17"/>
    </entry>
    <entry id="201" name="hsa:8659" type="gene" reaction="rn:R05051"
        link="http://www.kegg.jp/dbget-bin/www_bget?hsa:8659">
        <graphics name="ALDH4A1, ALDH4, P5CD, P5CDh" fgcolor="#000000" bgcolor="#BFFFBF"
             type="rectangle" x="846" y="664" width="46" height="17"/>
    </entry>
    <entry id="202" name="hsa:2805 hsa:2806" type="gene" reaction="rn:R05052"
        link="http://www.kegg.jp/dbget-bin/www_bget?hsa:2805+hsa:2806">
        <graphics name="GOT1, ASTQTL1, GIG18, cAspAT, cCAT..." fgcolor="#000000" bgcolor="#BFFFBF"
             type="rectangle" x="955" y="595" width="46" height="17"/>
    </entry>
    <entry id="203" name="ko:K00824" type="ortholog" reaction="rn:R05053"
        link="http://www.kegg.jp/dbget-bin/www_bget?K00824">
        <graphics name="K00824" fgcolor="#000000" bgcolor="#FFFFFF"
             type="rectangle" x="955" y="614" width="46" height="17"/>
    </entry>
    <entry id="205" name="hsa:112817" type="gene" reaction="rn:R00471"
        link="http://www.kegg.jp/dbget-bin/www_bget?hsa:112817">
        <graphics name="HOGA1, C10orf65, DHDPS2, DHDPSL, HP3, NPL2" fgcolor="#000000" bgcolor="#BFFFBF"
             type="rectangle" x="1062" y="614" width="46" height="17"/>
    </entry>
    <entry id="206" name="ko:K00296" type="ortholog" reaction="rn:R00563"
        link="http://www.kegg.jp/dbget-bin/www_bget?K00296">
        <graphics name="K00296" fgcolor="#000000" bgcolor="#FFFFFF"
             type="rectangle" x="793" y="264" width="46" height="17"/>
    </entry>
    <entry id="208" name="ko:K00934" type="ortholog" reaction="rn:R00554"
        link="http://www.kegg.jp/dbget-bin/www_bget?K00934">
        <graphics name="K00934" fgcolor="#000000" bgcolor="#FFFFFF"
             type="rectangle" x="1006" y="264" width="46" height="17"/>
    </entry>
    <entry id="209" name="hsa:4842 hsa:4843 hsa:4846" type="gene" reaction="rn:R00558"
        link="http://www.kegg.jp/dbget-bin/www_bget?hsa:4842+hsa:4843+hsa:4846">
        <graphics name="NOS1, IHPS1, N-NOS, NC-NOS, NOS, bNOS, nNOS..." fgcolor="#000000" bgcolor="#BFFFBF"
             type="rectangle" x="1103" y="264" width="46" height="17"/>
    </entry>
    <entry id="210" name="hsa:4842 hsa:4843 hsa:4846" type="gene" reaction="rn:R00111"
        link="http://www.kegg.jp/dbget-bin/www_bget?hsa:4842+hsa:4843+hsa:4846">
        <graphics name="NOS1, IHPS1, N-NOS, NC-NOS, NOS, bNOS, nNOS..." fgcolor="#000000" bgcolor="#BFFFBF"
             type="rectangle" x="1103" y="320" width="46" height="17"/>
    </entry>
    <entry id="211" name="hsa:2628" type="gene" reaction="rn:R00565"
        link="http://www.kegg.jp/dbget-bin/www_bget?hsa:2628">
        <graphics name="GATM, AGAT, AT, CCDS3" fgcolor="#000000" bgcolor="#BFFFBF"
             type="rectangle" x="793" y="147" width="46" height="17"/>
    </entry>
    <entry id="212" name="hsa:2593" type="gene" reaction="rn:R01883"
        link="http://www.kegg.jp/dbget-bin/www_bget?hsa:2593">
        <graphics name="GAMT, CCDS2, HEL-S-20, PIG2, TP53I2" fgcolor="#000000" bgcolor="#BFFFBF"
             type="rectangle" x="846" y="117" width="46" height="17"/>
    </entry>
    <entry id="213" name="ko:K08688" type="ortholog" reaction="rn:R01566"
        link="http://www.kegg.jp/dbget-bin/www_bget?K08688">
        <graphics name="K08688" fgcolor="#000000" bgcolor="#FFFFFF"
             type="rectangle" x="898" y="148" width="46" height="17"/>
    </entry>
    <entry id="214" name="hsa:1152 hsa:1158 hsa:1159 hsa:1160 hsa:548596" type="gene" reaction="rn:R01881"
        link="http://www.kegg.jp/dbget-bin/www_bget?hsa:1152+hsa:1158+hsa:1159+hsa:1160+hsa:548596">
        <graphics name="CKB, B-CK, BCK, CKBB, HEL-211, HEL-S-29..." fgcolor="#000000" bgcolor="#BFFFBF"
             type="rectangle" x="958" y="117" width="46" height="17"/>
    </entry>
    <entry id="215" name="ko:K08687" type="ortholog" reaction="rn:R01563"
        link="http://www.kegg.jp/dbget-bin/www_bget?K08687">
        <graphics name="K08687" fgcolor="#000000" bgcolor="#FFFFFF"
             type="rectangle" x="958" y="194" width="46" height="17"/>
    </entry>
    <entry id="217" name="ko:K01473 ko:K01474" type="ortholog" reaction="rn:R03187"
        link="http://www.kegg.jp/dbget-bin/www_bget?K01473+K01474">
        <graphics name="K01473..." fgcolor="#000000" bgcolor="#FFFFFF"
             type="rectangle" x="1097" y="193" width="46" height="17"/>
    </entry>
    <entry id="218" name="ko:K03365" type="ortholog" reaction="rn:R02922"
        link="http://www.kegg.jp/dbget-bin/www_bget?K03365">
        <graphics name="K03365" fgcolor="#000000" bgcolor="#FFFFFF"
             type="rectangle" x="1170" y="147" width="46" height="17"/>
    </entry>
    <entry id="219" name="ko:K12252" type="ortholog" reaction="rn:R08197"
        link="http://www.kegg.jp/dbget-bin/www_bget?K12252">
        <graphics name="K12252" fgcolor="#000000" bgcolor="#FFFFFF"
             type="rectangle" x="1334" y="320" width="46" height="17"/>
    </entry>
    <entry id="220" name="ko:K12253" type="ortholog" reaction="rn:R03178"
        link="http://www.kegg.jp/dbget-bin/www_bget?K12253">
        <graphics name="K12253" fgcolor="#000000" bgcolor="#FFFFFF"
             type="rectangle" x="1335" y="614" width="46" height="17"/>
    </entry>
    <entry id="221" name="ko:K12254" type="ortholog" reaction="rn:R03177"
        link="http://www.kegg.jp/dbget-bin/www_bget?K12254">
        <graphics name="K12254" fgcolor="#000000" bgcolor="#FFFFFF"
             type="rectangle" x="1335" y="869" width="46" height="17"/>
    </entry>
    <entry id="222" name="ko:K12255" type="ortholog" reaction="rn:R01990"
        link="http://www.kegg.jp/dbget-bin/www_bget?K12255">
        <graphics name="K12255" fgcolor="#000000" bgcolor="#FFFFFF"
             type="rectangle" x="1023" y="1086" width="46" height="17"/>
    </entry>
    <entry id="223" name="hsa:2628" type="gene" reaction="rn:R01989"
        link="http://www.kegg.jp/dbget-bin/www_bget?hsa:2628">
        <graphics name="GATM, AGAT, AT, CCDS3" fgcolor="#000000" bgcolor="#BFFFBF"
             type="rectangle" x="1023" y="1112" width="46" height="17"/>
    </entry>
    <entry id="224" name="ko:K01426" type="ortholog" reaction="rn:R03180"
        link="http://www.kegg.jp/dbget-bin/www_bget?K01426">
        <graphics name="K01426" fgcolor="#000000" bgcolor="#FFFFFF"
             type="rectangle" x="1391" y="869" width="46" height="17"/>
    </entry>
    <entry id="226" name="hsa:113451" type="gene" reaction="rn:R00566"
        link="http://www.kegg.jp/dbget-bin/www_bget?hsa:113451">
        <graphics name="ADC, AZI2, ODC-p, ODC1L, AZIN2" fgcolor="#000000" bgcolor="#BFFFBF"
             type="rectangle" x="1241" y="320" width="46" height="17"/>
    </entry>
    <entry id="227" name="hsa:79814" type="gene" reaction="rn:R01157"
        link="http://www.kegg.jp/dbget-bin/www_bget?hsa:79814">
        <graphics name="AGMAT" fgcolor="#000000" bgcolor="#BFFFBF"
             type="rectangle" x="1189" y="771" width="46" height="17"/>
    </entry>
    <entry id="228" name="ko:K10536" type="ortholog" reaction="rn:R01416"
        link="http://www.kegg.jp/dbget-bin/www_bget?K10536">
        <graphics name="K10536" fgcolor="#000000" bgcolor="#FFFFFF"
             type="rectangle" x="1189" y="742" width="46" height="17"/>
    </entry>
    <entry id="229" name="ko:K12251" type="ortholog" reaction="rn:R01152"
        link="http://www.kegg.jp/dbget-bin/www_bget?K12251">
        <graphics name="K12251" fgcolor="#000000" bgcolor="#FFFFFF"
             type="rectangle" x="1023" y="742" width="46" height="17"/>
    </entry>
    <entry id="230" name="ko:K00673" type="ortholog" reaction="rn:R00832"
        link="http://www.kegg.jp/dbget-bin/www_bget?K00673">
        <graphics name="K00673" fgcolor="#000000" bgcolor="#FFFFFF"
             type="rectangle" x="1190" y="320" width="46" height="17"/>
    </entry>
    <entry id="231" name="ko:K01484" type="ortholog" reaction="rn:R04189"
        link="http://www.kegg.jp/dbget-bin/www_bget?K01484">
        <graphics name="K01484" fgcolor="#000000" bgcolor="#FFFFFF"
             type="rectangle" x="1023" y="700" width="46" height="17"/>
    </entry>
    <entry id="232" name="ko:K00840" type="ortholog" reaction="rn:R04217"
        link="http://www.kegg.jp/dbget-bin/www_bget?K00840">
        <graphics name="K00840" fgcolor="#000000" bgcolor="#FFFFFF"
             type="rectangle" x="828" y="703" width="46" height="17"/>
    </entry>
    <entry id="233" name="ko:K06447" type="ortholog" reaction="rn:R05049"
        link="http://www.kegg.jp/dbget-bin/www_bget?K06447">
        <graphics name="K06447" fgcolor="#000000" bgcolor="#FFFFFF"
             type="rectangle" x="622" y="703" width="46" height="17"/>
    </entry>
    <entry id="234" name="ko:K05526" type="ortholog" reaction="rn:R00411"
        link="http://www.kegg.jp/dbget-bin/www_bget?K05526">
        <graphics name="K05526" fgcolor="#000000" bgcolor="#FFFFFF"
             type="rectangle" x="226" y="703" width="46" height="17"/>
    </entry>
    <entry id="235" name="hsa:4953" type="gene" reaction="rn:R00670"
        link="http://www.kegg.jp/dbget-bin/www_bget?hsa:4953">
        <graphics name="ODC1, ODC" fgcolor="#000000" bgcolor="#BFFFBF"
             type="rectangle" x="486" y="664" width="46" height="17"/>
    </entry>
    <entry id="236" name="hsa:8659" type="gene" reaction="rn:R00245"
        link="http://www.kegg.jp/dbget-bin/www_bget?hsa:8659">
        <graphics name="ALDH4A1, ALDH4, P5CD, P5CDh" fgcolor="#000000" bgcolor="#BFFFBF"
             type="rectangle" x="226" y="451" width="46" height="17"/>
    </entry>
    <entry id="237" name="hsa:5832" type="gene" reaction="rn:R00239"
        link="http://www.kegg.jp/dbget-bin/www_bget?hsa:5832">
        <graphics name="ALDH18A1, ARCL3A, GSAS, P5CS, PYCS" fgcolor="#000000" bgcolor="#BFFFBF"
             type="rectangle" x="226" y="482" width="46" height="17"/>
    </entry>
    <entry id="238" name="hsa:5832" type="gene" reaction="rn:R03313"
        link="http://www.kegg.jp/dbget-bin/www_bget?hsa:5832">
        <graphics name="ALDH18A1, ARCL3A, GSAS, P5CS, PYCS" fgcolor="#000000" bgcolor="#BFFFBF"
             type="rectangle" x="425" y="482" width="46" height="17"/>
    </entry>
    <entry id="239" name="ko:K09470" type="ortholog" reaction="rn:R07414"
        link="http://www.kegg.jp/dbget-bin/www_bget?K09470">
        <graphics name="K09470" fgcolor="#000000" bgcolor="#FFFFFF"
             type="rectangle" x="183" y="802" width="46" height="17"/>
    </entry>
    <entry id="240" name="ko:K09471" type="ortholog" reaction="rn:R07415"
        link="http://www.kegg.jp/dbget-bin/www_bget?K09471">
        <graphics name="K09471" fgcolor="#000000" bgcolor="#FFFFFF"
             type="rectangle" x="183" y="869" width="46" height="17"/>
    </entry>
    <entry id="241" name="ko:K09472" type="ortholog" reaction="rn:R07417 rn:R07418"
        link="http://www.kegg.jp/dbget-bin/www_bget?K09472">
        <graphics name="K09472" fgcolor="#000000" bgcolor="#FFFFFF"
             type="rectangle" x="183" y="934" width="46" height="17"/>
    </entry>
    <entry id="242" name="ko:K09473" type="ortholog" reaction="rn:R07419"
        link="http://www.kegg.jp/dbget-bin/www_bget?K09473">
        <graphics name="K09473" fgcolor="#000000" bgcolor="#FFFFFF"
             type="rectangle" x="183" y="992" width="46" height="17"/>
    </entry>
    <entry id="243" name="ko:K03343" type="ortholog" reaction="rn:R01151"
        link="http://www.kegg.jp/dbget-bin/www_bget?K03343">
        <graphics name="K03343" fgcolor="#000000" bgcolor="#FFFFFF"
             type="rectangle" x="364" y="869" width="46" height="17"/>
    </entry>
    <entry id="245" name="ko:K12256" type="ortholog" reaction="rn:R08714"
        link="http://www.kegg.jp/dbget-bin/www_bget?K12256">
        <graphics name="K12256" fgcolor="#000000" bgcolor="#FFFFFF"
             type="rectangle" x="512" y="934" width="46" height="17"/>
    </entry>
    <entry id="246" name="hsa:26" type="gene" reaction="rn:R01151"
        link="http://www.kegg.jp/dbget-bin/www_bget?hsa:26">
        <graphics name="AOC1, ABP, ABP1, DAO, DAO1, KAO" fgcolor="#000000" bgcolor="#BFFFBF"
             type="rectangle" x="487" y="915" width="46" height="17"/>
    </entry>
    <entry id="247" name="ko:K09251" type="ortholog" reaction="rn:R01155"
        link="http://www.kegg.jp/dbget-bin/www_bget?K09251">
        <graphics name="K09251" fgcolor="#000000" bgcolor="#FFFFFF"
             type="rectangle" x="462" y="934" width="46" height="17"/>
    </entry>
    <entry id="248" name="ko:K12254" type="ortholog" reaction="rn:R02549"
        link="http://www.kegg.jp/dbget-bin/www_bget?K12254">
        <graphics name="K12254" fgcolor="#000000" bgcolor="#FFFFFF"
             type="rectangle" x="512" y="1011" width="46" height="17"/>
    </entry>
    <entry id="249" name="ko:K00137" type="ortholog" reaction="rn:R02549"
        link="http://www.kegg.jp/dbget-bin/www_bget?K00137">
        <graphics name="K00137" fgcolor="#000000" bgcolor="#FFFFFF"
             type="rectangle" x="462" y="1011" width="46" height="17"/>
    </entry>
    <entry id="250" name="hsa:217 hsa:219 hsa:223 hsa:224 hsa:501" type="gene" reaction="rn:R01986 rn:R02549"
        link="http://www.kegg.jp/dbget-bin/www_bget?hsa:217+hsa:219+hsa:223+hsa:224+hsa:501">
        <graphics name="ALDH2, ALDH-E2, ALDHI, ALDM..." fgcolor="#000000" bgcolor="#BFFFBF"
             type="rectangle" x="487" y="992" width="46" height="17"/>
    </entry>
    <entry id="251" name="hsa:6723" type="gene" reaction="rn:R01920"
        link="http://www.kegg.jp/dbget-bin/www_bget?hsa:6723">
        <graphics name="SRM, PAPT, SPDSY, SPS1, SRML1" fgcolor="#000000" bgcolor="#BFFFBF"
             type="rectangle" x="789" y="927" width="46" height="17"/>
    </entry>
    <entry id="252" name="hsa:262" type="gene" reaction="rn:R00178"
        link="http://www.kegg.jp/dbget-bin/www_bget?hsa:262">
        <graphics name="AMD1, ADOMETDC, AMD, SAMDC" fgcolor="#000000" bgcolor="#BFFFBF"
             type="rectangle" x="817" y="869" width="46" height="17"/>
    </entry>
    <entry id="253" name="hsa:6611" type="gene" reaction="rn:R02869"
        link="http://www.kegg.jp/dbget-bin/www_bget?hsa:6611">
        <graphics name="SMS, MRSR, SPMSY, SRS, SpS" fgcolor="#000000" bgcolor="#BFFFBF"
             type="rectangle" x="849" y="977" width="46" height="17"/>
    </entry>
    <entry id="254" name="hsa:112483 hsa:6303" type="gene" reaction="rn:R01154"
        link="http://www.kegg.jp/dbget-bin/www_bget?hsa:112483+hsa:6303">
        <graphics name="SAT2, SSAT2..." fgcolor="#000000" bgcolor="#BFFFBF"
             type="rectangle" x="249" y="802" width="46" height="17"/>
    </entry>
    <entry id="256" name="hsa:4128 hsa:4129" type="gene" reaction="rn:R04025"
        link="http://www.kegg.jp/dbget-bin/www_bget?hsa:4128+hsa:4129">
        <graphics name="MAOA, MAO-A..." fgcolor="#000000" bgcolor="#BFFFBF"
             type="rectangle" x="275" y="869" width="46" height="17"/>
    </entry>
    <entry id="257" name="hsa:217 hsa:219 hsa:223 hsa:224 hsa:501" type="gene" reaction="rn:R05050"
        link="http://www.kegg.jp/dbget-bin/www_bget?hsa:217+hsa:219+hsa:223+hsa:224+hsa:501">
        <graphics name="ALDH2, ALDH-E2, ALDHI, ALDM..." fgcolor="#000000" bgcolor="#BFFFBF"
             type="rectangle" x="275" y="934" width="46" height="17"/>
    </entry>
    <entry id="259" name="ko:K01941 ko:K14541" type="ortholog" reaction="rn:R00774"
        link="http://www.kegg.jp/dbget-bin/www_bget?K01941+K14541">
        <graphics name="K01941..." fgcolor="#000000" bgcolor="#FFFFFF"
             type="rectangle" x="731" y="348" width="46" height="17"/>
    </entry>
    <entry id="260" name="ko:K01457 ko:K14541" type="ortholog" reaction="rn:R00005"
        link="http://www.kegg.jp/dbget-bin/www_bget?K01457+K14541">
        <graphics name="K01457..." fgcolor="#000000" bgcolor="#FFFFFF"
             type="rectangle" x="846" y="348" width="46" height="17"/>
    </entry>
    <entry id="261" name="ko:K01427 ko:K01428 ko:K01429 ko:K01430 ko:K14048" type="ortholog" reaction="rn:R00131"
        link="http://www.kegg.jp/dbget-bin/www_bget?K01427+K01428+K01429+K01430+K14048">
        <graphics name="K01427..." fgcolor="#000000" bgcolor="#FFFFFF"
             type="rectangle" x="739" y="377" width="46" height="17"/>
    </entry>
    <entry id="262" name="ko:K01478" type="ortholog" reaction="rn:R00552"
        link="http://www.kegg.jp/dbget-bin/www_bget?K01478">
        <graphics name="K01478" fgcolor="#000000" bgcolor="#FFFFFF"
             type="rectangle" x="551" y="212" width="46" height="17"/>
    </entry>
    <entry id="263" name="hsa:4842 hsa:4843 hsa:4846" type="gene" reaction="rn:R00557"
        link="http://www.kegg.jp/dbget-bin/www_bget?hsa:4842+hsa:4843+hsa:4846">
        <graphics name="NOS1, IHPS1, N-NOS, NC-NOS, NOS, bNOS, nNOS..." fgcolor="#000000" bgcolor="#BFFFBF"
             type="rectangle" x="551" y="233" width="46" height="17"/>
    </entry>
    <entry id="264" name="cpd:C02647" type="compound"
        link="http://www.kegg.jp/dbget-bin/www_bget?C02647">
        <graphics name="C02647" fgcolor="#000000" bgcolor="#FFFFFF"
             type="circle" x="1335" y="703" width="8" height="8"/>
    </entry>
    <entry id="265" name="cpd:C03078" type="compound"
        link="http://www.kegg.jp/dbget-bin/www_bget?C03078">
        <graphics name="C03078" fgcolor="#000000" bgcolor="#FFFFFF"
             type="circle" x="1390" y="703" width="8" height="8"/>
    </entry>
    <entry id="267" name="ko:K01750" type="ortholog" reaction="rn:R00671"
        link="http://www.kegg.jp/dbget-bin/www_bget?K01750">
        <graphics name="K01750" fgcolor="#000000" bgcolor="#FFFFFF"
             type="rectangle" x="679" y="409" width="46" height="17"/>
    </entry>
    <entry id="268" name="ko:K00260 ko:K15371" type="ortholog" reaction="rn:R00243"
        link="http://www.kegg.jp/dbget-bin/www_bget?K00260+K15371">
        <graphics name="K00260..." fgcolor="#000000" bgcolor="#FFFFFF"
             type="rectangle" x="94" y="358" width="46" height="17"/>
    </entry>
    <entry id="269" name="hsa:2746 hsa:2747" type="gene" reaction="rn:R00243 rn:R00248"
        link="http://www.kegg.jp/dbget-bin/www_bget?hsa:2746+hsa:2747">
        <graphics name="GLUD1, GDH, GDH1, GLUD..." fgcolor="#000000" bgcolor="#BFFFBF"
             type="rectangle" x="70" y="377" width="46" height="17"/>
    </entry>
    <entry id="270" name="ko:K00262" type="ortholog" reaction="rn:R00248"
        link="http://www.kegg.jp/dbget-bin/www_bget?K00262">
        <graphics name="K00262" fgcolor="#000000" bgcolor="#FFFFFF"
             type="rectangle" x="120" y="377" width="46" height="17"/>
    </entry>
    <entry id="271" name="path:hsa00020" type="map"
        link="http://www.kegg.jp/dbget-bin/www_bget?hsa00020">
        <graphics name="Citrate cycle (TCA cycle)" fgcolor="#000000" bgcolor="#FFFFFF"
             type="roundrectangle" x="1083" y="530" width="77" height="25"/>
    </entry>
    <entry id="272" name="path:hsa00020" type="map"
        link="http://www.kegg.jp/dbget-bin/www_bget?hsa00020">
        <graphics name="Citrate cycle (TCA cycle)" fgcolor="#000000" bgcolor="#FFFFFF"
             type="roundrectangle" x="728" y="191" width="82" height="25"/>
    </entry>
    <entry id="273" name="path:hsa00472" type="map"
        link="http://www.kegg.jp/dbget-bin/www_bget?hsa00472">
        <graphics name="D-Arginine and D-ornithine metabolism" fgcolor="#000000" bgcolor="#FFFFFF"
             type="roundrectangle" x="576" y="284" width="97" height="34"/>
    </entry>
    <entry id="274" name="path:hsa00250" type="map"
        link="http://www.kegg.jp/dbget-bin/www_bget?hsa00250">
        <graphics name="Alanine, aspartate and glutamate metabolism" fgcolor="#000000" bgcolor="#FFFFFF"
             type="roundrectangle" x="280" y="1111" width="133" height="34"/>
    </entry>
    <entry id="275" name="path:hsa00910" type="map"
        link="http://www.kegg.jp/dbget-bin/www_bget?hsa00910">
        <graphics name="Nitrogen metabolism" fgcolor="#000000" bgcolor="#FFFFFF"
             type="roundrectangle" x="186" y="144" width="72" height="34"/>
    </entry>
    <entry id="276" name="path:hsa00240" type="map"
        link="http://www.kegg.jp/dbget-bin/www_bget?hsa00240">
        <graphics name="Pyrimidine metabolism" fgcolor="#000000" bgcolor="#FFFFFF"
             type="roundrectangle" x="183" y="345" width="72" height="34"/>
    </entry>
    <entry id="277" name="path:hsa00310" type="map"
        link="http://www.kegg.jp/dbget-bin/www_bget?hsa00310">
        <graphics name="Lysine degradation" fgcolor="#000000" bgcolor="#FFFFFF"
             type="roundrectangle" x="987" y="511" width="73" height="34"/>
    </entry>
    <entry id="278" name="path:hsa00480" type="map"
        link="http://www.kegg.jp/dbget-bin/www_bget?hsa00480">
        <graphics name="Glutathione metabolism" fgcolor="#000000" bgcolor="#FFFFFF"
             type="roundrectangle" x="899" y="1054" width="70" height="34"/>
    </entry>
    <entry id="279" name="cpd:C00884" type="compound"
        link="http://www.kegg.jp/dbget-bin/www_bget?C00884">
        <graphics name="C00884" fgcolor="#000000" bgcolor="#FFFFFF"
             type="circle" x="615" y="1028" width="8" height="8"/>
    </entry>
    <entry id="281" name="hsa:57571" type="gene" reaction="rn:R01991"
        link="http://www.kegg.jp/dbget-bin/www_bget?hsa:57571">
        <graphics name="CARNS1, ATPGD1" fgcolor="#000000" bgcolor="#BFFFBF"
             type="rectangle" x="564" y="1070" width="46" height="17"/>
    </entry>
    <entry id="282" name="hsa:55748" type="gene" reaction="rn:R01992"
        link="http://www.kegg.jp/dbget-bin/www_bget?hsa:55748">
        <graphics name="CNDP2, CN2, CPGL, HEL-S-13, HsT2298, PEPA" fgcolor="#000000" bgcolor="#BFFFBF"
             type="rectangle" x="564" y="1018" width="46" height="17"/>
    </entry>
    <entry id="283" name="ko:K01470" type="ortholog" reaction="rn:R01884"
        link="http://www.kegg.jp/dbget-bin/www_bget?K01470">
        <graphics name="K01470" fgcolor="#000000" bgcolor="#FFFFFF"
             type="rectangle" x="1017" y="69" width="46" height="17"/>
    </entry>
    <entry id="284" name="path:hsa00410" type="map"
        link="http://www.kegg.jp/dbget-bin/www_bget?hsa00410">
        <graphics name="beta-Alanine metabolism" fgcolor="#000000" bgcolor="#FFFFFF"
             type="roundrectangle" x="983" y="964" width="74" height="34"/>
    </entry>
    <entry id="286" name="ko:K00316" type="ortholog" reaction="rn:R01915"
        link="http://www.kegg.jp/dbget-bin/www_bget?K00316">
        <graphics name="K00316" fgcolor="#000000" bgcolor="#FFFFFF"
             type="rectangle" x="649" y="977" width="46" height="17"/>
    </entry>
    <entry id="289" name="cpd:C03166" type="compound"
        link="http://www.kegg.jp/dbget-bin/www_bget?C03166">
        <graphics name="C03166" fgcolor="#000000" bgcolor="#FFFFFF"
             type="circle" x="679" y="116" width="8" height="8"/>
    </entry>
    <entry id="290" name="cpd:C05932" type="compound"
        link="http://www.kegg.jp/dbget-bin/www_bget?C05932">
        <graphics name="C05932" fgcolor="#000000" bgcolor="#FFFFFF"
             type="circle" x="679" y="703" width="8" height="8"/>
    </entry>
    <entry id="292" name="cpd:C03440" type="compound"
        link="http://www.kegg.jp/dbget-bin/www_bget?C03440">
        <graphics name="C03440" fgcolor="#000000" bgcolor="#FFFFFF"
             type="circle" x="557" y="613" width="8" height="8"/>
    </entry>
    <entry id="293" name="ko:K12658" type="ortholog" reaction="rn:R03296"
        link="http://www.kegg.jp/dbget-bin/www_bget?K12658">
        <graphics name="K12658" fgcolor="#000000" bgcolor="#FFFFFF"
             type="rectangle" x="622" y="614" width="46" height="17"/>
    </entry>
    <entry id="295" name="cpd:C04282" type="compound"
        link="http://www.kegg.jp/dbget-bin/www_bget?C04282">
        <graphics name="C04282" fgcolor="#000000" bgcolor="#FFFFFF"
             type="circle" x="368" y="613" width="8" height="8"/>
    </entry>
    <entry id="297" name="hsa:1610" type="gene" reaction="rn:R04221"
        link="http://www.kegg.jp/dbget-bin/www_bget?hsa:1610">
        <graphics name="DAO, DAAO, DAMOX, OXDA" fgcolor="#000000" bgcolor="#BFFFBF"
             type="rectangle" x="455" y="614" width="46" height="17"/>
    </entry>
    <entry id="298" name="cpd:C00433" type="compound"
        link="http://www.kegg.jp/dbget-bin/www_bget?C00433">
        <graphics name="C00433" fgcolor="#000000" bgcolor="#FFFFFF"
             type="circle" x="287" y="613" width="8" height="8"/>
    </entry>
    <entry id="301" name="cpd:C05942" type="compound"
        link="http://www.kegg.jp/dbget-bin/www_bget?C05942">
        <graphics name="C05942" fgcolor="#000000" bgcolor="#FFFFFF"
             type="circle" x="368" y="572" width="8" height="8"/>
    </entry>
    <entry id="303" name="cpd:C05941" type="compound"
        link="http://www.kegg.jp/dbget-bin/www_bget?C05941">
        <graphics name="C05941" fgcolor="#000000" bgcolor="#FFFFFF"
             type="circle" x="368" y="662" width="8" height="8"/>
    </entry>
    <entry id="305" name="hsa:8659" type="gene" reaction="rn:R00707 rn:R00708"
        link="http://www.kegg.jp/dbget-bin/www_bget?hsa:8659">
        <graphics name="ALDH4A1, ALDH4, P5CD, P5CDh" fgcolor="#000000" bgcolor="#BFFFBF"
             type="rectangle" x="226" y="512" width="46" height="17"/>
    </entry>
    <entry id="306" name="cpd:C05939" type="compound"
        link="http://www.kegg.jp/dbget-bin/www_bget?C05939">
        <graphics name="C05939" fgcolor="#000000" bgcolor="#FFFFFF"
             type="circle" x="898" y="539" width="8" height="8"/>
    </entry>
    <entry id="307" name="ko:K01485" type="ortholog" reaction="rn:R02922"
        link="http://www.kegg.jp/dbget-bin/www_bget?K01485">
        <graphics name="K01485" fgcolor="#000000" bgcolor="#FFFFFF"
             type="rectangle" x="1120" y="147" width="46" height="17"/>
    </entry>
    <entry id="308" name="path:hsa00270" type="map"
        link="http://www.kegg.jp/dbget-bin/www_bget?hsa00270">
        <graphics name="Cysteine and methionine metabolism" fgcolor="#000000" bgcolor="#FFFFFF"
             type="roundrectangle" x="959" y="836" width="136" height="34"/>
    </entry>
    <entry id="309" name="path:map00960" type="map"
        link="http://www.kegg.jp/dbget-bin/www_bget?map00960">
        <graphics name="Tropane, piperidine and pyridine alkaloid biosynthesis" fgcolor="#000000" bgcolor="#FFFFFF"
             type="roundrectangle" x="366" y="745" width="158" height="34"/>
    </entry>
    <entry id="310" name="cpd:C18172" type="compound"
        link="http://www.kegg.jp/dbget-bin/www_bget?C18172">
        <graphics name="C18172" fgcolor="#000000" bgcolor="#FFFFFF"
             type="circle" x="679" y="901" width="8" height="8"/>
    </entry>
    <entry id="312" name="ko:K13747" type="ortholog" reaction="rn:R09081"
        link="http://www.kegg.jp/dbget-bin/www_bget?K13747">
        <graphics name="K13747" fgcolor="#000000" bgcolor="#FFFFFF"
             type="rectangle" x="679" y="926" width="46" height="17"/>
    </entry>
    <entry id="313" name="ko:K13746" type="ortholog" reaction="rn:R09079"
        link="http://www.kegg.jp/dbget-bin/www_bget?K13746">
        <graphics name="K13746" fgcolor="#000000" bgcolor="#FFFFFF"
             type="rectangle" x="679" y="869" width="46" height="17"/>
    </entry>
    <entry id="314" name="cpd:C00441" type="compound"
        link="http://www.kegg.jp/dbget-bin/www_bget?C00441">
        <graphics name="C00441" fgcolor="#000000" bgcolor="#FFFFFF"
             type="circle" x="615" y="816" width="8" height="8"/>
    </entry>
    <entry id="315" name="ko:K13746" type="ortholog" reaction="rn:R09080"
        link="http://www.kegg.jp/dbget-bin/www_bget?K13746">
        <graphics name="K13746" fgcolor="#000000" bgcolor="#FFFFFF"
             type="rectangle" x="615" y="869" width="46" height="17"/>
    </entry>
    <entry id="316" name="cpd:C18174" type="compound"
        link="http://www.kegg.jp/dbget-bin/www_bget?C18174">
        <graphics name="C18174" fgcolor="#000000" bgcolor="#FFFFFF"
             type="circle" x="615" y="901" width="8" height="8"/>
    </entry>
    <entry id="318" name="ko:K13747" type="ortholog" reaction="rn:R09082"
        link="http://www.kegg.jp/dbget-bin/www_bget?K13747">
        <graphics name="K13747" fgcolor="#000000" bgcolor="#FFFFFF"
             type="rectangle" x="615" y="925" width="46" height="17"/>
    </entry>
    <entry id="319" name="cpd:C03375" type="compound"
        link="http://www.kegg.jp/dbget-bin/www_bget?C03375">
        <graphics name="C03375" fgcolor="#000000" bgcolor="#FFFFFF"
             type="circle" x="615" y="952" width="8" height="8"/>
    </entry>
    <entry id="320" name="cpd:C00986" type="compound"
        link="http://www.kegg.jp/dbget-bin/www_bget?C00986">
        <graphics name="C00986" fgcolor="#000000" bgcolor="#FFFFFF"
             type="circle" x="581" y="836" width="8" height="8"/>
    </entry>
    <entry id="321" name="path:hsa00260" type="map"
        link="http://www.kegg.jp/dbget-bin/www_bget?hsa00260">
        <graphics name="Glycine, serine and threonine metabolism" fgcolor="#000000" bgcolor="#FFFFFF"
             type="roundrectangle" x="535" y="812" width="70" height="34"/>
    </entry>
    <entry id="324" name="cpd:C15532" type="compound"
        link="http://www.kegg.jp/dbget-bin/www_bget?C15532">
        <graphics name="C15532" fgcolor="#000000" bgcolor="#FFFFFF"
             type="circle" x="355" y="225" width="8" height="8"/>
    </entry>
    <entry id="325" name="ko:K09065" type="ortholog" reaction="rn:R07245"
        link="http://www.kegg.jp/dbget-bin/www_bget?K09065">
        <graphics name="K09065" fgcolor="#000000" bgcolor="#FFFFFF"
             type="rectangle" x="357" y="264" width="46" height="17"/>
    </entry>
    <entry id="328" name="ko:K01438" type="ortholog" reaction="rn:R09107"
        link="http://www.kegg.jp/dbget-bin/www_bget?K01438">
        <graphics name="K01438" fgcolor="#000000" bgcolor="#FFFFFF"
             type="rectangle" x="385" y="226" width="46" height="17"/>
    </entry>
    <entry id="330" name="cpd:C18048" type="compound"
        link="http://www.kegg.jp/dbget-bin/www_bget?C18048">
        <graphics name="C18048" fgcolor="#000000" bgcolor="#FFFFFF"
             type="circle" x="274" y="181" width="8" height="8"/>
    </entry>
    <entry id="332" name="ko:K13043" type="ortholog" reaction="rn:R08937"
        link="http://www.kegg.jp/dbget-bin/www_bget?K13043">
        <graphics name="K13043" fgcolor="#000000" bgcolor="#FFFFFF"
             type="rectangle" x="275" y="226" width="46" height="17"/>
    </entry>
    <entry id="333" name="cpd:C03415" type="compound"
        link="http://www.kegg.jp/dbget-bin/www_bget?C03415">
        <graphics name="C03415" fgcolor="#000000" bgcolor="#FFFFFF"
             type="circle" x="238" y="271" width="8" height="8"/>
    </entry>
    <entry id="334" name="ko:K05597" type="ortholog" reaction="rn:R00256"
        link="http://www.kegg.jp/dbget-bin/www_bget?K05597">
        <graphics name="K05597" fgcolor="#000000" bgcolor="#FFFFFF"
             type="rectangle" x="117" y="218" width="46" height="17"/>
    </entry>
    <entry id="335" name="hsa:6723" type="gene" reaction="rn:R02869"
        link="http://www.kegg.jp/dbget-bin/www_bget?hsa:6723">
        <graphics name="SRM, PAPT, SPDSY, SPS1, SRML1" fgcolor="#000000" bgcolor="#BFFFBF"
             type="rectangle" x="849" y="956" width="46" height="17"/>
    </entry>
    <entry id="336" name="cpd:C00223" type="compound"
        link="http://www.kegg.jp/dbget-bin/www_bget?C00223">
        <graphics name="C00223" fgcolor="#000000" bgcolor="#FFFFFF"
             type="circle" x="1151" y="836" width="8" height="8"/>
    </entry>
    <entry id="337" name="cpd:C18326" type="compound"
        link="http://www.kegg.jp/dbget-bin/www_bget?C18326">
        <graphics name="C18326" fgcolor="#000000" bgcolor="#FFFFFF"
             type="circle" x="1115" y="901" width="8" height="8"/>
    </entry>
    <entry id="340" name="ko:K14329" type="ortholog" reaction="rn:R09256"
        link="http://www.kegg.jp/dbget-bin/www_bget?K14329">
        <graphics name="K14329" fgcolor="#000000" bgcolor="#FFFFFF"
             type="rectangle" x="1088" y="869" width="46" height="17"/>
    </entry>
    <entry id="342" name="cpd:C00406" type="compound"
        link="http://www.kegg.jp/dbget-bin/www_bget?C00406">
        <graphics name="C00406" fgcolor="#000000" bgcolor="#FFFFFF"
             type="circle" x="1150" y="963" width="8" height="8"/>
    </entry>
    <entry id="343" name="cpd:C10497" type="compound"
        link="http://www.kegg.jp/dbget-bin/www_bget?C10497">
        <graphics name="C10497" fgcolor="#000000" bgcolor="#FFFFFF"
             type="circle" x="1115" y="1026" width="8" height="8"/>
    </entry>
    <entry id="344" name="cpd:C04498" type="compound"
        link="http://www.kegg.jp/dbget-bin/www_bget?C04498">
        <graphics name="C04498" fgcolor="#000000" bgcolor="#FFFFFF"
             type="circle" x="1194" y="901" width="8" height="8"/>
    </entry>
    <entry id="345" name="cpd:C18325" type="compound"
        link="http://www.kegg.jp/dbget-bin/www_bget?C18325">
        <graphics name="C18325" fgcolor="#000000" bgcolor="#FFFFFF"
             type="circle" x="1191" y="1027" width="8" height="8"/>
    </entry>
    <entry id="351" name="ko:K14329" type="ortholog" reaction="rn:R01617"
        link="http://www.kegg.jp/dbget-bin/www_bget?K14329">
        <graphics name="K14329" fgcolor="#000000" bgcolor="#FFFFFF"
             type="rectangle" x="1215" y="869" width="46" height="17"/>
    </entry>
    <entry id="352" name="ko:K14329" type="ortholog" reaction="rn:R09257"
        link="http://www.kegg.jp/dbget-bin/www_bget?K14329">
        <graphics name="K14329" fgcolor="#000000" bgcolor="#FFFFFF"
             type="rectangle" x="1062" y="992" width="46" height="17"/>
    </entry>
    <entry id="353" name="ko:K14329" type="ortholog" reaction="rn:R09255"
        link="http://www.kegg.jp/dbget-bin/www_bget?K14329">
        <graphics name="K14329" fgcolor="#000000" bgcolor="#FFFFFF"
             type="rectangle" x="1242" y="992" width="46" height="17"/>
    </entry>
    <entry id="354" name="hsa:84735" type="gene" reaction="rn:R01992"
        link="http://www.kegg.jp/dbget-bin/www_bget?hsa:84735">
        <graphics name="CNDP1, CN1, CPGL2, HsT2308" fgcolor="#000000" bgcolor="#BFFFBF"
             type="rectangle" x="564" y="1039" width="46" height="17"/>
    </entry>
    <entry id="355" name="hsa:102724788 hsa:5625" type="gene" reaction="rn:R10507"
        link="http://www.kegg.jp/dbget-bin/www_bget?hsa:102724788+hsa:5625">
        <graphics name="102724788..." fgcolor="#000000" bgcolor="#BFFFBF"
             type="rectangle" x="622" y="533" width="46" height="17"/>
    </entry>
    <entry id="356" name="ko:K13366" type="ortholog" reaction="rn:R01914"
        link="http://www.kegg.jp/dbget-bin/www_bget?K13366">
        <graphics name="K13366" fgcolor="#000000" bgcolor="#FFFFFF"
             type="rectangle" x="649" y="956" width="46" height="17"/>
    </entry>
    <entry id="358" name="hsa:54498" type="gene" reaction="rn:R09076"
        link="http://www.kegg.jp/dbget-bin/www_bget?hsa:54498">
        <graphics name="SMOX, C20orf16, PAO, PAO-1, PAOH1, SMO" fgcolor="#000000" bgcolor="#BFFFBF"
             type="rectangle" x="849" y="1001" width="46" height="17"/>
    </entry>
    <entry id="359" name="ko:K17839 ko:K13367" type="ortholog" reaction="rn:R09076"
        link="http://www.kegg.jp/dbget-bin/www_bget?K17839+K13367">
        <graphics name="K17839..." fgcolor="#000000" bgcolor="#FFFFFF"
             type="rectangle" x="849" y="1022" width="46" height="17"/>
    </entry>
    <entry id="361" name="ko:K17839 ko:K13367" type="ortholog" reaction="rn:R09077"
        link="http://www.kegg.jp/dbget-bin/www_bget?K17839+K13367">
        <graphics name="K17839..." fgcolor="#000000" bgcolor="#FFFFFF"
             type="rectangle" x="740" y="869" width="46" height="17"/>
    </entry>
    <entry id="362" name="ko:K17851" type="ortholog" reaction="rn:R09496"
        link="http://www.kegg.jp/dbget-bin/www_bget?K17851">
        <graphics name="K17851" fgcolor="#000000" bgcolor="#FFFFFF"
             type="rectangle" x="818" y="482" width="46" height="17"/>
    </entry>
    <entry id="363" name="path:hsa00040" type="map"
        link="http://www.kegg.jp/dbget-bin/www_bget?hsa00040">
        <graphics name="Pentose and glucuronate interconversions" fgcolor="#000000" bgcolor="#FFFFFF"
             type="roundrectangle" x="189" y="613" width="134" height="34"/>
    </entry>
    <entry id="364" name="path:hsa00053" type="map"
        link="http://www.kegg.jp/dbget-bin/www_bget?hsa00053">
        <graphics name="Ascorbate and aldarate metabolism" fgcolor="#000000" bgcolor="#FFFFFF"
             type="roundrectangle" x="195" y="573" width="121" height="34"/>
    </entry>
    <entry id="365" name="path:hsa00630" type="map"
        link="http://www.kegg.jp/dbget-bin/www_bget?hsa00630">
        <graphics name="Glyoxylate and dicarboxylate metabolism" fgcolor="#000000" bgcolor="#FFFFFF"
             type="roundrectangle" x="1119" y="493" width="135" height="34"/>
    </entry>
    <entry id="366" name="path:hsa00260" type="map"
        link="http://www.kegg.jp/dbget-bin/www_bget?hsa00260">
        <graphics name="Glycine, serine and threonine metabolism" fgcolor="#000000" bgcolor="#FFFFFF"
             type="roundrectangle" x="1126" y="668" width="120" height="34"/>
    </entry>
    <entry id="368" name="cpd:C05147" type="compound"
        link="http://www.kegg.jp/dbget-bin/www_bget?C05147">
        <graphics name="C05147" fgcolor="#000000" bgcolor="#FFFFFF"
             type="circle" x="793" y="389" width="8" height="8"/>
    </entry>
    <entry id="369" name="hsa:112849" type="gene" reaction="rn:R04374"
        link="http://www.kegg.jp/dbget-bin/www_bget?hsa:112849">
        <graphics name="L3HYPDH, C14orf149" fgcolor="#000000" bgcolor="#BFFFBF"
             type="rectangle" x="793" y="414" width="46" height="17"/>
    </entry>
    <relation entry1="169" entry2="171" type="ECrel">
        <subtype name="compound" value="59"/>
    </relation>
    <relation entry1="169" entry2="269" type="ECrel">
        <subtype name="compound" value="59"/>
    </relation>
    <relation entry1="168" entry2="171" type="ECrel">
        <subtype name="compound" value="59"/>
    </relation>
    <relation entry1="168" entry2="269" type="ECrel">
        <subtype name="compound" value="59"/>
    </relation>
    <relation entry1="171" entry2="269" type="ECrel">
        <subtype name="compound" value="59"/>
    </relation>
    <relation entry1="276" entry2="275" type="maplink">
        <subtype name="compound" value="23"/>
    </relation>
    <relation entry1="276" entry2="172" type="maplink">
        <subtype name="compound" value="23"/>
    </relation>
    <relation entry1="276" entry2="171" type="maplink">
        <subtype name="compound" value="23"/>
    </relation>
    <relation entry1="275" entry2="172" type="maplink">
        <subtype name="compound" value="23"/>
    </relation>
    <relation entry1="275" entry2="171" type="maplink">
        <subtype name="compound" value="23"/>
    </relation>
    <relation entry1="172" entry2="171" type="ECrel">
        <subtype name="compound" value="23"/>
    </relation>
    <relation entry1="174" entry2="173" type="maplink">
        <subtype name="compound" value="44"/>
    </relation>
    <relation entry1="173" entry2="263" type="ECrel">
        <subtype name="compound" value="19"/>
    </relation>
    <relation entry1="173" entry2="172" type="ECrel">
        <subtype name="compound" value="19"/>
    </relation>
    <relation entry1="263" entry2="172" type="ECrel">
        <subtype name="compound" value="19"/>
    </relation>
    <relation entry1="172" entry2="273" type="maplink">
        <subtype name="compound" value="21"/>
    </relation>
    <relation entry1="172" entry2="176" type="ECrel">
        <subtype name="compound" value="21"/>
    </relation>
    <relation entry1="172" entry2="184" type="ECrel">
        <subtype name="compound" value="21"/>
    </relation>
    <relation entry1="172" entry2="235" type="ECrel">
        <subtype name="compound" value="21"/>
    </relation>
    <relation entry1="172" entry2="181" type="ECrel">
        <subtype name="compound" value="21"/>
    </relation>
    <relation entry1="273" entry2="176" type="maplink">
        <subtype name="compound" value="21"/>
    </relation>
    <relation entry1="273" entry2="184" type="maplink">
        <subtype name="compound" value="21"/>
    </relation>
    <relation entry1="273" entry2="235" type="maplink">
        <subtype name="compound" value="21"/>
    </relation>
    <relation entry1="273" entry2="181" type="maplink">
        <subtype name="compound" value="21"/>
    </relation>
    <relation entry1="176" entry2="184" type="ECrel">
        <subtype name="compound" value="21"/>
    </relation>
    <relation entry1="176" entry2="235" type="ECrel">
        <subtype name="compound" value="21"/>
    </relation>
    <relation entry1="176" entry2="181" type="ECrel">
        <subtype name="compound" value="21"/>
    </relation>
    <relation entry1="184" entry2="235" type="ECrel">
        <subtype name="compound" value="21"/>
    </relation>
    <relation entry1="184" entry2="181" type="ECrel">
        <subtype name="compound" value="21"/>
    </relation>
    <relation entry1="235" entry2="181" type="ECrel">
        <subtype name="compound" value="21"/>
    </relation>
    <relation entry1="263" entry2="273" type="maplink">
        <subtype name="compound" value="20"/>
    </relation>
    <relation entry1="263" entry2="176" type="ECrel">
        <subtype name="compound" value="20"/>
    </relation>
    <relation entry1="263" entry2="175" type="ECrel">
        <subtype name="compound" value="20"/>
    </relation>
    <relation entry1="273" entry2="176" type="maplink">
        <subtype name="compound" value="20"/>
    </relation>
    <relation entry1="273" entry2="175" type="maplink">
        <subtype name="compound" value="20"/>
    </relation>
    <relation entry1="176" entry2="175" type="ECrel">
        <subtype name="compound" value="20"/>
    </relation>
    <relation entry1="173" entry2="175" type="ECrel">
        <subtype name="compound" value="18"/>
    </relation>
    <relation entry1="175" entry2="272" type="maplink">
        <subtype name="compound" value="45"/>
    </relation>
    <relation entry1="212" entry2="211" type="ECrel">
        <subtype name="compound" value="80"/>
    </relation>
    <relation entry1="212" entry2="214" type="ECrel">
        <subtype name="compound" value="82"/>
    </relation>
    <relation entry1="175" entry2="209" type="ECrel">
        <subtype name="compound" value="20"/>
    </relation>
    <relation entry1="175" entry2="226" type="ECrel">
        <subtype name="compound" value="20"/>
    </relation>
    <relation entry1="263" entry2="209" type="ECrel">
        <subtype name="compound" value="20"/>
    </relation>
    <relation entry1="263" entry2="226" type="ECrel">
        <subtype name="compound" value="20"/>
    </relation>
    <relation entry1="273" entry2="209" type="maplink">
        <subtype name="compound" value="20"/>
    </relation>
    <relation entry1="273" entry2="226" type="maplink">
        <subtype name="compound" value="20"/>
    </relation>
    <relation entry1="176" entry2="209" type="ECrel">
        <subtype name="compound" value="20"/>
    </relation>
    <relation entry1="176" entry2="226" type="ECrel">
        <subtype name="compound" value="20"/>
    </relation>
    <relation entry1="209" entry2="226" type="ECrel">
        <subtype name="compound" value="20"/>
    </relation>
    <relation entry1="209" entry2="210" type="ECrel">
        <subtype name="compound" value="79"/>
    </relation>
    <relation entry1="226" entry2="227" type="ECrel">
        <subtype name="compound" value="150"/>
    </relation>
    <relation entry1="184" entry2="236" type="ECrel">
        <subtype name="compound" value="34"/>
    </relation>
    <relation entry1="185" entry2="305" type="ECrel">
        <subtype name="compound" value="35"/>
    </relation>
    <relation entry1="185" entry2="238" type="ECrel">
        <subtype name="compound" value="35"/>
    </relation>
    <relation entry1="305" entry2="238" type="ECrel">
        <subtype name="compound" value="35"/>
    </relation>
    <relation entry1="237" entry2="238" type="ECrel">
        <subtype name="compound" value="57"/>
    </relation>
    <relation entry1="189" entry2="191" type="ECrel">
        <subtype name="compound" value="36"/>
    </relation>
    <relation entry1="189" entry2="185" type="ECrel">
        <subtype name="compound" value="36"/>
    </relation>
    <relation entry1="185" entry2="191" type="ECrel">
        <subtype name="compound" value="36"/>
    </relation>
    <relation entry1="191" entry2="199" type="ECrel">
        <subtype name="compound" value="37"/>
    </relation>
    <relation entry1="191" entry2="198" type="ECrel">
        <subtype name="compound" value="37"/>
    </relation>
    <relation entry1="199" entry2="200" type="ECrel">
        <subtype name="compound" value="39"/>
    </relation>
    <relation entry1="198" entry2="200" type="ECrel">
        <subtype name="compound" value="39"/>
    </relation>
    <relation entry1="202" entry2="201" type="ECrel">
        <subtype name="compound" value="41"/>
    </relation>
    <relation entry1="202" entry2="200" type="ECrel">
        <subtype name="compound" value="41"/>
    </relation>
    <relation entry1="202" entry2="205" type="ECrel">
        <subtype name="compound" value="42"/>
    </relation>
    <relation entry1="205" entry2="271" type="maplink">
        <subtype name="compound" value="117"/>
    </relation>
    <relation entry1="205" entry2="271" type="maplink">
        <subtype name="compound" value="43"/>
    </relation>
    <relation entry1="274" entry2="305" type="maplink">
        <subtype name="compound" value="25"/>
    </relation>
    <relation entry1="274" entry2="237" type="maplink">
        <subtype name="compound" value="25"/>
    </relation>
    <relation entry1="274" entry2="236" type="maplink">
        <subtype name="compound" value="25"/>
    </relation>
    <relation entry1="274" entry2="177" type="maplink">
        <subtype name="compound" value="25"/>
    </relation>
    <relation entry1="274" entry2="269" type="maplink">
        <subtype name="compound" value="25"/>
    </relation>
    <relation entry1="305" entry2="237" type="ECrel">
        <subtype name="compound" value="25"/>
    </relation>
    <relation entry1="305" entry2="177" type="ECrel">
        <subtype name="compound" value="25"/>
    </relation>
    <relation entry1="305" entry2="269" type="ECrel">
        <subtype name="compound" value="25"/>
    </relation>
    <relation entry1="237" entry2="236" type="ECrel">
        <subtype name="compound" value="25"/>
    </relation>
    <relation entry1="237" entry2="177" type="ECrel">
        <subtype name="compound" value="25"/>
    </relation>
    <relation entry1="237" entry2="269" type="ECrel">
        <subtype name="compound" value="25"/>
    </relation>
    <relation entry1="236" entry2="177" type="ECrel">
        <subtype name="compound" value="25"/>
    </relation>
    <relation entry1="236" entry2="269" type="ECrel">
        <subtype name="compound" value="25"/>
    </relation>
    <relation entry1="177" entry2="269" type="ECrel">
        <subtype name="compound" value="25"/>
    </relation>
    <relation entry1="274" entry2="250" type="maplink">
        <subtype name="compound" value="124"/>
    </relation>
    <relation entry1="274" entry2="281" type="maplink">
        <subtype name="compound" value="124"/>
    </relation>
    <relation entry1="274" entry2="282" type="maplink">
        <subtype name="compound" value="124"/>
    </relation>
    <relation entry1="274" entry2="223" type="maplink">
        <subtype name="compound" value="124"/>
    </relation>
    <relation entry1="250" entry2="281" type="ECrel">
        <subtype name="compound" value="124"/>
    </relation>
    <relation entry1="250" entry2="282" type="ECrel">
        <subtype name="compound" value="124"/>
    </relation>
    <relation entry1="250" entry2="223" type="ECrel">
        <subtype name="compound" value="124"/>
    </relation>
    <relation entry1="281" entry2="223" type="ECrel">
        <subtype name="compound" value="124"/>
    </relation>
    <relation entry1="282" entry2="223" type="ECrel">
        <subtype name="compound" value="124"/>
    </relation>
    <relation entry1="253" entry2="284" type="maplink">
        <subtype name="compound" value="139"/>
    </relation>
    <relation entry1="253" entry2="278" type="maplink">
        <subtype name="compound" value="139"/>
    </relation>
    <relation entry1="284" entry2="278" type="maplink">
        <subtype name="compound" value="139"/>
    </relation>
    <relation entry1="251" entry2="253" type="ECrel">
        <subtype name="compound" value="135"/>
    </relation>
    <relation entry1="253" entry2="252" type="ECrel">
        <subtype name="compound" value="138"/>
    </relation>
    <relation entry1="253" entry2="251" type="ECrel">
        <subtype name="compound" value="138"/>
    </relation>
    <relation entry1="252" entry2="251" type="ECrel">
        <subtype name="compound" value="138"/>
    </relation>
    <relation entry1="246" entry2="250" type="ECrel">
        <subtype name="compound" value="122"/>
    </relation>
    <relation entry1="254" entry2="256" type="ECrel">
        <subtype name="compound" value="143"/>
    </relation>
    <relation entry1="256" entry2="257" type="ECrel">
        <subtype name="compound" value="145"/>
    </relation>
    <relation entry1="246" entry2="251" type="ECrel">
        <subtype name="compound" value="26"/>
    </relation>
    <relation entry1="246" entry2="254" type="ECrel">
        <subtype name="compound" value="26"/>
    </relation>
    <relation entry1="246" entry2="227" type="ECrel">
        <subtype name="compound" value="26"/>
    </relation>
    <relation entry1="246" entry2="235" type="ECrel">
        <subtype name="compound" value="26"/>
    </relation>
    <relation entry1="246" entry2="309" type="maplink">
        <subtype name="compound" value="26"/>
    </relation>
    <relation entry1="251" entry2="254" type="ECrel">
        <subtype name="compound" value="26"/>
    </relation>
    <relation entry1="251" entry2="227" type="ECrel">
        <subtype name="compound" value="26"/>
    </relation>
    <relation entry1="251" entry2="235" type="ECrel">
        <subtype name="compound" value="26"/>
    </relation>
    <relation entry1="251" entry2="309" type="maplink">
        <subtype name="compound" value="26"/>
    </relation>
    <relation entry1="254" entry2="227" type="ECrel">
        <subtype name="compound" value="26"/>
    </relation>
    <relation entry1="254" entry2="235" type="ECrel">
        <subtype name="compound" value="26"/>
    </relation>
    <relation entry1="254" entry2="309" type="maplink">
        <subtype name="compound" value="26"/>
    </relation>
    <relation entry1="227" entry2="235" type="ECrel">
        <subtype name="compound" value="26"/>
    </relation>
    <relation entry1="227" entry2="309" type="maplink">
        <subtype name="compound" value="26"/>
    </relation>
    <relation entry1="235" entry2="309" type="maplink">
        <subtype name="compound" value="26"/>
    </relation>
    <relation entry1="354" entry2="223" type="ECrel">
        <subtype name="compound" value="124"/>
    </relation>
    <relation entry1="354" entry2="274" type="maplink">
        <subtype name="compound" value="124"/>
    </relation>
    <relation entry1="354" entry2="250" type="ECrel">
        <subtype name="compound" value="124"/>
    </relation>
    <relation entry1="335" entry2="284" type="maplink">
        <subtype name="compound" value="139"/>
    </relation>
    <relation entry1="251" entry2="335" type="ECrel">
        <subtype name="compound" value="135"/>
    </relation>
    <relation entry1="252" entry2="335" type="ECrel">
        <subtype name="compound" value="138"/>
    </relation>
    <relation entry1="278" entry2="335" type="maplink">
        <subtype name="compound" value="139"/>
    </relation>
    <relation entry1="335" entry2="251" type="ECrel">
        <subtype name="compound" value="138"/>
    </relation>
    <relation entry1="201" entry2="200" type="ECrel">
        <subtype name="compound" value="41"/>
    </relation>
    <relation entry1="169" entry2="168" type="ECrel">
        <subtype name="compound" value="72"/>
    </relation>
    <relation entry1="168" entry2="169" type="ECrel">
        <subtype name="compound" value="59"/>
    </relation>
    <relation entry1="305" entry2="355" type="ECrel">
        <subtype name="compound" value="35"/>
    </relation>
    <relation entry1="355" entry2="191" type="ECrel">
        <subtype name="compound" value="36"/>
    </relation>
    <relation entry1="355" entry2="189" type="ECrel">
        <subtype name="compound" value="36"/>
    </relation>
    <relation entry1="358" entry2="278" type="maplink">
        <subtype name="compound" value="139"/>
    </relation>
    <relation entry1="358" entry2="284" type="maplink">
        <subtype name="compound" value="139"/>
    </relation>
    <relation entry1="358" entry2="251" type="ECrel">
        <subtype name="compound" value="135"/>
    </relation>
    <relation entry1="252" entry2="308" type="maplink">
        <subtype name="compound" value="140"/>
    </relation>
    <relation entry1="364" entry2="363" type="maplink">
        <subtype name="compound" value="298"/>
    </relation>
    <relation entry1="365" entry2="366" type="maplink">
        <subtype name="compound" value="43"/>
    </relation>
    <relation entry1="365" entry2="205" type="maplink">
        <subtype name="compound" value="43"/>
    </relation>
    <relation entry1="366" entry2="205" type="maplink">
        <subtype name="compound" value="43"/>
    </relation>
    <relation entry1="369" entry2="194" type="ECrel">
        <subtype name="compound" value="111"/>
    </relation>
    <reaction id="168" name="rn:R00256" type="irreversible">
        <substrate id="72" name="cpd:C00064"/>
        <product id="59" name="cpd:C00014"/>
    </reaction>
    <reaction id="169" name="rn:R00253" type="irreversible">
        <substrate id="59" name="cpd:C00014"/>
        <product id="72" name="cpd:C00064"/>
    </reaction>
    <reaction id="171" name="rn:R00149" type="irreversible">
        <substrate id="59" name="cpd:C00014"/>
        <product id="23" name="cpd:C00169"/>
    </reaction>
    <reaction id="172" name="rn:R01398" type="irreversible">
        <substrate id="23" name="cpd:C00169"/>
        <substrate id="21" name="cpd:C00077"/>
        <product id="19" name="cpd:C00327"/>
    </reaction>
    <reaction id="173" name="rn:R01954" type="irreversible">
        <substrate id="19" name="cpd:C00327"/>
        <substrate id="44" name="cpd:C00049"/>
        <product id="18" name="cpd:C03406"/>
    </reaction>
    <reaction id="175" name="rn:R01086" type="irreversible">
        <substrate id="18" name="cpd:C03406"/>
        <product id="20" name="cpd:C00062"/>
        <product id="45" name="cpd:C00122"/>
    </reaction>
    <reaction id="176" name="rn:R00551" type="irreversible">
        <substrate id="20" name="cpd:C00062"/>
        <product id="99" name="cpd:C00086"/>
        <product id="21" name="cpd:C00077"/>
    </reaction>
    <reaction id="177" name="rn:R00259" type="irreversible">
        <substrate id="25" name="cpd:C00025"/>
        <product id="61" name="cpd:C00624"/>
    </reaction>
    <reaction id="181" name="rn:R00669" type="irreversible">
        <substrate id="67" name="cpd:C00437"/>
        <product id="21" name="cpd:C00077"/>
    </reaction>
    <reaction id="184" name="rn:R00667" type="reversible">
        <substrate id="21" name="cpd:C00077"/>
        <product id="34" name="cpd:C01165"/>
    </reaction>
    <reaction id="185" name="rn:R01248 rn:R01251" type="reversible">
        <substrate id="36" name="cpd:C00148"/>
        <product id="35" name="cpd:C03912"/>
    </reaction>
    <reaction id="189" name="rn:R00135" type="irreversible">
        <substrate id="188" name="cpd:C00012"/>
        <product id="36" name="cpd:C00148"/>
    </reaction>
    <reaction id="191" name="rn:R01252" type="irreversible">
        <substrate id="36" name="cpd:C00148"/>
        <product id="37" name="cpd:C01157"/>
    </reaction>
    <reaction id="194" name="rn:R02894" type="irreversible">
        <substrate id="106" name="cpd:C00763"/>
        <product id="111" name="cpd:C03564"/>
    </reaction>
    <reaction id="198" name="rn:R03295" type="irreversible">
        <substrate id="37" name="cpd:C01157"/>
        <product id="39" name="cpd:C04281"/>
    </reaction>
    <reaction id="199" name="rn:R03291 rn:R03293" type="irreversible">
        <substrate id="39" name="cpd:C04281"/>
        <product id="37" name="cpd:C01157"/>
    </reaction>
    <reaction id="200" name="rn:R04444 rn:R04445" type="irreversible">
        <substrate id="39" name="cpd:C04281"/>
        <product id="41" name="cpd:C05947"/>
    </reaction>
    <reaction id="201" name="rn:R05051" type="irreversible">
        <substrate id="116" name="cpd:C05938"/>
        <product id="41" name="cpd:C05947"/>
    </reaction>
    <reaction id="202" name="rn:R05052" type="irreversible">
        <substrate id="41" name="cpd:C05947"/>
        <product id="42" name="cpd:C05946"/>
    </reaction>
    <reaction id="205" name="rn:R00471" type="irreversible">
        <substrate id="42" name="cpd:C05946"/>
        <product id="117" name="cpd:C00022"/>
        <product id="43" name="cpd:C00048"/>
    </reaction>
    <reaction id="209" name="rn:R00558" type="irreversible">
        <substrate id="20" name="cpd:C00062"/>
        <product id="79" name="cpd:C05933"/>
    </reaction>
    <reaction id="210" name="rn:R00111" type="irreversible">
        <substrate id="79" name="cpd:C05933"/>
        <product id="89" name="cpd:C00533"/>
    </reaction>
    <reaction id="211" name="rn:R00565" type="reversible">
        <substrate id="20" name="cpd:C00062"/>
        <product id="80" name="cpd:C00581"/>
    </reaction>
    <reaction id="212" name="rn:R01883" type="irreversible">
        <substrate id="80" name="cpd:C00581"/>
        <product id="82" name="cpd:C00300"/>
    </reaction>
    <reaction id="214" name="rn:R01881" type="irreversible">
        <substrate id="82" name="cpd:C00300"/>
        <product id="84" name="cpd:C02305"/>
    </reaction>
    <reaction id="223" name="rn:R01989" type="irreversible">
        <substrate id="124" name="cpd:C00334"/>
        <product id="159" name="cpd:C01035"/>
    </reaction>
    <reaction id="226" name="rn:R00566" type="irreversible">
        <substrate id="20" name="cpd:C00062"/>
        <product id="150" name="cpd:C00179"/>
    </reaction>
    <reaction id="227" name="rn:R01157" type="irreversible">
        <substrate id="150" name="cpd:C00179"/>
        <product id="26" name="cpd:C00134"/>
    </reaction>
    <reaction id="235" name="rn:R00670" type="irreversible">
        <substrate id="21" name="cpd:C00077"/>
        <product id="26" name="cpd:C00134"/>
    </reaction>
    <reaction id="236" name="rn:R00245" type="reversible">
        <substrate id="34" name="cpd:C01165"/>
        <product id="25" name="cpd:C00025"/>
    </reaction>
    <reaction id="237" name="rn:R00239" type="irreversible">
        <substrate id="25" name="cpd:C00025"/>
        <product id="57" name="cpd:C03287"/>
    </reaction>
    <reaction id="238" name="rn:R03313" type="irreversible">
        <substrate id="57" name="cpd:C03287"/>
        <product id="34" name="cpd:C01165"/>
    </reaction>
    <reaction id="305" name="rn:R00707 rn:R00708" type="irreversible">
        <substrate id="35" name="cpd:C03912"/>
        <product id="25" name="cpd:C00025"/>
    </reaction>
    <reaction id="246" name="rn:R01151" type="irreversible">
        <substrate id="26" name="cpd:C00134"/>
        <product id="122" name="cpd:C00555"/>
    </reaction>
    <reaction id="250" name="rn:R01986 rn:R02549" type="irreversible">
        <substrate id="122" name="cpd:C00555"/>
        <product id="124" name="cpd:C00334"/>
    </reaction>
    <reaction id="251" name="rn:R01920" type="irreversible">
        <substrate id="26" name="cpd:C00134"/>
        <substrate id="138" name="cpd:C01137"/>
        <product id="135" name="cpd:C00315"/>
    </reaction>
    <reaction id="252" name="rn:R00178" type="irreversible">
        <substrate id="140" name="cpd:C00019"/>
        <product id="138" name="cpd:C01137"/>
    </reaction>
    <reaction id="253" name="rn:R02869" type="irreversible">
        <substrate id="135" name="cpd:C00315"/>
        <substrate id="138" name="cpd:C01137"/>
        <product id="139" name="cpd:C00750"/>
    </reaction>
    <reaction id="254" name="rn:R01154" type="irreversible">
        <substrate id="26" name="cpd:C00134"/>
        <product id="143" name="cpd:C02714"/>
    </reaction>
    <reaction id="256" name="rn:R04025" type="irreversible">
        <substrate id="143" name="cpd:C02714"/>
        <product id="145" name="cpd:C05936"/>
    </reaction>
    <reaction id="257" name="rn:R05050" type="irreversible">
        <substrate id="145" name="cpd:C05936"/>
        <product id="147" name="cpd:C02946"/>
    </reaction>
    <reaction id="263" name="rn:R00557" type="reversible">
        <substrate id="20" name="cpd:C00062"/>
        <product id="19" name="cpd:C00327"/>
    </reaction>
    <reaction id="269" name="rn:R00243 rn:R00248" type="reversible">
        <substrate id="25" name="cpd:C00025"/>
        <product id="59" name="cpd:C00014"/>
    </reaction>
    <reaction id="281" name="rn:R01991" type="reversible">
        <substrate id="124" name="cpd:C00334"/>
        <product id="279" name="cpd:C00884"/>
    </reaction>
    <reaction id="282" name="rn:R01992" type="irreversible">
        <substrate id="124" name="cpd:C00334"/>
        <product id="279" name="cpd:C00884"/>
    </reaction>
    <reaction id="297" name="rn:R04221" type="irreversible">
        <substrate id="292" name="cpd:C03440"/>
        <product id="295" name="cpd:C04282"/>
    </reaction>
    <reaction id="335" name="rn:R02869" type="irreversible">
        <substrate id="135" name="cpd:C00315"/>
        <substrate id="138" name="cpd:C01137"/>
        <product id="139" name="cpd:C00750"/>
    </reaction>
    <reaction id="354" name="rn:R01992" type="irreversible">
        <substrate id="124" name="cpd:C00334"/>
        <product id="279" name="cpd:C00884"/>
    </reaction>
    <reaction id="355" name="rn:R10507" type="irreversible">
        <substrate id="36" name="cpd:C00148"/>
        <product id="35" name="cpd:C03912"/>
    </reaction>
    <reaction id="358" name="rn:R09076" type="irreversible">
        <substrate id="139" name="cpd:C00750"/>
        <product id="135" name="cpd:C00315"/>
    </reaction>
    <reaction id="369" name="rn:R04374" type="irreversible">
        <substrate id="368" name="cpd:C05147"/>
        <product id="111" name="cpd:C03564"/>
    </reaction>
</pathway>
