<?xml version="1.0"?>
<!DOCTYPE pathway SYSTEM "http://www.kegg.jp/kegg/xml/KGML_v0.7.1_.dtd">
<!-- Creation date: Jun 6, 2012 14:03:12 +0900 (GMT+09:00) -->
<pathway name="path:hsa00603" org="hsa" number="00603"
         title="Glycosphingolipid biosynthesis - globo series"
         image="http://www.kegg.jp/kegg/pathway/hsa/hsa00603.png"
         link="http://www.kegg.jp/kegg-bin/show_pathway?hsa00603">
    <entry id="3" name="hsa:6482 hsa:6483" type="gene" reaction="rn:R05967"
        link="http://www.kegg.jp/dbget-bin/www_bget?hsa:6482+hsa:6483">
        <graphics name="ST3GAL1, Gal-NAc6S, SIAT4A, SIATFL, ST3GalA, ST3GalA.1, ST3GalIA, ST3GalIA,1, ST3O..." fgcolor="#000000" bgcolor="#BFFFBF"
             type="rectangle" x="221" y="420" width="46" height="17"/>
    </entry>
    <entry id="22" name="gl:G00181" type="compound"
        link="http://www.kegg.jp/dbget-bin/www_bget?G00181">
        <graphics name="G00181" fgcolor="#000000" bgcolor="#FFFFFF"
             type="circle" x="108" y="466" width="8" height="8"/>
    </entry>
    <entry id="23" name="gl:G00107" type="compound"
        link="http://www.kegg.jp/dbget-bin/www_bget?G00107">
        <graphics name="G00107" fgcolor="#000000" bgcolor="#FFFFFF"
             type="circle" x="556" y="190" width="8" height="8"/>
    </entry>
    <entry id="24" name="gl:G00096" type="compound"
        link="http://www.kegg.jp/dbget-bin/www_bget?G00096">
        <graphics name="G00096" fgcolor="#000000" bgcolor="#FFFFFF"
             type="circle" x="333" y="284" width="8" height="8"/>
    </entry>
    <entry id="25" name="gl:G00099" type="compound"
        link="http://www.kegg.jp/dbget-bin/www_bget?G00099">
        <graphics name="G00099" fgcolor="#000000" bgcolor="#FFFFFF"
             type="circle" x="108" y="376" width="8" height="8"/>
    </entry>
    <entry id="26" name="gl:G00100" type="compound"
        link="http://www.kegg.jp/dbget-bin/www_bget?G00100">
        <graphics name="G00100" fgcolor="#000000" bgcolor="#FFFFFF"
             type="circle" x="221" y="557" width="8" height="8"/>
    </entry>
    <entry id="27" name="gl:G00101" type="compound"
        link="http://www.kegg.jp/dbget-bin/www_bget?G00101">
        <graphics name="G00101" fgcolor="#000000" bgcolor="#FFFFFF"
             type="circle" x="333" y="466" width="8" height="8"/>
    </entry>
    <entry id="28" name="gl:G00098" type="compound"
        link="http://www.kegg.jp/dbget-bin/www_bget?G00098">
        <graphics name="G00098" fgcolor="#000000" bgcolor="#FFFFFF"
             type="circle" x="221" y="466" width="8" height="8"/>
    </entry>
    <entry id="29" name="gl:G00097" type="compound"
        link="http://www.kegg.jp/dbget-bin/www_bget?G00097">
        <graphics name="G00097" fgcolor="#000000" bgcolor="#FFFFFF"
             type="circle" x="221" y="376" width="8" height="8"/>
    </entry>
    <entry id="30" name="gl:G00104" type="compound"
        link="http://www.kegg.jp/dbget-bin/www_bget?G00104">
        <graphics name="G00104" fgcolor="#000000" bgcolor="#FFFFFF"
             type="circle" x="556" y="376" width="8" height="8"/>
    </entry>
    <entry id="31" name="gl:G00103" type="compound"
        link="http://www.kegg.jp/dbget-bin/www_bget?G00103">
        <graphics name="G00103" fgcolor="#000000" bgcolor="#FFFFFF"
             type="circle" x="445" y="376" width="8" height="8"/>
    </entry>
    <entry id="32" name="gl:G00102" type="compound"
        link="http://www.kegg.jp/dbget-bin/www_bget?G00102">
        <graphics name="G00102" fgcolor="#000000" bgcolor="#FFFFFF"
             type="circle" x="333" y="376" width="8" height="8"/>
    </entry>
    <entry id="33" name="gl:G00106" type="compound"
        link="http://www.kegg.jp/dbget-bin/www_bget?G00106">
        <graphics name="G00106" fgcolor="#000000" bgcolor="#FFFFFF"
             type="circle" x="445" y="190" width="8" height="8"/>
    </entry>
    <entry id="34" name="gl:G00105" type="compound"
        link="http://www.kegg.jp/dbget-bin/www_bget?G00105">
        <graphics name="G00105" fgcolor="#000000" bgcolor="#FFFFFF"
             type="circle" x="333" y="190" width="8" height="8"/>
    </entry>
    <entry id="35" name="hsa:10317" type="gene" reaction="rn:R05964"
        link="http://www.kegg.jp/dbget-bin/www_bget?hsa:10317">
        <graphics name="B3GALT5, B3GalT-V, B3GalTx, B3T5, GLCT5, beta-1,3-GalTase_5, beta-3-Gx-T5, beta3Gal-T5" fgcolor="#000000" bgcolor="#BFFFBF"
             type="rectangle" x="222" y="331" width="46" height="17"/>
    </entry>
    <entry id="38" name="hsa:4668" type="gene" reaction="rn:R05966"
        link="http://www.kegg.jp/dbget-bin/www_bget?hsa:4668">
        <graphics name="NAGA, D22S674, GALB" fgcolor="#000000" bgcolor="#BFFFBF"
             type="rectangle" x="162" y="275" width="46" height="17"/>
    </entry>
    <entry id="39" name="hsa:53947" type="gene" reaction="rn:R05960"
        link="http://www.kegg.jp/dbget-bin/www_bget?hsa:53947">
        <graphics name="A4GALT, A14GALT, A4GALT1, Gb3S, P(k), P1, P1PK, PK" fgcolor="#000000" bgcolor="#BFFFBF"
             type="rectangle" x="162" y="190" width="46" height="17"/>
    </entry>
    <entry id="40" name="gl:G00094" type="compound"
        link="http://www.kegg.jp/dbget-bin/www_bget?G00094">
        <graphics name="G00094" fgcolor="#000000" bgcolor="#FFFFFF"
             type="circle" x="221" y="284" width="8" height="8"/>
    </entry>
    <entry id="42" name="hsa:3073 hsa:3074" type="gene" reaction="rn:R05963"
        link="http://www.kegg.jp/dbget-bin/www_bget?hsa:3073+hsa:3074">
        <graphics name="HEXA, TSD..." fgcolor="#000000" bgcolor="#BFFFBF"
             type="rectangle" x="198" y="255" width="46" height="17"/>
    </entry>
    <entry id="46" name="hsa:6489" type="gene"
        link="http://www.kegg.jp/dbget-bin/www_bget?hsa:6489">
        <graphics name="ST8SIA1, GD3S, SIAT8, SIAT8-A, SIAT8A, ST8SiaI" fgcolor="#000000" bgcolor="#BFFFBF"
             type="rectangle" x="222" y="513" width="46" height="17"/>
    </entry>
    <entry id="48" name="hsa:10690" type="gene" reaction="rn:R05904"
        link="http://www.kegg.jp/dbget-bin/www_bget?hsa:10690">
        <graphics name="FUT9, Fuc-TIX" fgcolor="#000000" bgcolor="#BFFFBF"
             type="rectangle" x="496" y="375" width="46" height="17"/>
    </entry>
    <entry id="49" name="hsa:2523 hsa:2524" type="gene" reaction="rn:R05968"
        link="http://www.kegg.jp/dbget-bin/www_bget?hsa:2523+hsa:2524">
        <graphics name="FUT1, H, HH, HSC..." fgcolor="#000000" bgcolor="#BFFFBF"
             type="rectangle" x="162" y="375" width="46" height="17"/>
    </entry>
    <entry id="50" name="hsa:2717" type="gene" reaction="rn:R05961"
        link="http://www.kegg.jp/dbget-bin/www_bget?hsa:2717">
        <graphics name="GLA, GALA" fgcolor="#000000" bgcolor="#BFFFBF"
             type="rectangle" x="162" y="232" width="46" height="17"/>
    </entry>
    <entry id="51" name="hsa:8706" type="gene" reaction="rn:R05962"
        link="http://www.kegg.jp/dbget-bin/www_bget?hsa:8706">
        <graphics name="B3GALNT1, B3GALT3, GLCT3, GLOB, Gb4Cer, P, P1, beta3Gal-T3, galT3" fgcolor="#000000" bgcolor="#BFFFBF"
             type="rectangle" x="243" y="236" width="46" height="17"/>
    </entry>
    <entry id="52" name="hsa:26301" type="gene" reaction="rn:R05965"
        link="http://www.kegg.jp/dbget-bin/www_bget?hsa:26301">
        <graphics name="GBGT1, A3GALNT, FS, UNQ2513" fgcolor="#000000" bgcolor="#BFFFBF"
             type="rectangle" x="162" y="294" width="46" height="17"/>
    </entry>
    <entry id="53" name="path:hsa00603" type="map"
        link="http://www.kegg.jp/dbget-bin/www_bget?hsa00603">
        <graphics name="TITLE:Glycosphingolipid biosynthesis - globo series" fgcolor="#000000" bgcolor="#FFFFFF"
             type="roundrectangle" x="228" y="58" width="375" height="25"/>
    </entry>
    <entry id="54" name="path:hsa00600" type="map"
        link="http://www.kegg.jp/dbget-bin/www_bget?hsa00600">
        <graphics name="Sphingolipid metabolism" fgcolor="#000000" bgcolor="#FFFFFF"
             type="roundrectangle" x="110" y="124" width="77" height="34"/>
    </entry>
    <entry id="55" name="gl:G00095" type="compound"
        link="http://www.kegg.jp/dbget-bin/www_bget?G00095">
        <graphics name="G00095" fgcolor="#000000" bgcolor="#FFFFFF"
             type="circle" x="108" y="284" width="8" height="8"/>
    </entry>
    <entry id="56" name="gl:G00093" type="compound"
        link="http://www.kegg.jp/dbget-bin/www_bget?G00093">
        <graphics name="G00093" fgcolor="#000000" bgcolor="#FFFFFF"
             type="circle" x="221" y="190" width="8" height="8"/>
    </entry>
    <entry id="57" name="gl:G00092" type="compound"
        link="http://www.kegg.jp/dbget-bin/www_bget?G00092">
        <graphics name="G00092" fgcolor="#000000" bgcolor="#FFFFFF"
             type="circle" x="108" y="190" width="8" height="8"/>
    </entry>
    <entry id="58" name="hsa:6489" type="gene"
        link="http://www.kegg.jp/dbget-bin/www_bget?hsa:6489">
        <graphics name="ST8SIA1, GD3S, SIAT8, SIAT8-A, SIAT8A, ST8SiaI" fgcolor="#66CC66" bgcolor="#FFFFFF"
             type="line" coords="62,701,92,701"/>
    </entry>
    <entry id="59" name="hsa:2523 hsa:2524" type="gene" reaction="rn:R05968"
        link="http://www.kegg.jp/dbget-bin/www_bget?hsa:2523+hsa:2524">
        <graphics name="FUT1, H, HH, HSC..." fgcolor="#66CC66" bgcolor="#FFFFFF"
             type="line" coords="174,729,189,714"/>
    </entry>
    <entry id="61" name="hsa:26301" type="gene" reaction="rn:R05965"
        link="http://www.kegg.jp/dbget-bin/www_bget?hsa:26301">
        <graphics name="GBGT1, A3GALNT, FS, UNQ2513" fgcolor="#66CC66" bgcolor="#FFFFFF"
             type="line" coords="219,651,249,651"/>
    </entry>
    <entry id="63" name="hsa:10317" type="gene" reaction="rn:R05964"
        link="http://www.kegg.jp/dbget-bin/www_bget?hsa:10317">
        <graphics name="B3GALT5, B3GalT-V, B3GalTx, B3T5, GLCT5, beta-1,3-GalTase_5, beta-3-Gx-T5, beta3Gal-T5" fgcolor="#66CC66" bgcolor="#FFFFFF"
             type="line" coords="220,693,250,663"/>
    </entry>
    <entry id="64" name="hsa:53947" type="gene" reaction="rn:R05960"
        link="http://www.kegg.jp/dbget-bin/www_bget?hsa:53947">
        <graphics name="A4GALT, A14GALT, A4GALT1, Gb3S, P(k), P1, P1PK, PK" fgcolor="#66CC66" bgcolor="#FFFFFF"
             type="line" coords="377,651,407,651"/>
    </entry>
    <entry id="65" name="hsa:6482 hsa:6483" type="gene" reaction="rn:R05967"
        link="http://www.kegg.jp/dbget-bin/www_bget?hsa:6482+hsa:6483">
        <graphics name="ST3GAL1, Gal-NAc6S, SIAT4A, SIATFL, ST3GalA, ST3GalA.1, ST3GalIA, ST3GalIA,1, ST3O..." fgcolor="#66CC66" bgcolor="#FFFFFF"
             type="line" coords="157,701,187,701"/>
    </entry>
    <entry id="66" name="hsa:8706" type="gene" reaction="rn:R05962"
        link="http://www.kegg.jp/dbget-bin/www_bget?hsa:8706">
        <graphics name="B3GALNT1, B3GALT3, GLCT3, GLOB, Gb4Cer, P, P1, beta3Gal-T3, galT3" fgcolor="#66CC66" bgcolor="#FFFFFF"
             type="line" coords="306,651,336,651"/>
    </entry>
    <entry id="72" name="hsa:10690" type="gene" reaction="rn:R05904"
        link="http://www.kegg.jp/dbget-bin/www_bget?hsa:10690">
        <graphics name="FUT9, Fuc-TIX" fgcolor="#66CC66" bgcolor="#FFFFFF"
             type="line" coords="152,622,167,607"/>
    </entry>
    <relation entry1="39" entry2="51" type="ECrel">
        <subtype name="compound" value="56"/>
    </relation>
    <relation entry1="39" entry2="42" type="ECrel">
        <subtype name="compound" value="56"/>
    </relation>
    <relation entry1="50" entry2="51" type="ECrel">
        <subtype name="compound" value="56"/>
    </relation>
    <relation entry1="42" entry2="50" type="ECrel">
        <subtype name="compound" value="56"/>
    </relation>
    <relation entry1="35" entry2="51" type="ECrel">
        <subtype name="compound" value="40"/>
    </relation>
    <relation entry1="51" entry2="52" type="ECrel">
        <subtype name="compound" value="40"/>
    </relation>
    <relation entry1="38" entry2="51" type="ECrel">
        <subtype name="compound" value="40"/>
    </relation>
    <relation entry1="35" entry2="42" type="ECrel">
        <subtype name="compound" value="40"/>
    </relation>
    <relation entry1="42" entry2="52" type="ECrel">
        <subtype name="compound" value="40"/>
    </relation>
    <relation entry1="38" entry2="42" type="ECrel">
        <subtype name="compound" value="40"/>
    </relation>
    <relation entry1="35" entry2="52" type="ECrel">
        <subtype name="compound" value="40"/>
    </relation>
    <relation entry1="35" entry2="38" type="ECrel">
        <subtype name="compound" value="40"/>
    </relation>
    <relation entry1="35" entry2="49" type="ECrel">
        <subtype name="compound" value="29"/>
    </relation>
    <relation entry1="35" entry2="3" type="ECrel">
        <subtype name="compound" value="29"/>
    </relation>
    <relation entry1="3" entry2="49" type="ECrel">
        <subtype name="compound" value="29"/>
    </relation>
    <relation entry1="3" entry2="46" type="ECrel">
        <subtype name="compound" value="28"/>
    </relation>
    <relation entry1="39" entry2="54" type="maplink">
        <subtype name="compound" value="57"/>
    </relation>
    <relation entry1="50" entry2="54" type="maplink">
        <subtype name="compound" value="57"/>
    </relation>
    <reaction id="35" name="rn:R05964" type="reversible">
        <substrate id="40" name="gl:G00094"/>
        <product id="29" name="gl:G00097"/>
    </reaction>
    <reaction id="38" name="rn:R05966" type="reversible">
        <substrate id="55" name="gl:G00095"/>
        <product id="40" name="gl:G00094"/>
    </reaction>
    <reaction id="39" name="rn:R05960" type="reversible">
        <substrate id="57" name="gl:G00092"/>
        <product id="56" name="gl:G00093"/>
    </reaction>
    <reaction id="42" name="rn:R05963" type="reversible">
        <substrate id="40" name="gl:G00094"/>
        <product id="56" name="gl:G00093"/>
    </reaction>
    <reaction id="3" name="rn:R05967" type="reversible">
        <substrate id="29" name="gl:G00097"/>
        <product id="28" name="gl:G00098"/>
    </reaction>
    <reaction id="48" name="rn:R05904" type="reversible">
        <substrate id="31" name="gl:G00103"/>
        <product id="30" name="gl:G00104"/>
    </reaction>
    <reaction id="49" name="rn:R05968" type="reversible">
        <substrate id="29" name="gl:G00097"/>
        <product id="25" name="gl:G00099"/>
    </reaction>
    <reaction id="50" name="rn:R05961" type="reversible">
        <substrate id="56" name="gl:G00093"/>
        <product id="57" name="gl:G00092"/>
    </reaction>
    <reaction id="51" name="rn:R05962" type="reversible">
        <substrate id="56" name="gl:G00093"/>
        <product id="40" name="gl:G00094"/>
    </reaction>
    <reaction id="52" name="rn:R05965" type="reversible">
        <substrate id="40" name="gl:G00094"/>
        <product id="55" name="gl:G00095"/>
    </reaction>
    <reaction id="59" name="rn:R05968" type="reversible">
        <substrate id="29" name="gl:G00097"/>
        <product id="25" name="gl:G00099"/>
    </reaction>
    <reaction id="61" name="rn:R05965" type="reversible">
        <substrate id="40" name="gl:G00094"/>
        <product id="55" name="gl:G00095"/>
    </reaction>
    <reaction id="63" name="rn:R05964" type="reversible">
        <substrate id="40" name="gl:G00094"/>
        <product id="29" name="gl:G00097"/>
    </reaction>
    <reaction id="64" name="rn:R05960" type="reversible">
        <substrate id="57" name="gl:G00092"/>
        <product id="56" name="gl:G00093"/>
    </reaction>
    <reaction id="65" name="rn:R05967" type="reversible">
        <substrate id="29" name="gl:G00097"/>
        <product id="28" name="gl:G00098"/>
    </reaction>
    <reaction id="66" name="rn:R05962" type="reversible">
        <substrate id="56" name="gl:G00093"/>
        <product id="40" name="gl:G00094"/>
    </reaction>
    <reaction id="72" name="rn:R05904" type="reversible">
        <substrate id="31" name="gl:G00103"/>
        <product id="30" name="gl:G00104"/>
    </reaction>
</pathway>
