<?xml version="1.0"?>
<!DOCTYPE pathway SYSTEM "http://www.kegg.jp/kegg/xml/KGML_v0.7.1_.dtd">
<!-- Creation date: Jun 3, 2013 16:48:48 +0900 (GMT+09:00) -->
<pathway name="path:hsa00600" org="hsa" number="00600"
         title="Sphingolipid metabolism"
         image="http://www.kegg.jp/kegg/pathway/hsa/hsa00600.png"
         link="http://www.kegg.jp/kegg-bin/show_pathway?hsa00600">
    <entry id="34" name="hsa:55331" type="gene" reaction="rn:R06518"
        link="http://www.kegg.jp/dbget-bin/www_bget?hsa:55331">
        <graphics name="ACER3, APHC, PHCA" fgcolor="#000000" bgcolor="#BFFFBF"
             type="rectangle" x="399" y="407" width="46" height="17"/>
    </entry>
    <entry id="35" name="ko:K05848" type="ortholog" reaction="rn:R06528"
        link="http://www.kegg.jp/dbget-bin/www_bget?K05848">
        <graphics name="K05848" fgcolor="#000000" bgcolor="#FFFFFF"
             type="rectangle" x="399" y="305" width="46" height="17"/>
    </entry>
    <entry id="37" name="hsa:130367 hsa:81537" type="gene" reaction="rn:R06522"
        link="http://www.kegg.jp/dbget-bin/www_bget?hsa:130367+hsa:81537">
        <graphics name="SGPP2, SPP2..." fgcolor="#000000" bgcolor="#BFFFBF"
             type="rectangle" x="687" y="449" width="46" height="17"/>
    </entry>
    <entry id="38" name="hsa:130367 hsa:81537" type="gene" reaction="rn:R06521"
        link="http://www.kegg.jp/dbget-bin/www_bget?hsa:130367+hsa:81537">
        <graphics name="SGPP2, SPP2..." fgcolor="#000000" bgcolor="#BFFFBF"
             type="rectangle" x="547" y="187" width="46" height="17"/>
    </entry>
    <entry id="39" name="hsa:130367 hsa:81537" type="gene" reaction="rn:R06520"
        link="http://www.kegg.jp/dbget-bin/www_bget?hsa:130367+hsa:81537">
        <graphics name="SGPP2, SPP2..." fgcolor="#000000" bgcolor="#BFFFBF"
             type="rectangle" x="256" y="231" width="46" height="17"/>
    </entry>
    <entry id="40" name="hsa:427 hsa:56624" type="gene" reaction="rn:R06518"
        link="http://www.kegg.jp/dbget-bin/www_bget?hsa:427+hsa:56624">
        <graphics name="ASAH1, AC, ACDase, ASAH, PHP, PHP32, SMAPME..." fgcolor="#000000" bgcolor="#BFFFBF"
             type="rectangle" x="399" y="386" width="46" height="17"/>
    </entry>
    <entry id="41" name="hsa:427 hsa:56624" type="gene" reaction="rn:R06528"
        link="http://www.kegg.jp/dbget-bin/www_bget?hsa:427+hsa:56624">
        <graphics name="ASAH1, AC, ACDase, ASAH, PHP, PHP32, SMAPME..." fgcolor="#000000" bgcolor="#BFFFBF"
             type="rectangle" x="399" y="284" width="46" height="17"/>
    </entry>
    <entry id="42" name="hsa:10715 hsa:204219 hsa:253782 hsa:29956 hsa:79603 hsa:91012" type="gene" reaction="rn:R06517"
        link="http://www.kegg.jp/dbget-bin/www_bget?hsa:10715+hsa:204219+hsa:253782+hsa:29956+hsa:79603+hsa:91012">
        <graphics name="CERS1, LAG1, LASS1, UOG1..." fgcolor="#000000" bgcolor="#BFFFBF"
             type="rectangle" x="399" y="364" width="46" height="17"/>
    </entry>
    <entry id="43" name="hsa:123099 hsa:8560" type="gene" reaction="rn:R06519"
        link="http://www.kegg.jp/dbget-bin/www_bget?hsa:123099+hsa:8560">
        <graphics name="DEGS2, C14orf66, DES2, FADS8..." fgcolor="#000000" bgcolor="#BFFFBF"
             type="rectangle" x="532" y="365" width="46" height="17"/>
    </entry>
    <entry id="44" name="ko:K04709" type="ortholog" reaction="rn:R06527"
        link="http://www.kegg.jp/dbget-bin/www_bget?K04709">
        <graphics name="K04709" fgcolor="#000000" bgcolor="#FFFFFF"
             type="rectangle" x="399" y="247" width="46" height="17"/>
    </entry>
    <entry id="45" name="ko:K04713" type="ortholog" reaction="rn:R06526"
        link="http://www.kegg.jp/dbget-bin/www_bget?K04713">
        <graphics name="K04713" fgcolor="#000000" bgcolor="#FFFFFF"
             type="rectangle" x="459" y="340" width="46" height="17"/>
    </entry>
    <entry id="46" name="ko:K04713" type="ortholog" reaction="rn:R06525"
        link="http://www.kegg.jp/dbget-bin/www_bget?K04713">
        <graphics name="K04713" fgcolor="#000000" bgcolor="#FFFFFF"
             type="rectangle" x="336" y="340" width="46" height="17"/>
    </entry>
    <entry id="47" name="hsa:339221 hsa:55512 hsa:55627 hsa:6609 hsa:6610" type="gene" reaction="rn:R02541"
        link="http://www.kegg.jp/dbget-bin/www_bget?hsa:339221+hsa:55512+hsa:55627+hsa:6609+hsa:6610">
        <graphics name="ENPP7, ALK-SMase, E-NPP_7, NPP-7, NPP7..." fgcolor="#000000" bgcolor="#BFFFBF"
             type="rectangle" x="687" y="375" width="46" height="17"/>
    </entry>
    <entry id="48" name="hsa:10715 hsa:204219 hsa:253782 hsa:29956 hsa:79603 hsa:91012" type="gene" reaction="rn:R01496"
        link="http://www.kegg.jp/dbget-bin/www_bget?hsa:10715+hsa:204219+hsa:253782+hsa:29956+hsa:79603+hsa:91012">
        <graphics name="CERS1, LAG1, LASS1, UOG1..." fgcolor="#000000" bgcolor="#BFFFBF"
             type="rectangle" x="576" y="288" width="46" height="17"/>
    </entry>
    <entry id="51" name="ko:K01123" type="ortholog" reaction="rn:R02542"
        link="http://www.kegg.jp/dbget-bin/www_bget?K01123">
        <graphics name="K01123" fgcolor="#000000" bgcolor="#FFFFFF"
             type="rectangle" x="752" y="398" width="46" height="17"/>
    </entry>
    <entry id="52" name="hsa:64781" type="gene" reaction="rn:R01495"
        link="http://www.kegg.jp/dbget-bin/www_bget?hsa:64781">
        <graphics name="CERK, LK4, dA59H18.2, dA59H18.3, hCERK" fgcolor="#000000" bgcolor="#BFFFBF"
             type="rectangle" x="687" y="406" width="46" height="17"/>
    </entry>
    <entry id="53" name="hsa:8611 hsa:8612 hsa:8613" type="gene" reaction="rn:R06522"
        link="http://www.kegg.jp/dbget-bin/www_bget?hsa:8611+hsa:8612+hsa:8613">
        <graphics name="PPAP2A, LLP1a, LPP1, PAP-2a, PAP2..." fgcolor="#000000" bgcolor="#BFFFBF"
             type="rectangle" x="687" y="428" width="46" height="17"/>
    </entry>
    <entry id="54" name="hsa:8611 hsa:8612 hsa:8613" type="gene" reaction="rn:R06521"
        link="http://www.kegg.jp/dbget-bin/www_bget?hsa:8611+hsa:8612+hsa:8613">
        <graphics name="PPAP2A, LLP1a, LPP1, PAP-2a, PAP2..." fgcolor="#000000" bgcolor="#BFFFBF"
             type="rectangle" x="496" y="187" width="46" height="17"/>
    </entry>
    <entry id="55" name="hsa:8611 hsa:8612 hsa:8613" type="gene" reaction="rn:R06520"
        link="http://www.kegg.jp/dbget-bin/www_bget?hsa:8611+hsa:8612+hsa:8613">
        <graphics name="PPAP2A, LLP1a, LPP1, PAP-2a, PAP2..." fgcolor="#000000" bgcolor="#BFFFBF"
             type="rectangle" x="205" y="231" width="46" height="17"/>
    </entry>
    <entry id="56" name="cpd:C00836" type="compound"
        link="http://www.kegg.jp/dbget-bin/www_bget?C00836">
        <graphics name="C00836" fgcolor="#000000" bgcolor="#FFFFFF"
             type="circle" x="312" y="366" width="8" height="8"/>
    </entry>
    <entry id="57" name="cpd:C12144" type="compound"
        link="http://www.kegg.jp/dbget-bin/www_bget?C12144">
        <graphics name="C12144" fgcolor="#000000" bgcolor="#FFFFFF"
             type="circle" x="350" y="294" width="8" height="8"/>
    </entry>
    <entry id="58" name="cpd:C12145" type="compound"
        link="http://www.kegg.jp/dbget-bin/www_bget?C12145">
        <graphics name="C12145" fgcolor="#000000" bgcolor="#FFFFFF"
             type="circle" x="457" y="294" width="8" height="8"/>
    </entry>
    <entry id="59" name="cpd:C12126" type="compound"
        link="http://www.kegg.jp/dbget-bin/www_bget?C12126">
        <graphics name="C12126" fgcolor="#000000" bgcolor="#FFFFFF"
             type="circle" x="457" y="366" width="8" height="8"/>
    </entry>
    <entry id="60" name="path:hsa00604" type="map"
        link="http://www.kegg.jp/dbget-bin/www_bget?hsa00604">
        <graphics name="Glycosphingolipid biosynthesis - ganglio series" fgcolor="#000000" bgcolor="#FFFFFF"
             type="roundrectangle" x="182" y="623" width="170" height="36"/>
    </entry>
    <entry id="61" name="cpd:C01290" type="compound"
        link="http://www.kegg.jp/dbget-bin/www_bget?C01290">
        <graphics name="C01290" fgcolor="#000000" bgcolor="#FFFFFF"
             type="circle" x="313" y="437" width="8" height="8"/>
    </entry>
    <entry id="62" name="cpd:C06124" type="compound"
        link="http://www.kegg.jp/dbget-bin/www_bget?C06124">
        <graphics name="C06124" fgcolor="#000000" bgcolor="#FFFFFF"
             type="circle" x="601" y="146" width="8" height="8"/>
    </entry>
    <entry id="63" name="path:hsa00603" type="map"
        link="http://www.kegg.jp/dbget-bin/www_bget?hsa00603">
        <graphics name="Glycosphingolipid biosynthesis - globo series" fgcolor="#000000" bgcolor="#FFFFFF"
             type="roundrectangle" x="182" y="581" width="170" height="36"/>
    </entry>
    <entry id="64" name="path:map00602" type="map"
        link="http://www.kegg.jp/dbget-bin/www_bget?map00602">
        <graphics name="Glycosphingolipid biosynthesis - neo-lactoseries" fgcolor="#000000" bgcolor="#FFFFFF"
             type="roundrectangle" x="182" y="539" width="170" height="36"/>
    </entry>
    <entry id="65" name="path:hsa00601" type="map"
        link="http://www.kegg.jp/dbget-bin/www_bget?hsa00601">
        <graphics name="Glycosphingolipid biosynthesis - lacto and neolacto series" fgcolor="#000000" bgcolor="#FFFFFF"
             type="roundrectangle" x="182" y="495" width="170" height="34"/>
    </entry>
    <entry id="66" name="path:hsa00260" type="map"
        link="http://www.kegg.jp/dbget-bin/www_bget?hsa00260">
        <graphics name="Glycine, serine and threonine metabolism" fgcolor="#000000" bgcolor="#FFFFFF"
             type="roundrectangle" x="115" y="184" width="126" height="34"/>
    </entry>
    <entry id="67" name="hsa:10558 hsa:55304 hsa:9517" type="gene" reaction="rn:R01281"
        link="http://www.kegg.jp/dbget-bin/www_bget?hsa:10558+hsa:55304+hsa:9517">
        <graphics name="SPTLC1, HSAN1, HSN1, LBC1, LCB1, SPT1, SPTI..." fgcolor="#000000" bgcolor="#BFFFBF"
             type="rectangle" x="147" y="367" width="46" height="17"/>
    </entry>
    <entry id="68" name="hsa:2531" type="gene" reaction="rn:R02978"
        link="http://www.kegg.jp/dbget-bin/www_bget?hsa:2531">
        <graphics name="KDSR, DHSR, FVT1, SDR35C1" fgcolor="#000000" bgcolor="#BFFFBF"
             type="rectangle" x="256" y="376" width="46" height="17"/>
    </entry>
    <entry id="69" name="hsa:9514" type="gene" reaction="rn:R05105"
        link="http://www.kegg.jp/dbget-bin/www_bget?hsa:9514">
        <graphics name="GAL3ST1, CST" fgcolor="#000000" bgcolor="#BFFFBF"
             type="rectangle" x="687" y="618" width="46" height="17"/>
    </entry>
    <entry id="70" name="hsa:2717" type="gene" reaction="rn:R04019"
        link="http://www.kegg.jp/dbget-bin/www_bget?hsa:2717">
        <graphics name="GLA, GALA" fgcolor="#000000" bgcolor="#BFFFBF"
             type="rectangle" x="619" y="561" width="46" height="17"/>
    </entry>
    <entry id="71" name="hsa:9514" type="gene" reaction="rn:R04017"
        link="http://www.kegg.jp/dbget-bin/www_bget?hsa:9514">
        <graphics name="GAL3ST1, CST" fgcolor="#000000" bgcolor="#BFFFBF"
             type="rectangle" x="687" y="511" width="46" height="17"/>
    </entry>
    <entry id="72" name="hsa:10825 hsa:129807 hsa:4758 hsa:4759" type="gene" reaction="rn:R04018"
        link="http://www.kegg.jp/dbget-bin/www_bget?hsa:10825+hsa:129807+hsa:4758+hsa:4759">
        <graphics name="NEU3, SIAL3..." fgcolor="#000000" bgcolor="#BFFFBF"
             type="rectangle" x="532" y="510" width="46" height="17"/>
    </entry>
    <entry id="73" name="hsa:7368" type="gene" reaction="rn:R01500"
        link="http://www.kegg.jp/dbget-bin/www_bget?hsa:7368">
        <graphics name="UGT8, CGT, UGT4" fgcolor="#000000" bgcolor="#BFFFBF"
             type="rectangle" x="580" y="477" width="46" height="17"/>
    </entry>
    <entry id="74" name="hsa:2720" type="gene" reaction="rn:R03355"
        link="http://www.kegg.jp/dbget-bin/www_bget?hsa:2720">
        <graphics name="GLB1, EBP, ELNR1, MPS4B" fgcolor="#000000" bgcolor="#BFFFBF"
             type="rectangle" x="399" y="449" width="46" height="17"/>
    </entry>
    <entry id="75" name="hsa:2629 hsa:57704" type="gene" reaction="rn:R01498"
        link="http://www.kegg.jp/dbget-bin/www_bget?hsa:2629+hsa:57704">
        <graphics name="GBA, GBA1, GCB, GLUC..." fgcolor="#000000" bgcolor="#BFFFBF"
             type="rectangle" x="533" y="438" width="46" height="17"/>
    </entry>
    <entry id="76" name="hsa:7357" type="gene" reaction="rn:R01497"
        link="http://www.kegg.jp/dbget-bin/www_bget?hsa:7357">
        <graphics name="UGCG, GCS, GLCT1" fgcolor="#000000" bgcolor="#BFFFBF"
             type="rectangle" x="533" y="409" width="46" height="17"/>
    </entry>
    <entry id="77" name="hsa:125981 hsa:340485 hsa:427 hsa:56624" type="gene" reaction="rn:R01494"
        link="http://www.kegg.jp/dbget-bin/www_bget?hsa:125981+hsa:340485+hsa:427+hsa:56624">
        <graphics name="ACER1, ALKCDase1, ASAH3..." fgcolor="#000000" bgcolor="#BFFFBF"
             type="rectangle" x="622" y="267" width="46" height="17"/>
    </entry>
    <entry id="80" name="hsa:56848 hsa:8877" type="gene" reaction="rn:R01926"
        link="http://www.kegg.jp/dbget-bin/www_bget?hsa:56848+hsa:8877">
        <graphics name="SPHK2, SK_2, SK-2, SPK_2, SPK-2..." fgcolor="#000000" bgcolor="#BFFFBF"
             type="rectangle" x="603" y="187" width="46" height="17"/>
    </entry>
    <entry id="81" name="hsa:56848 hsa:8877" type="gene" reaction="rn:R02976"
        link="http://www.kegg.jp/dbget-bin/www_bget?hsa:56848+hsa:8877">
        <graphics name="SPHK2, SK_2, SK-2, SPK_2, SPK-2..." fgcolor="#000000" bgcolor="#BFFFBF"
             type="rectangle" x="311" y="231" width="46" height="17"/>
    </entry>
    <entry id="82" name="hsa:8879" type="gene" reaction="rn:R06516"
        link="http://www.kegg.jp/dbget-bin/www_bget?hsa:8879">
        <graphics name="SGPL1, S1PL, SPL" fgcolor="#000000" bgcolor="#BFFFBF"
             type="rectangle" x="532" y="138" width="46" height="17"/>
    </entry>
    <entry id="83" name="hsa:8879" type="gene" reaction="rn:R02464"
        link="http://www.kegg.jp/dbget-bin/www_bget?hsa:8879">
        <graphics name="SGPL1, S1PL, SPL" fgcolor="#000000" bgcolor="#BFFFBF"
             type="rectangle" x="399" y="147" width="46" height="17"/>
    </entry>
    <entry id="85" name="hsa:2581" type="gene" reaction="rn:R03617"
        link="http://www.kegg.jp/dbget-bin/www_bget?hsa:2581">
        <graphics name="GALC" fgcolor="#000000" bgcolor="#BFFFBF"
             type="rectangle" x="625" y="456" width="46" height="17"/>
    </entry>
    <entry id="86" name="path:hsa00600" type="map"
        link="http://www.kegg.jp/dbget-bin/www_bget?hsa00600">
        <graphics name="TITLE:Sphingolipid metabolism" fgcolor="#000000" bgcolor="#FFFFFF"
             type="roundrectangle" x="147" y="58" width="214" height="25"/>
    </entry>
    <entry id="87" name="ko:K01130" type="ortholog" reaction="rn:R04856"
        link="http://www.kegg.jp/dbget-bin/www_bget?K01130">
        <graphics name="K01130" fgcolor="#000000" bgcolor="#FFFFFF"
             type="rectangle" x="687" y="536" width="46" height="17"/>
    </entry>
    <entry id="88" name="hsa:410" type="gene" reaction="rn:R04856"
        link="http://www.kegg.jp/dbget-bin/www_bget?hsa:410">
        <graphics name="ARSA, MLD" fgcolor="#000000" bgcolor="#BFFFBF"
             type="rectangle" x="687" y="557" width="46" height="17"/>
    </entry>
    <entry id="89" name="hsa:9331" type="gene" reaction="rn:R03354"
        link="http://www.kegg.jp/dbget-bin/www_bget?hsa:9331">
        <graphics name="B4GALT6, B4Gal-T6, beta4Gal-T6" fgcolor="#000000" bgcolor="#BFFFBF"
             type="rectangle" x="399" y="429" width="46" height="17"/>
    </entry>
    <entry id="91" name="cpd:C01190" type="compound"
        link="http://www.kegg.jp/dbget-bin/www_bget?C01190">
        <graphics name="C01190" fgcolor="#000000" bgcolor="#FFFFFF"
             type="circle" x="457" y="438" width="8" height="8"/>
    </entry>
    <entry id="92" name="cpd:C01120" type="compound"
        link="http://www.kegg.jp/dbget-bin/www_bget?C01120">
        <graphics name="C01120" fgcolor="#000000" bgcolor="#FFFFFF"
             type="circle" x="312" y="146" width="8" height="8"/>
    </entry>
    <entry id="93" name="cpd:C00346" type="compound"
        link="http://www.kegg.jp/dbget-bin/www_bget?C00346">
        <graphics name="C00346" fgcolor="#000000" bgcolor="#FFFFFF"
             type="circle" x="457" y="146" width="8" height="8"/>
    </entry>
    <entry id="94" name="cpd:C06062" type="compound"
        link="http://www.kegg.jp/dbget-bin/www_bget?C06062">
        <graphics name="C06062" fgcolor="#000000" bgcolor="#FFFFFF"
             type="circle" x="745" y="283" width="8" height="8"/>
    </entry>
    <entry id="95" name="cpd:C05681" type="compound"
        link="http://www.kegg.jp/dbget-bin/www_bget?C05681">
        <graphics name="C05681" fgcolor="#000000" bgcolor="#FFFFFF"
             type="circle" x="745" y="308" width="8" height="8"/>
    </entry>
    <entry id="96" name="cpd:C02934" type="compound"
        link="http://www.kegg.jp/dbget-bin/www_bget?C02934">
        <graphics name="C02934" fgcolor="#000000" bgcolor="#FFFFFF"
             type="circle" x="205" y="366" width="8" height="8"/>
    </entry>
    <entry id="97" name="cpd:C00065" type="compound"
        link="http://www.kegg.jp/dbget-bin/www_bget?C00065">
        <graphics name="C00065" fgcolor="#000000" bgcolor="#FFFFFF"
             type="circle" x="113" y="307" width="8" height="8"/>
    </entry>
    <entry id="98" name="cpd:C00154" type="compound"
        link="http://www.kegg.jp/dbget-bin/www_bget?C00154">
        <graphics name="C00154" fgcolor="#000000" bgcolor="#FFFFFF"
             type="circle" x="95" y="366" width="8" height="8"/>
    </entry>
    <entry id="99" name="cpd:C00319" type="compound"
        link="http://www.kegg.jp/dbget-bin/www_bget?C00319">
        <graphics name="C00319" fgcolor="#000000" bgcolor="#FFFFFF"
             type="circle" x="601" y="221" width="8" height="8"/>
    </entry>
    <entry id="100" name="cpd:C00195" type="compound"
        link="http://www.kegg.jp/dbget-bin/www_bget?C00195">
        <graphics name="C00195" fgcolor="#000000" bgcolor="#FFFFFF"
             type="circle" x="602" y="365" width="8" height="8"/>
    </entry>
    <entry id="101" name="cpd:C02686" type="compound"
        link="http://www.kegg.jp/dbget-bin/www_bget?C02686">
        <graphics name="C02686" fgcolor="#000000" bgcolor="#FFFFFF"
             type="circle" x="602" y="510" width="8" height="8"/>
    </entry>
    <entry id="102" name="cpd:C01747" type="compound"
        link="http://www.kegg.jp/dbget-bin/www_bget?C01747">
        <graphics name="C01747" fgcolor="#000000" bgcolor="#FFFFFF"
             type="circle" x="745" y="149" width="8" height="8"/>
    </entry>
    <entry id="103" name="cpd:C03640" type="compound"
        link="http://www.kegg.jp/dbget-bin/www_bget?C03640">
        <graphics name="C03640" fgcolor="#000000" bgcolor="#FFFFFF"
             type="circle" x="868" y="366" width="8" height="8"/>
    </entry>
    <entry id="104" name="cpd:C02960" type="compound"
        link="http://www.kegg.jp/dbget-bin/www_bget?C02960">
        <graphics name="C02960" fgcolor="#000000" bgcolor="#FFFFFF"
             type="circle" x="745" y="438" width="8" height="8"/>
    </entry>
    <entry id="105" name="cpd:C00550" type="compound"
        link="http://www.kegg.jp/dbget-bin/www_bget?C00550">
        <graphics name="C00550" fgcolor="#000000" bgcolor="#FFFFFF"
             type="circle" x="745" y="365" width="8" height="8"/>
    </entry>
    <entry id="106" name="cpd:C06125" type="compound"
        link="http://www.kegg.jp/dbget-bin/www_bget?C06125">
        <graphics name="C06125" fgcolor="#000000" bgcolor="#FFFFFF"
             type="circle" x="745" y="510" width="8" height="8"/>
    </entry>
    <entry id="107" name="cpd:C06128" type="compound"
        link="http://www.kegg.jp/dbget-bin/www_bget?C06128">
        <graphics name="C06128" fgcolor="#000000" bgcolor="#FFFFFF"
             type="circle" x="457" y="510" width="8" height="8"/>
    </entry>
    <entry id="108" name="cpd:C06126" type="compound"
        link="http://www.kegg.jp/dbget-bin/www_bget?C06126">
        <graphics name="C06126" fgcolor="#000000" bgcolor="#FFFFFF"
             type="circle" x="601" y="617" width="8" height="8"/>
    </entry>
    <entry id="109" name="cpd:C06127" type="compound"
        link="http://www.kegg.jp/dbget-bin/www_bget?C06127">
        <graphics name="C06127" fgcolor="#000000" bgcolor="#FFFFFF"
             type="circle" x="744" y="618" width="8" height="8"/>
    </entry>
    <entry id="118" name="hsa:166929 hsa:259230" type="gene" reaction="rn:R08969"
        link="http://www.kegg.jp/dbget-bin/www_bget?hsa:166929+hsa:259230">
        <graphics name="SGMS2, SMS2..." fgcolor="#000000" bgcolor="#BFFFBF"
             type="rectangle" x="687" y="336" width="46" height="17"/>
    </entry>
    <relation entry1="67" entry2="68" type="ECrel">
        <subtype name="compound" value="96"/>
    </relation>
    <relation entry1="55" entry2="68" type="ECrel">
        <subtype name="compound" value="56"/>
    </relation>
    <relation entry1="40" entry2="55" type="ECrel">
        <subtype name="compound" value="56"/>
    </relation>
    <relation entry1="42" entry2="55" type="ECrel">
        <subtype name="compound" value="56"/>
    </relation>
    <relation entry1="39" entry2="68" type="ECrel">
        <subtype name="compound" value="56"/>
    </relation>
    <relation entry1="39" entry2="40" type="ECrel">
        <subtype name="compound" value="56"/>
    </relation>
    <relation entry1="39" entry2="42" type="ECrel">
        <subtype name="compound" value="56"/>
    </relation>
    <relation entry1="68" entry2="81" type="ECrel">
        <subtype name="compound" value="56"/>
    </relation>
    <relation entry1="40" entry2="81" type="ECrel">
        <subtype name="compound" value="56"/>
    </relation>
    <relation entry1="42" entry2="81" type="ECrel">
        <subtype name="compound" value="56"/>
    </relation>
    <relation entry1="40" entry2="68" type="ECrel">
        <subtype name="compound" value="56"/>
    </relation>
    <relation entry1="42" entry2="68" type="ECrel">
        <subtype name="compound" value="56"/>
    </relation>
    <relation entry1="42" entry2="43" type="ECrel">
        <subtype name="compound" value="59"/>
    </relation>
    <relation entry1="40" entry2="43" type="ECrel">
        <subtype name="compound" value="59"/>
    </relation>
    <relation entry1="47" entry2="48" type="ECrel">
        <subtype name="compound" value="100"/>
    </relation>
    <relation entry1="48" entry2="52" type="ECrel">
        <subtype name="compound" value="100"/>
    </relation>
    <relation entry1="48" entry2="53" type="ECrel">
        <subtype name="compound" value="100"/>
    </relation>
    <relation entry1="37" entry2="48" type="ECrel">
        <subtype name="compound" value="100"/>
    </relation>
    <relation entry1="48" entry2="85" type="ECrel">
        <subtype name="compound" value="100"/>
    </relation>
    <relation entry1="48" entry2="73" type="ECrel">
        <subtype name="compound" value="100"/>
    </relation>
    <relation entry1="48" entry2="75" type="ECrel">
        <subtype name="compound" value="100"/>
    </relation>
    <relation entry1="48" entry2="76" type="ECrel">
        <subtype name="compound" value="100"/>
    </relation>
    <relation entry1="43" entry2="48" type="ECrel">
        <subtype name="compound" value="100"/>
    </relation>
    <relation entry1="47" entry2="77" type="ECrel">
        <subtype name="compound" value="100"/>
    </relation>
    <relation entry1="52" entry2="77" type="ECrel">
        <subtype name="compound" value="100"/>
    </relation>
    <relation entry1="53" entry2="77" type="ECrel">
        <subtype name="compound" value="100"/>
    </relation>
    <relation entry1="37" entry2="77" type="ECrel">
        <subtype name="compound" value="100"/>
    </relation>
    <relation entry1="77" entry2="85" type="ECrel">
        <subtype name="compound" value="100"/>
    </relation>
    <relation entry1="73" entry2="77" type="ECrel">
        <subtype name="compound" value="100"/>
    </relation>
    <relation entry1="75" entry2="77" type="ECrel">
        <subtype name="compound" value="100"/>
    </relation>
    <relation entry1="76" entry2="77" type="ECrel">
        <subtype name="compound" value="100"/>
    </relation>
    <relation entry1="43" entry2="77" type="ECrel">
        <subtype name="compound" value="100"/>
    </relation>
    <relation entry1="47" entry2="52" type="ECrel">
        <subtype name="compound" value="100"/>
    </relation>
    <relation entry1="47" entry2="53" type="ECrel">
        <subtype name="compound" value="100"/>
    </relation>
    <relation entry1="37" entry2="47" type="ECrel">
        <subtype name="compound" value="100"/>
    </relation>
    <relation entry1="47" entry2="85" type="ECrel">
        <subtype name="compound" value="100"/>
    </relation>
    <relation entry1="47" entry2="73" type="ECrel">
        <subtype name="compound" value="100"/>
    </relation>
    <relation entry1="47" entry2="75" type="ECrel">
        <subtype name="compound" value="100"/>
    </relation>
    <relation entry1="47" entry2="76" type="ECrel">
        <subtype name="compound" value="100"/>
    </relation>
    <relation entry1="43" entry2="47" type="ECrel">
        <subtype name="compound" value="100"/>
    </relation>
    <relation entry1="52" entry2="85" type="ECrel">
        <subtype name="compound" value="100"/>
    </relation>
    <relation entry1="52" entry2="73" type="ECrel">
        <subtype name="compound" value="100"/>
    </relation>
    <relation entry1="52" entry2="75" type="ECrel">
        <subtype name="compound" value="100"/>
    </relation>
    <relation entry1="52" entry2="76" type="ECrel">
        <subtype name="compound" value="100"/>
    </relation>
    <relation entry1="43" entry2="52" type="ECrel">
        <subtype name="compound" value="100"/>
    </relation>
    <relation entry1="53" entry2="85" type="ECrel">
        <subtype name="compound" value="100"/>
    </relation>
    <relation entry1="53" entry2="73" type="ECrel">
        <subtype name="compound" value="100"/>
    </relation>
    <relation entry1="53" entry2="75" type="ECrel">
        <subtype name="compound" value="100"/>
    </relation>
    <relation entry1="53" entry2="76" type="ECrel">
        <subtype name="compound" value="100"/>
    </relation>
    <relation entry1="43" entry2="53" type="ECrel">
        <subtype name="compound" value="100"/>
    </relation>
    <relation entry1="37" entry2="85" type="ECrel">
        <subtype name="compound" value="100"/>
    </relation>
    <relation entry1="37" entry2="73" type="ECrel">
        <subtype name="compound" value="100"/>
    </relation>
    <relation entry1="37" entry2="75" type="ECrel">
        <subtype name="compound" value="100"/>
    </relation>
    <relation entry1="37" entry2="76" type="ECrel">
        <subtype name="compound" value="100"/>
    </relation>
    <relation entry1="37" entry2="43" type="ECrel">
        <subtype name="compound" value="100"/>
    </relation>
    <relation entry1="75" entry2="85" type="ECrel">
        <subtype name="compound" value="100"/>
    </relation>
    <relation entry1="76" entry2="85" type="ECrel">
        <subtype name="compound" value="100"/>
    </relation>
    <relation entry1="43" entry2="85" type="ECrel">
        <subtype name="compound" value="100"/>
    </relation>
    <relation entry1="73" entry2="75" type="ECrel">
        <subtype name="compound" value="100"/>
    </relation>
    <relation entry1="73" entry2="76" type="ECrel">
        <subtype name="compound" value="100"/>
    </relation>
    <relation entry1="43" entry2="73" type="ECrel">
        <subtype name="compound" value="100"/>
    </relation>
    <relation entry1="43" entry2="75" type="ECrel">
        <subtype name="compound" value="100"/>
    </relation>
    <relation entry1="43" entry2="76" type="ECrel">
        <subtype name="compound" value="100"/>
    </relation>
    <relation entry1="48" entry2="80" type="ECrel">
        <subtype name="compound" value="99"/>
    </relation>
    <relation entry1="77" entry2="80" type="ECrel">
        <subtype name="compound" value="99"/>
    </relation>
    <relation entry1="38" entry2="48" type="ECrel">
        <subtype name="compound" value="99"/>
    </relation>
    <relation entry1="38" entry2="77" type="ECrel">
        <subtype name="compound" value="99"/>
    </relation>
    <relation entry1="48" entry2="54" type="ECrel">
        <subtype name="compound" value="99"/>
    </relation>
    <relation entry1="54" entry2="77" type="ECrel">
        <subtype name="compound" value="99"/>
    </relation>
    <relation entry1="54" entry2="82" type="ECrel">
        <subtype name="compound" value="62"/>
    </relation>
    <relation entry1="38" entry2="82" type="ECrel">
        <subtype name="compound" value="62"/>
    </relation>
    <relation entry1="80" entry2="82" type="ECrel">
        <subtype name="compound" value="62"/>
    </relation>
    <relation entry1="55" entry2="83" type="ECrel">
        <subtype name="compound" value="92"/>
    </relation>
    <relation entry1="39" entry2="83" type="ECrel">
        <subtype name="compound" value="92"/>
    </relation>
    <relation entry1="81" entry2="83" type="ECrel">
        <subtype name="compound" value="92"/>
    </relation>
    <relation entry1="71" entry2="73" type="ECrel">
        <subtype name="compound" value="101"/>
    </relation>
    <relation entry1="73" entry2="88" type="ECrel">
        <subtype name="compound" value="101"/>
    </relation>
    <relation entry1="70" entry2="73" type="ECrel">
        <subtype name="compound" value="101"/>
    </relation>
    <relation entry1="72" entry2="73" type="ECrel">
        <subtype name="compound" value="101"/>
    </relation>
    <relation entry1="71" entry2="85" type="ECrel">
        <subtype name="compound" value="101"/>
    </relation>
    <relation entry1="85" entry2="88" type="ECrel">
        <subtype name="compound" value="101"/>
    </relation>
    <relation entry1="70" entry2="85" type="ECrel">
        <subtype name="compound" value="101"/>
    </relation>
    <relation entry1="72" entry2="85" type="ECrel">
        <subtype name="compound" value="101"/>
    </relation>
    <relation entry1="70" entry2="71" type="ECrel">
        <subtype name="compound" value="101"/>
    </relation>
    <relation entry1="71" entry2="72" type="ECrel">
        <subtype name="compound" value="101"/>
    </relation>
    <relation entry1="70" entry2="88" type="ECrel">
        <subtype name="compound" value="101"/>
    </relation>
    <relation entry1="72" entry2="88" type="ECrel">
        <subtype name="compound" value="101"/>
    </relation>
    <relation entry1="70" entry2="72" type="ECrel">
        <subtype name="compound" value="101"/>
    </relation>
    <relation entry1="69" entry2="70" type="ECrel">
        <subtype name="compound" value="108"/>
    </relation>
    <relation entry1="74" entry2="76" type="ECrel">
        <subtype name="compound" value="91"/>
    </relation>
    <relation entry1="76" entry2="89" type="ECrel">
        <subtype name="compound" value="91"/>
    </relation>
    <relation entry1="74" entry2="75" type="ECrel">
        <subtype name="compound" value="91"/>
    </relation>
    <relation entry1="75" entry2="89" type="ECrel">
        <subtype name="compound" value="91"/>
    </relation>
    <relation entry1="68" entry2="34" type="ECrel">
        <subtype name="compound" value="56"/>
    </relation>
    <relation entry1="39" entry2="55" type="ECrel">
        <subtype name="compound" value="56"/>
    </relation>
    <relation entry1="55" entry2="81" type="ECrel">
        <subtype name="compound" value="56"/>
    </relation>
    <relation entry1="55" entry2="34" type="ECrel">
        <subtype name="compound" value="56"/>
    </relation>
    <relation entry1="39" entry2="81" type="ECrel">
        <subtype name="compound" value="56"/>
    </relation>
    <relation entry1="39" entry2="34" type="ECrel">
        <subtype name="compound" value="56"/>
    </relation>
    <relation entry1="81" entry2="34" type="ECrel">
        <subtype name="compound" value="56"/>
    </relation>
    <relation entry1="43" entry2="34" type="ECrel">
        <subtype name="compound" value="59"/>
    </relation>
    <relation entry1="41" entry2="81" type="ECrel">
        <subtype name="compound" value="57"/>
    </relation>
    <relation entry1="89" entry2="65" type="maplink">
        <subtype name="compound" value="61"/>
    </relation>
    <relation entry1="89" entry2="64" type="maplink">
        <subtype name="compound" value="61"/>
    </relation>
    <relation entry1="89" entry2="63" type="maplink">
        <subtype name="compound" value="61"/>
    </relation>
    <relation entry1="89" entry2="60" type="maplink">
        <subtype name="compound" value="61"/>
    </relation>
    <relation entry1="74" entry2="65" type="maplink">
        <subtype name="compound" value="61"/>
    </relation>
    <relation entry1="74" entry2="64" type="maplink">
        <subtype name="compound" value="61"/>
    </relation>
    <relation entry1="74" entry2="63" type="maplink">
        <subtype name="compound" value="61"/>
    </relation>
    <relation entry1="74" entry2="60" type="maplink">
        <subtype name="compound" value="61"/>
    </relation>
    <relation entry1="64" entry2="65" type="maplink">
        <subtype name="compound" value="61"/>
    </relation>
    <relation entry1="63" entry2="65" type="maplink">
        <subtype name="compound" value="61"/>
    </relation>
    <relation entry1="60" entry2="65" type="maplink">
        <subtype name="compound" value="61"/>
    </relation>
    <relation entry1="63" entry2="64" type="maplink">
        <subtype name="compound" value="61"/>
    </relation>
    <relation entry1="60" entry2="64" type="maplink">
        <subtype name="compound" value="61"/>
    </relation>
    <relation entry1="60" entry2="63" type="maplink">
        <subtype name="compound" value="61"/>
    </relation>
    <relation entry1="67" entry2="66" type="maplink">
        <subtype name="compound" value="97"/>
    </relation>
    <relation entry1="48" entry2="118" type="ECrel">
        <subtype name="compound" value="100"/>
    </relation>
    <relation entry1="77" entry2="118" type="ECrel">
        <subtype name="compound" value="100"/>
    </relation>
    <relation entry1="118" entry2="52" type="ECrel">
        <subtype name="compound" value="100"/>
    </relation>
    <relation entry1="118" entry2="53" type="ECrel">
        <subtype name="compound" value="100"/>
    </relation>
    <relation entry1="118" entry2="37" type="ECrel">
        <subtype name="compound" value="100"/>
    </relation>
    <relation entry1="118" entry2="85" type="ECrel">
        <subtype name="compound" value="100"/>
    </relation>
    <relation entry1="118" entry2="73" type="ECrel">
        <subtype name="compound" value="100"/>
    </relation>
    <relation entry1="118" entry2="75" type="ECrel">
        <subtype name="compound" value="100"/>
    </relation>
    <relation entry1="118" entry2="76" type="ECrel">
        <subtype name="compound" value="100"/>
    </relation>
    <relation entry1="118" entry2="43" type="ECrel">
        <subtype name="compound" value="100"/>
    </relation>
    <reaction id="34" name="rn:R06518" type="irreversible">
        <substrate id="59" name="cpd:C12126"/>
        <product id="56" name="cpd:C00836"/>
    </reaction>
    <reaction id="37" name="rn:R06522" type="irreversible">
        <substrate id="104" name="cpd:C02960"/>
        <product id="100" name="cpd:C00195"/>
    </reaction>
    <reaction id="38" name="rn:R06521" type="irreversible">
        <substrate id="62" name="cpd:C06124"/>
        <product id="99" name="cpd:C00319"/>
    </reaction>
    <reaction id="39" name="rn:R06520" type="irreversible">
        <substrate id="92" name="cpd:C01120"/>
        <product id="56" name="cpd:C00836"/>
    </reaction>
    <reaction id="40" name="rn:R06518" type="irreversible">
        <substrate id="59" name="cpd:C12126"/>
        <product id="56" name="cpd:C00836"/>
    </reaction>
    <reaction id="41" name="rn:R06528" type="irreversible">
        <substrate id="58" name="cpd:C12145"/>
        <product id="57" name="cpd:C12144"/>
    </reaction>
    <reaction id="42" name="rn:R06517" type="irreversible">
        <substrate id="56" name="cpd:C00836"/>
        <product id="59" name="cpd:C12126"/>
    </reaction>
    <reaction id="43" name="rn:R06519" type="irreversible">
        <substrate id="59" name="cpd:C12126"/>
        <product id="100" name="cpd:C00195"/>
    </reaction>
    <reaction id="47" name="rn:R02541" type="irreversible">
        <substrate id="105" name="cpd:C00550"/>
        <product id="100" name="cpd:C00195"/>
    </reaction>
    <reaction id="48" name="rn:R01496" type="irreversible">
        <substrate id="99" name="cpd:C00319"/>
        <product id="100" name="cpd:C00195"/>
    </reaction>
    <reaction id="52" name="rn:R01495" type="irreversible">
        <substrate id="100" name="cpd:C00195"/>
        <product id="104" name="cpd:C02960"/>
    </reaction>
    <reaction id="53" name="rn:R06522" type="irreversible">
        <substrate id="104" name="cpd:C02960"/>
        <product id="100" name="cpd:C00195"/>
    </reaction>
    <reaction id="54" name="rn:R06521" type="irreversible">
        <substrate id="62" name="cpd:C06124"/>
        <product id="99" name="cpd:C00319"/>
    </reaction>
    <reaction id="55" name="rn:R06520" type="irreversible">
        <substrate id="92" name="cpd:C01120"/>
        <product id="56" name="cpd:C00836"/>
    </reaction>
    <reaction id="67" name="rn:R01281" type="irreversible">
        <substrate id="98" name="cpd:C00154"/>
        <substrate id="97" name="cpd:C00065"/>
        <product id="96" name="cpd:C02934"/>
    </reaction>
    <reaction id="68" name="rn:R02978" type="irreversible">
        <substrate id="96" name="cpd:C02934"/>
        <product id="56" name="cpd:C00836"/>
    </reaction>
    <reaction id="69" name="rn:R05105" type="irreversible">
        <substrate id="108" name="cpd:C06126"/>
        <product id="109" name="cpd:C06127"/>
    </reaction>
    <reaction id="70" name="rn:R04019" type="irreversible">
        <substrate id="108" name="cpd:C06126"/>
        <product id="101" name="cpd:C02686"/>
    </reaction>
    <reaction id="71" name="rn:R04017" type="reversible">
        <substrate id="101" name="cpd:C02686"/>
        <product id="106" name="cpd:C06125"/>
    </reaction>
    <reaction id="72" name="rn:R04018" type="irreversible">
        <substrate id="107" name="cpd:C06128"/>
        <product id="101" name="cpd:C02686"/>
    </reaction>
    <reaction id="73" name="rn:R01500" type="irreversible">
        <substrate id="100" name="cpd:C00195"/>
        <product id="101" name="cpd:C02686"/>
    </reaction>
    <reaction id="74" name="rn:R03355" type="irreversible">
        <substrate id="61" name="cpd:C01290"/>
        <product id="91" name="cpd:C01190"/>
    </reaction>
    <reaction id="75" name="rn:R01498" type="irreversible">
        <substrate id="91" name="cpd:C01190"/>
        <product id="100" name="cpd:C00195"/>
    </reaction>
    <reaction id="76" name="rn:R01497" type="irreversible">
        <substrate id="100" name="cpd:C00195"/>
        <product id="91" name="cpd:C01190"/>
    </reaction>
    <reaction id="77" name="rn:R01494" type="irreversible">
        <substrate id="100" name="cpd:C00195"/>
        <product id="99" name="cpd:C00319"/>
    </reaction>
    <reaction id="80" name="rn:R01926" type="irreversible">
        <substrate id="99" name="cpd:C00319"/>
        <product id="62" name="cpd:C06124"/>
    </reaction>
    <reaction id="81" name="rn:R02976" type="irreversible">
        <substrate id="56" name="cpd:C00836"/>
        <product id="92" name="cpd:C01120"/>
    </reaction>
    <reaction id="82" name="rn:R06516" type="irreversible">
        <substrate id="62" name="cpd:C06124"/>
        <product id="93" name="cpd:C00346"/>
    </reaction>
    <reaction id="83" name="rn:R02464" type="irreversible">
        <substrate id="92" name="cpd:C01120"/>
        <product id="93" name="cpd:C00346"/>
    </reaction>
    <reaction id="85" name="rn:R03617" type="irreversible">
        <substrate id="101" name="cpd:C02686"/>
        <product id="100" name="cpd:C00195"/>
    </reaction>
    <reaction id="88" name="rn:R04856" type="irreversible">
        <substrate id="106" name="cpd:C06125"/>
        <product id="101" name="cpd:C02686"/>
    </reaction>
    <reaction id="89" name="rn:R03354" type="irreversible">
        <substrate id="91" name="cpd:C01190"/>
        <product id="61" name="cpd:C01290"/>
    </reaction>
    <reaction id="118" name="rn:R08969" type="reversible">
        <substrate id="100" name="cpd:C00195"/>
        <product id="105" name="cpd:C00550"/>
    </reaction>
</pathway>
