<?xml version="1.0"?>
<!DOCTYPE pathway SYSTEM "http://www.kegg.jp/kegg/xml/KGML_v0.7.1_.dtd">
<!-- Creation date: Oct 17, 2014 17:22:04 +0900 (GMT+09:00) -->
<pathway name="path:hsa03013" org="hsa" number="03013"
         title="RNA transport"
         image="http://www.kegg.jp/kegg/pathway/hsa/hsa03013.png"
         link="http://www.kegg.jp/kegg-bin/show_pathway?hsa03013">
    <entry id="1" name="path:hsa03013" type="map"
        link="http://www.kegg.jp/dbget-bin/www_bget?hsa03013">
        <graphics name="TITLE:RNA transport" fgcolor="#000000" bgcolor="#FFFFFF"
             type="roundrectangle" x="108" y="58" width="136" height="25"/>
    </entry>
    <entry id="2" name="hsa:11260" type="gene"
        link="http://www.kegg.jp/dbget-bin/www_bget?hsa:11260">
        <graphics name="XPOT, XPO3" fgcolor="#000000" bgcolor="#BFFFBF"
             type="rectangle" x="108" y="305" width="46" height="17"/>
    </entry>
    <entry id="3" name="hsa:5901" type="gene"
        link="http://www.kegg.jp/dbget-bin/www_bget?hsa:5901">
        <graphics name="RAN, ARA24, Gsp1, TC4" fgcolor="#000000" bgcolor="#BFFFBF"
             type="rectangle" x="108" y="288" width="46" height="17"/>
    </entry>
    <entry id="4" name="hsa:5901" type="gene"
        link="http://www.kegg.jp/dbget-bin/www_bget?hsa:5901">
        <graphics name="RAN, ARA24, Gsp1, TC4" fgcolor="#000000" bgcolor="#BFFFBF"
             type="rectangle" x="355" y="288" width="46" height="17"/>
    </entry>
    <entry id="5" name="hsa:7514" type="gene"
        link="http://www.kegg.jp/dbget-bin/www_bget?hsa:7514">
        <graphics name="XPO1, CRM1, emb, exp1" fgcolor="#000000" bgcolor="#BFFFBF"
             type="rectangle" x="355" y="305" width="46" height="17"/>
    </entry>
    <entry id="6" name="hsa:22916 hsa:4686" type="gene"
        link="http://www.kegg.jp/dbget-bin/www_bget?hsa:22916+hsa:4686">
        <graphics name="NCBP2, CBC2, CBP20, NIP1..." fgcolor="#000000" bgcolor="#BFFFBF"
             type="rectangle" x="355" y="339" width="46" height="17"/>
    </entry>
    <entry id="7" name="hsa:51808" type="gene"
        link="http://www.kegg.jp/dbget-bin/www_bget?hsa:51808">
        <graphics name="PHAX, RNUXA" fgcolor="#000000" bgcolor="#BFFFBF"
             type="rectangle" x="355" y="322" width="46" height="17"/>
    </entry>
    <entry id="8" name="hsa:1207" type="gene"
        link="http://www.kegg.jp/dbget-bin/www_bget?hsa:1207">
        <graphics name="CLNS1A, CLCI, CLNS1B, ICln" fgcolor="#000000" bgcolor="#BFFFBF"
             type="rectangle" x="467" y="558" width="46" height="17"/>
    </entry>
    <entry id="9" name="path:hsa03040" type="map"
        link="http://www.kegg.jp/dbget-bin/www_bget?hsa03040">
        <graphics name="Spliceosome" fgcolor="#000000" bgcolor="#FFFFFF"
             type="roundrectangle" x="1090" y="142" width="92" height="25"/>
    </entry>
    <entry id="10" name="path:hsa03010" type="map"
        link="http://www.kegg.jp/dbget-bin/www_bget?hsa03010">
        <graphics name="Ribosome" fgcolor="#000000" bgcolor="#FFFFFF"
             type="roundrectangle" x="726" y="461" width="92" height="25"/>
    </entry>
    <entry id="11" name="hsa:8487" type="gene"
        link="http://www.kegg.jp/dbget-bin/www_bget?hsa:8487">
        <graphics name="GEMIN2, SIP1, SIP1-delta" fgcolor="#000000" bgcolor="#BFFFBF"
             type="rectangle" x="490" y="732" width="46" height="17"/>
    </entry>
    <entry id="12" name="hsa:6606 hsa:6607" type="gene"
        link="http://www.kegg.jp/dbget-bin/www_bget?hsa:6606+hsa:6607">
        <graphics name="SMN1, BCD541, GEMIN1, SMA, SMA1, SMA2, SMA3, SMA4, SMA@, SMN, SMNT, T-BCD541, TDRD16A..." fgcolor="#000000" bgcolor="#BFFFBF"
             type="rectangle" x="490" y="715" width="46" height="17"/>
    </entry>
    <entry id="13" name="hsa:11218" type="gene"
        link="http://www.kegg.jp/dbget-bin/www_bget?hsa:11218">
        <graphics name="DDX20, DP103, GEMIN3" fgcolor="#000000" bgcolor="#BFFFBF"
             type="rectangle" x="490" y="698" width="46" height="17"/>
    </entry>
    <entry id="14" name="hsa:25929" type="gene"
        link="http://www.kegg.jp/dbget-bin/www_bget?hsa:25929">
        <graphics name="GEMIN5, GEMIN-5" fgcolor="#000000" bgcolor="#BFFFBF"
             type="rectangle" x="444" y="724" width="46" height="17"/>
    </entry>
    <entry id="15" name="hsa:50628" type="gene"
        link="http://www.kegg.jp/dbget-bin/www_bget?hsa:50628">
        <graphics name="GEMIN4, HC56, HCAP1, HHRF-1, p97" fgcolor="#000000" bgcolor="#BFFFBF"
             type="rectangle" x="536" y="698" width="46" height="17"/>
    </entry>
    <entry id="16" name="hsa:79760" type="gene"
        link="http://www.kegg.jp/dbget-bin/www_bget?hsa:79760">
        <graphics name="GEMIN7, SIP3" fgcolor="#000000" bgcolor="#BFFFBF"
             type="rectangle" x="536" y="732" width="46" height="17"/>
    </entry>
    <entry id="17" name="hsa:54960" type="gene"
        link="http://www.kegg.jp/dbget-bin/www_bget?hsa:54960">
        <graphics name="GEMIN8, FAM51A1" fgcolor="#000000" bgcolor="#BFFFBF"
             type="rectangle" x="536" y="715" width="46" height="17"/>
    </entry>
    <entry id="18" name="hsa:11171" type="gene"
        link="http://www.kegg.jp/dbget-bin/www_bget?hsa:11171">
        <graphics name="STRAP, MAWD, PT-WD, UNRIP" fgcolor="#000000" bgcolor="#BFFFBF"
             type="rectangle" x="582" y="732" width="46" height="17"/>
    </entry>
    <entry id="19" name="hsa:96764" type="gene"
        link="http://www.kegg.jp/dbget-bin/www_bget?hsa:96764">
        <graphics name="TGS1, NCOA6IP, PIMT, PIPMT" fgcolor="#000000" bgcolor="#BFFFBF"
             type="rectangle" x="456" y="474" width="46" height="17"/>
    </entry>
    <entry id="20" name="hsa:79833" type="gene"
        link="http://www.kegg.jp/dbget-bin/www_bget?hsa:79833">
        <graphics name="GEMIN6" fgcolor="#000000" bgcolor="#BFFFBF"
             type="rectangle" x="536" y="749" width="46" height="17"/>
    </entry>
    <entry id="21" name="hsa:3837" type="gene"
        link="http://www.kegg.jp/dbget-bin/www_bget?hsa:3837">
        <graphics name="KPNB1, IMB1, IPO1, IPOB, Impnb, NTF97" fgcolor="#000000" bgcolor="#BFFFBF"
             type="rectangle" x="560" y="417" width="46" height="17"/>
    </entry>
    <entry id="22" name="hsa:10073" type="gene"
        link="http://www.kegg.jp/dbget-bin/www_bget?hsa:10073">
        <graphics name="SNUPN, KPNBL, RNUT1, Snurportin1" fgcolor="#000000" bgcolor="#BFFFBF"
             type="rectangle" x="560" y="434" width="46" height="17"/>
    </entry>
    <entry id="23" name="hsa:9939" type="gene"
        link="http://www.kegg.jp/dbget-bin/www_bget?hsa:9939">
        <graphics name="RBM8A, BOV-1A, BOV-1B, BOV-1C, C1DELq21.1, DEL1q21.1, MDS014, RBM8, RBM8B, TAR, Y14, ZNRP, ZRNP1" fgcolor="#000000" bgcolor="#BFFFBF"
             type="rectangle" x="936" y="715" width="46" height="17"/>
    </entry>
    <entry id="24" name="hsa:4116 hsa:55110" type="gene"
        link="http://www.kegg.jp/dbget-bin/www_bget?hsa:4116+hsa:55110">
        <graphics name="MAGOH, MAGOH1, MAGOHA..." fgcolor="#000000" bgcolor="#BFFFBF"
             type="rectangle" x="936" y="732" width="46" height="17"/>
    </entry>
    <entry id="25" name="hsa:9775" type="gene"
        link="http://www.kegg.jp/dbget-bin/www_bget?hsa:9775">
        <graphics name="EIF4A3, DDX48, MUK34, NMP265, NUK34, RCPS, eIF4AIII" fgcolor="#000000" bgcolor="#BFFFBF"
             type="rectangle" x="982" y="732" width="46" height="17"/>
    </entry>
    <entry id="26" name="hsa:22794" type="gene"
        link="http://www.kegg.jp/dbget-bin/www_bget?hsa:22794">
        <graphics name="CASC3, BTZ, MLN51" fgcolor="#000000" bgcolor="#BFFFBF"
             type="rectangle" x="982" y="715" width="46" height="17"/>
    </entry>
    <entry id="27" name="hsa:22985" type="gene"
        link="http://www.kegg.jp/dbget-bin/www_bget?hsa:22985">
        <graphics name="ACIN1, ACINUS, ACN, fSAP152" fgcolor="#000000" bgcolor="#BFFFBF"
             type="rectangle" x="1083" y="698" width="46" height="17"/>
    </entry>
    <entry id="28" name="hsa:10921" type="gene"
        link="http://www.kegg.jp/dbget-bin/www_bget?hsa:10921">
        <graphics name="RNPS1, E5.1" fgcolor="#000000" bgcolor="#BFFFBF"
             type="rectangle" x="1083" y="715" width="46" height="17"/>
    </entry>
    <entry id="29" name="hsa:10284" type="gene"
        link="http://www.kegg.jp/dbget-bin/www_bget?hsa:10284">
        <graphics name="SAP18, 2HOR0202, SAP18P" fgcolor="#000000" bgcolor="#BFFFBF"
             type="rectangle" x="1037" y="715" width="46" height="17"/>
    </entry>
    <entry id="30" name="hsa:10250" type="gene"
        link="http://www.kegg.jp/dbget-bin/www_bget?hsa:10250">
        <graphics name="SRRM1, 160-KD, POP101, SRM160" fgcolor="#000000" bgcolor="#BFFFBF"
             type="rectangle" x="1087" y="803" width="46" height="17"/>
    </entry>
    <entry id="31" name="path:hsa03015" type="map"
        link="http://www.kegg.jp/dbget-bin/www_bget?hsa03015">
        <graphics name="mRNA surveillance pathway" fgcolor="#000000" bgcolor="#FFFFFF"
             type="roundrectangle" x="1155" y="398" width="100" height="34"/>
    </entry>
    <entry id="32" name="hsa:10482 hsa:55998 hsa:56000 hsa:56001 hsa:728343" type="gene"
        link="http://www.kegg.jp/dbget-bin/www_bget?hsa:10482+hsa:55998+hsa:56000+hsa:56001+hsa:728343">
        <graphics name="NXF1, MEX67, TAP..." fgcolor="#000000" bgcolor="#BFFFBF"
             type="rectangle" x="1034" y="780" width="46" height="17"/>
    </entry>
    <entry id="33" name="hsa:5411" type="gene"
        link="http://www.kegg.jp/dbget-bin/www_bget?hsa:5411">
        <graphics name="PNN, DRS, DRSP, SDK3, memA" fgcolor="#000000" bgcolor="#BFFFBF"
             type="rectangle" x="1037" y="732" width="46" height="17"/>
    </entry>
    <entry id="34" name="hsa:10189" type="gene"
        link="http://www.kegg.jp/dbget-bin/www_bget?hsa:10189">
        <graphics name="ALYREF, ALY, ALY/REF, BEF, REF, THOC4" fgcolor="#000000" bgcolor="#BFFFBF"
             type="rectangle" x="1083" y="732" width="46" height="17"/>
    </entry>
    <entry id="35" name="hsa:29107 hsa:55916" type="gene"
        link="http://www.kegg.jp/dbget-bin/www_bget?hsa:29107+hsa:55916">
        <graphics name="NXT1, MTR2, P15..." fgcolor="#000000" bgcolor="#BFFFBF"
             type="rectangle" x="1034" y="797" width="46" height="17"/>
    </entry>
    <entry id="36" name="hsa:22916 hsa:4686" type="gene"
        link="http://www.kegg.jp/dbget-bin/www_bget?hsa:22916+hsa:4686">
        <graphics name="NCBP2, CBC2, CBP20, NIP1..." fgcolor="#000000" bgcolor="#BFFFBF"
             type="rectangle" x="935" y="141" width="46" height="17"/>
    </entry>
    <entry id="37" name="hsa:9818" type="gene"
        link="http://www.kegg.jp/dbget-bin/www_bget?hsa:9818">
        <graphics name="NUPL1, PRO2463" fgcolor="#000000" bgcolor="#BFFFBF"
             type="rectangle" x="99" y="835" width="46" height="17"/>
    </entry>
    <entry id="38" name="hsa:23165" type="gene"
        link="http://www.kegg.jp/dbget-bin/www_bget?hsa:23165">
        <graphics name="NUP205, C7orf14" fgcolor="#000000" bgcolor="#BFFFBF"
             type="rectangle" x="182" y="835" width="46" height="17"/>
    </entry>
    <entry id="39" name="hsa:23511" type="gene"
        link="http://www.kegg.jp/dbget-bin/www_bget?hsa:23511">
        <graphics name="NUP188, KIAA0169, hNup188" fgcolor="#000000" bgcolor="#BFFFBF"
             type="rectangle" x="182" y="852" width="46" height="17"/>
    </entry>
    <entry id="40" name="hsa:23636" type="gene"
        link="http://www.kegg.jp/dbget-bin/www_bget?hsa:23636">
        <graphics name="NUP62, IBSN, SNDI, p62" fgcolor="#000000" bgcolor="#BFFFBF"
             type="rectangle" x="99" y="818" width="46" height="17"/>
    </entry>
    <entry id="41" name="hsa:7175" type="gene"
        link="http://www.kegg.jp/dbget-bin/www_bget?hsa:7175">
        <graphics name="TPR" fgcolor="#000000" bgcolor="#BFFFBF"
             type="rectangle" x="129" y="698" width="46" height="17"/>
    </entry>
    <entry id="42" name="hsa:9972" type="gene"
        link="http://www.kegg.jp/dbget-bin/www_bget?hsa:9972">
        <graphics name="NUP153, HNUP153, N153" fgcolor="#000000" bgcolor="#BFFFBF"
             type="rectangle" x="129" y="748" width="46" height="17"/>
    </entry>
    <entry id="43" name="hsa:9688" type="gene"
        link="http://www.kegg.jp/dbget-bin/www_bget?hsa:9688">
        <graphics name="NUP93, NIC96" fgcolor="#000000" bgcolor="#BFFFBF"
             type="rectangle" x="182" y="818" width="46" height="17"/>
    </entry>
    <entry id="44" name="hsa:53371" type="gene"
        link="http://www.kegg.jp/dbget-bin/www_bget?hsa:53371">
        <graphics name="NUP54" fgcolor="#000000" bgcolor="#BFFFBF"
             type="rectangle" x="99" y="852" width="46" height="17"/>
    </entry>
    <entry id="45" name="hsa:10762" type="gene"
        link="http://www.kegg.jp/dbget-bin/www_bget?hsa:10762">
        <graphics name="NUP50, NPAP60, NPAP60L" fgcolor="#000000" bgcolor="#BFFFBF"
             type="rectangle" x="129" y="723" width="46" height="17"/>
    </entry>
    <entry id="46" name="hsa:9631" type="gene"
        link="http://www.kegg.jp/dbget-bin/www_bget?hsa:9631">
        <graphics name="NUP155, ATFB15, N155" fgcolor="#000000" bgcolor="#BFFFBF"
             type="rectangle" x="182" y="875" width="46" height="17"/>
    </entry>
    <entry id="47" name="hsa:59343" type="gene"
        link="http://www.kegg.jp/dbget-bin/www_bget?hsa:59343">
        <graphics name="SENP2, AXAM2, SMT3IP2" fgcolor="#000000" bgcolor="#BFFFBF"
             type="rectangle" x="175" y="748" width="46" height="17"/>
    </entry>
    <entry id="48" name="hsa:4928" type="gene"
        link="http://www.kegg.jp/dbget-bin/www_bget?hsa:4928">
        <graphics name="NUP98, ADIR2, NUP196, NUP96" fgcolor="#000000" bgcolor="#BFFFBF"
             type="rectangle" x="289" y="750" width="46" height="17"/>
    </entry>
    <entry id="49" name="hsa:79023" type="gene"
        link="http://www.kegg.jp/dbget-bin/www_bget?hsa:79023">
        <graphics name="NUP37, p37" fgcolor="#000000" bgcolor="#BFFFBF"
             type="rectangle" x="335" y="722" width="46" height="17"/>
    </entry>
    <entry id="50" name="hsa:6396" type="gene"
        link="http://www.kegg.jp/dbget-bin/www_bget?hsa:6396">
        <graphics name="SEC13, D3S1231E, SEC13L1, SEC13R, npp-20" fgcolor="#000000" bgcolor="#BFFFBF"
             type="rectangle" x="243" y="738" width="46" height="17"/>
    </entry>
    <entry id="51" name="hsa:23279" type="gene"
        link="http://www.kegg.jp/dbget-bin/www_bget?hsa:23279">
        <graphics name="NUP160" fgcolor="#000000" bgcolor="#BFFFBF"
             type="rectangle" x="335" y="739" width="46" height="17"/>
    </entry>
    <entry id="52" name="hsa:57122" type="gene"
        link="http://www.kegg.jp/dbget-bin/www_bget?hsa:57122">
        <graphics name="NUP107, NUP84" fgcolor="#000000" bgcolor="#BFFFBF"
             type="rectangle" x="289" y="767" width="46" height="17"/>
    </entry>
    <entry id="53" name="hsa:79902" type="gene"
        link="http://www.kegg.jp/dbget-bin/www_bget?hsa:79902">
        <graphics name="NUP85, Nup75" fgcolor="#000000" bgcolor="#BFFFBF"
             type="rectangle" x="335" y="756" width="46" height="17"/>
    </entry>
    <entry id="54" name="hsa:81929" type="gene"
        link="http://www.kegg.jp/dbget-bin/www_bget?hsa:81929">
        <graphics name="SEH1L, SEC13L, SEH1A, SEH1B, Seh1" fgcolor="#000000" bgcolor="#BFFFBF"
             type="rectangle" x="243" y="762" width="46" height="17"/>
    </entry>
    <entry id="55" name="hsa:4928" type="gene"
        link="http://www.kegg.jp/dbget-bin/www_bget?hsa:4928">
        <graphics name="NUP98, ADIR2, NUP196, NUP96" fgcolor="#000000" bgcolor="#BFFFBF"
             type="rectangle" x="243" y="698" width="46" height="17"/>
    </entry>
    <entry id="56" name="hsa:8480" type="gene"
        link="http://www.kegg.jp/dbget-bin/www_bget?hsa:8480">
        <graphics name="RAE1, MIG14, MRNP41, Mnrp41, dJ481F12.3, dJ800J21.1" fgcolor="#000000" bgcolor="#BFFFBF"
             type="rectangle" x="243" y="715" width="46" height="17"/>
    </entry>
    <entry id="57" name="hsa:348995" type="gene"
        link="http://www.kegg.jp/dbget-bin/www_bget?hsa:348995">
        <graphics name="NUP43, bA350J20.1, p42" fgcolor="#000000" bgcolor="#BFFFBF"
             type="rectangle" x="335" y="773" width="46" height="17"/>
    </entry>
    <entry id="58" name="hsa:55746" type="gene"
        link="http://www.kegg.jp/dbget-bin/www_bget?hsa:55746">
        <graphics name="NUP133, hNUP133" fgcolor="#000000" bgcolor="#BFFFBF"
             type="rectangle" x="289" y="733" width="46" height="17"/>
    </entry>
    <entry id="59" name="hsa:23225 hsa:91181" type="gene"
        link="http://www.kegg.jp/dbget-bin/www_bget?hsa:23225+hsa:91181">
        <graphics name="NUP210, GP210, POM210..." fgcolor="#000000" bgcolor="#BFFFBF"
             type="rectangle" x="254" y="818" width="46" height="17"/>
    </entry>
    <entry id="60" name="hsa:100101267 hsa:94026 hsa:9883" type="gene"
        link="http://www.kegg.jp/dbget-bin/www_bget?hsa:100101267+hsa:94026+hsa:9883">
        <graphics name="POM121C, POM121-2..." fgcolor="#000000" bgcolor="#BFFFBF"
             type="rectangle" x="254" y="876" width="46" height="17"/>
    </entry>
    <entry id="61" name="hsa:55706" type="gene"
        link="http://www.kegg.jp/dbget-bin/www_bget?hsa:55706">
        <graphics name="NDC1, NET3, TMEM48" fgcolor="#000000" bgcolor="#BFFFBF"
             type="rectangle" x="254" y="847" width="46" height="17"/>
    </entry>
    <entry id="62" name="hsa:8021" type="gene"
        link="http://www.kegg.jp/dbget-bin/www_bget?hsa:8021">
        <graphics name="NUP214, CAIN, CAN, D9S46E, N214, p250" fgcolor="#000000" bgcolor="#BFFFBF"
             type="rectangle" x="321" y="818" width="46" height="17"/>
    </entry>
    <entry id="63" name="hsa:4927" type="gene"
        link="http://www.kegg.jp/dbget-bin/www_bget?hsa:4927">
        <graphics name="NUP88" fgcolor="#000000" bgcolor="#BFFFBF"
             type="rectangle" x="321" y="835" width="46" height="17"/>
    </entry>
    <entry id="64" name="hsa:285190 hsa:5903" type="gene"
        link="http://www.kegg.jp/dbget-bin/www_bget?hsa:285190+hsa:5903">
        <graphics name="RGPD4, RGP4..." fgcolor="#000000" bgcolor="#BFFFBF"
             type="rectangle" x="334" y="852" width="46" height="17"/>
    </entry>
    <entry id="65" name="hsa:7329" type="gene"
        link="http://www.kegg.jp/dbget-bin/www_bget?hsa:7329">
        <graphics name="UBE2I, C358B7.1, P18, UBC9" fgcolor="#000000" bgcolor="#BFFFBF"
             type="rectangle" x="380" y="852" width="46" height="17"/>
    </entry>
    <entry id="66" name="hsa:5905" type="gene"
        link="http://www.kegg.jp/dbget-bin/www_bget?hsa:5905">
        <graphics name="RANGAP1, Fug1, RANGAP, SD" fgcolor="#000000" bgcolor="#BFFFBF"
             type="rectangle" x="334" y="869" width="46" height="17"/>
    </entry>
    <entry id="67" name="hsa:387082 hsa:6612 hsa:6613 hsa:7341" type="gene"
        link="http://www.kegg.jp/dbget-bin/www_bget?hsa:387082+hsa:6612+hsa:6613+hsa:7341">
        <graphics name="SUMO4, IDDM5, SMT3H4, SUMO-4, dJ281H8.4..." fgcolor="#000000" bgcolor="#BFFFBF"
             type="rectangle" x="380" y="869" width="46" height="17"/>
    </entry>
    <entry id="68" name="hsa:11097" type="gene"
        link="http://www.kegg.jp/dbget-bin/www_bget?hsa:11097">
        <graphics name="NUPL2, CG1, NLP-1, NLP_1, hCG1" fgcolor="#000000" bgcolor="#BFFFBF"
             type="rectangle" x="380" y="831" width="46" height="17"/>
    </entry>
    <entry id="69" name="hsa:8086" type="gene"
        link="http://www.kegg.jp/dbget-bin/www_bget?hsa:8086">
        <graphics name="AAAS, AAA, AAASb, ADRACALA, ADRACALIN, ALADIN" fgcolor="#000000" bgcolor="#BFFFBF"
             type="rectangle" x="380" y="810" width="46" height="17"/>
    </entry>
    <entry id="70" name="hsa:10419" type="gene"
        link="http://www.kegg.jp/dbget-bin/www_bget?hsa:10419">
        <graphics name="PRMT5, HRMT1L5, IBP72, JBP1, SKB1, SKB1Hs" fgcolor="#000000" bgcolor="#BFFFBF"
             type="rectangle" x="467" y="580" width="46" height="17"/>
    </entry>
    <entry id="71" name="hsa:5901" type="gene"
        link="http://www.kegg.jp/dbget-bin/www_bget?hsa:5901">
        <graphics name="RAN, ARA24, Gsp1, TC4" fgcolor="#000000" bgcolor="#BFFFBF"
             type="rectangle" x="276" y="288" width="46" height="17"/>
    </entry>
    <entry id="72" name="hsa:57510" type="gene"
        link="http://www.kegg.jp/dbget-bin/www_bget?hsa:57510">
        <graphics name="XPO5, exp5" fgcolor="#000000" bgcolor="#BFFFBF"
             type="rectangle" x="276" y="305" width="46" height="17"/>
    </entry>
    <entry id="73" name="hsa:1915 hsa:1917" type="gene"
        link="http://www.kegg.jp/dbget-bin/www_bget?hsa:1915+hsa:1917">
        <graphics name="EEF1A1, CCS-3, CCS3, EE1A1, EEF-1, EEF1A, EF-Tu, EF1A, GRAF-1EF, HNGC:16303, LENG7, PTI1, eEF1A-1..." fgcolor="#000000" bgcolor="#BFFFBF"
             type="rectangle" x="276" y="321" width="46" height="17"/>
    </entry>
    <entry id="74" name="hsa:5901" type="gene"
        link="http://www.kegg.jp/dbget-bin/www_bget?hsa:5901">
        <graphics name="RAN, ARA24, Gsp1, TC4" fgcolor="#000000" bgcolor="#BFFFBF"
             type="rectangle" x="715" y="297" width="46" height="17"/>
    </entry>
    <entry id="75" name="hsa:7514" type="gene"
        link="http://www.kegg.jp/dbget-bin/www_bget?hsa:7514">
        <graphics name="XPO1, CRM1, emb, exp1" fgcolor="#000000" bgcolor="#BFFFBF"
             type="rectangle" x="715" y="315" width="46" height="19"/>
    </entry>
    <entry id="76" name="hsa:51068" type="gene"
        link="http://www.kegg.jp/dbget-bin/www_bget?hsa:51068">
        <graphics name="NMD3" fgcolor="#000000" bgcolor="#BFFFBF"
             type="rectangle" x="715" y="331" width="46" height="17"/>
    </entry>
    <entry id="77" name="hsa:5976" type="gene"
        link="http://www.kegg.jp/dbget-bin/www_bget?hsa:5976">
        <graphics name="UPF1, HUPF1, NORF1, RENT1, pNORF1, smg-2" fgcolor="#000000" bgcolor="#BFFFBF"
             type="rectangle" x="975" y="780" width="46" height="17"/>
    </entry>
    <entry id="78" name="hsa:7919" type="gene"
        link="http://www.kegg.jp/dbget-bin/www_bget?hsa:7919">
        <graphics name="DDX39B, BAT1, D6S81E, UAP56" fgcolor="#000000" bgcolor="#BFFFBF"
             type="rectangle" x="1087" y="780" width="46" height="17"/>
    </entry>
    <entry id="79" name="hsa:84305" type="gene"
        link="http://www.kegg.jp/dbget-bin/www_bget?hsa:84305">
        <graphics name="WIBG, PYM" fgcolor="#000000" bgcolor="#BFFFBF"
             type="rectangle" x="973" y="418" width="46" height="17"/>
    </entry>
    <entry id="80" name="hsa:10209 hsa:10289 hsa:1964 hsa:9086" type="gene"
        link="http://www.kegg.jp/dbget-bin/www_bget?hsa:10209+hsa:10289+hsa:1964+hsa:9086">
        <graphics name="EIF1, A121, EIF-1, EIF1A, ISO1, SUI1..." fgcolor="#000000" bgcolor="#BFFFBF"
             type="rectangle" x="726" y="716" width="46" height="17"/>
    </entry>
    <entry id="81" name="hsa:3646 hsa:728689 hsa:8661 hsa:8662 hsa:8663 hsa:8664 hsa:8665 hsa:8666 hsa:8667 hsa:8668 hsa:8669" type="gene"
        link="http://www.kegg.jp/dbget-bin/www_bget?hsa:3646+hsa:728689+hsa:8661+hsa:8662+hsa:8663+hsa:8664+hsa:8665+hsa:8666+hsa:8667+hsa:8668+hsa:8669">
        <graphics name="EIF3E, EIF3-P48, EIF3S6, INT6, eIF3-p46..." fgcolor="#000000" bgcolor="#BFFFBF"
             type="rectangle" x="726" y="699" width="46" height="17"/>
    </entry>
    <entry id="82" name="path:hsa03020" type="map"
        link="http://www.kegg.jp/dbget-bin/www_bget?hsa03020">
        <graphics name="RNA polymerase" fgcolor="#000000" bgcolor="#FFFFFF"
             type="roundrectangle" x="112" y="150" width="92" height="25"/>
    </entry>
    <entry id="83" name="hsa:51095" type="gene"
        link="http://www.kegg.jp/dbget-bin/www_bget?hsa:51095">
        <graphics name="TRNT1, CCA1, MtCCA" fgcolor="#000000" bgcolor="#BFFFBF"
             type="rectangle" x="276" y="202" width="46" height="17"/>
    </entry>
    <entry id="84" name="hsa:10248 hsa:10556 hsa:10557 hsa:10775 hsa:10799 hsa:10940 hsa:11102 hsa:138716 hsa:51367 hsa:54913 hsa:79897" type="gene"
        link="http://www.kegg.jp/dbget-bin/www_bget?hsa:10248+hsa:10556+hsa:10557+hsa:10775+hsa:10799+hsa:10940+hsa:11102+hsa:138716+hsa:51367+hsa:54913+hsa:79897">
        <graphics name="POP7, 0610037N12Rik, RPP2, RPP20..." fgcolor="#000000" bgcolor="#BFFFBF"
             type="rectangle" x="275" y="130" width="46" height="17"/>
    </entry>
    <entry id="85" name="hsa:55520 hsa:60528" type="gene"
        link="http://www.kegg.jp/dbget-bin/www_bget?hsa:55520+hsa:60528">
        <graphics name="ELAC1, D29..." fgcolor="#000000" bgcolor="#BFFFBF"
             type="rectangle" x="276" y="167" width="46" height="17"/>
    </entry>
    <entry id="86" name="hsa:9984" type="gene"
        link="http://www.kegg.jp/dbget-bin/www_bget?hsa:9984">
        <graphics name="THOC1, HPR1, P84, P84N5" fgcolor="#000000" bgcolor="#BFFFBF"
             type="rectangle" x="1160" y="697" width="46" height="17"/>
    </entry>
    <entry id="87" name="hsa:57187" type="gene"
        link="http://www.kegg.jp/dbget-bin/www_bget?hsa:57187">
        <graphics name="THOC2, CXorf3, THO2, dJ506G2.1, hTREX120" fgcolor="#000000" bgcolor="#BFFFBF"
             type="rectangle" x="1160" y="714" width="46" height="17"/>
    </entry>
    <entry id="88" name="hsa:84321" type="gene"
        link="http://www.kegg.jp/dbget-bin/www_bget?hsa:84321">
        <graphics name="THOC3, THO3, hTREX45" fgcolor="#000000" bgcolor="#BFFFBF"
             type="rectangle" x="1160" y="793" width="46" height="17"/>
    </entry>
    <entry id="89" name="hsa:8563" type="gene"
        link="http://www.kegg.jp/dbget-bin/www_bget?hsa:8563">
        <graphics name="THOC5, C22orf19, Fmip, PK1.3, fSAP79" fgcolor="#000000" bgcolor="#BFFFBF"
             type="rectangle" x="1160" y="731" width="46" height="17"/>
    </entry>
    <entry id="90" name="hsa:79228" type="gene"
        link="http://www.kegg.jp/dbget-bin/www_bget?hsa:79228">
        <graphics name="THOC6, BBIS, WDR58, fSAP35" fgcolor="#000000" bgcolor="#BFFFBF"
             type="rectangle" x="1160" y="748" width="46" height="17"/>
    </entry>
    <entry id="91" name="hsa:80145" type="gene"
        link="http://www.kegg.jp/dbget-bin/www_bget?hsa:80145">
        <graphics name="THOC7, NIF3L1BP1, fSAP24, hTREX30" fgcolor="#000000" bgcolor="#BFFFBF"
             type="rectangle" x="1160" y="765" width="46" height="17"/>
    </entry>
    <entry id="92" name="hsa:132430 hsa:140886 hsa:26986 hsa:340529 hsa:5042 hsa:645974 hsa:80336 hsa:8761" type="gene"
        link="http://www.kegg.jp/dbget-bin/www_bget?hsa:132430+hsa:140886+hsa:26986+hsa:340529+hsa:5042+hsa:645974+hsa:80336+hsa:8761">
        <graphics name="PABPC4L..." fgcolor="#000000" bgcolor="#BFFFBF"
             type="rectangle" x="849" y="781" width="46" height="17"/>
    </entry>
    <entry id="93" name="hsa:1965 hsa:1968 hsa:8894" type="gene"
        link="http://www.kegg.jp/dbget-bin/www_bget?hsa:1965+hsa:1968+hsa:8894">
        <graphics name="EIF2S1, EIF-2, EIF-2A, EIF-2alpha, EIF2, EIF2A..." fgcolor="#000000" bgcolor="#BFFFBF"
             type="rectangle" x="772" y="716" width="46" height="17"/>
    </entry>
    <entry id="94" name="hsa:10605" type="gene"
        link="http://www.kegg.jp/dbget-bin/www_bget?hsa:10605">
        <graphics name="PAIP1" fgcolor="#000000" bgcolor="#BFFFBF"
             type="rectangle" x="849" y="798" width="46" height="17"/>
    </entry>
    <entry id="95" name="hsa:1973 hsa:1974" type="gene"
        link="http://www.kegg.jp/dbget-bin/www_bget?hsa:1973+hsa:1974">
        <graphics name="EIF4A1, DDX2A, EIF-4A, EIF4A, eIF-4A-I, eIF4A-I..." fgcolor="#000000" bgcolor="#BFFFBF"
             type="rectangle" x="772" y="798" width="46" height="17"/>
    </entry>
    <entry id="96" name="hsa:1977 hsa:253314 hsa:9470" type="gene"
        link="http://www.kegg.jp/dbget-bin/www_bget?hsa:1977+hsa:253314+hsa:9470">
        <graphics name="EIF4E, AUTS19, CBP, EIF4E1, EIF4EL1, EIF4F..." fgcolor="#000000" bgcolor="#BFFFBF"
             type="rectangle" x="726" y="798" width="46" height="17"/>
    </entry>
    <entry id="97" name="hsa:1981 hsa:1982 hsa:8672" type="gene"
        link="http://www.kegg.jp/dbget-bin/www_bget?hsa:1981+hsa:1982+hsa:8672">
        <graphics name="EIF4G1, EIF-4G1, EIF4F, EIF4G, EIF4GI, P220, PARK18..." fgcolor="#000000" bgcolor="#BFFFBF"
             type="rectangle" x="745" y="781" width="46" height="17"/>
    </entry>
    <entry id="98" name="hsa:1983" type="gene"
        link="http://www.kegg.jp/dbget-bin/www_bget?hsa:1983">
        <graphics name="EIF5, EIF-5, EIF-5A" fgcolor="#000000" bgcolor="#BFFFBF"
             type="rectangle" x="772" y="699" width="46" height="17"/>
    </entry>
    <entry id="99" name="hsa:26019" type="gene"
        link="http://www.kegg.jp/dbget-bin/www_bget?hsa:26019">
        <graphics name="UPF2, HUPF2, RENT2, smg-3" fgcolor="#000000" bgcolor="#BFFFBF"
             type="rectangle" x="975" y="800" width="46" height="17"/>
    </entry>
    <entry id="100" name="hsa:65109 hsa:65110" type="gene"
        link="http://www.kegg.jp/dbget-bin/www_bget?hsa:65109+hsa:65110">
        <graphics name="UPF3B, HUPF3B, MRX62, MRXS14, RENT3B, UPF3X..." fgcolor="#000000" bgcolor="#BFFFBF"
             type="rectangle" x="975" y="817" width="46" height="17"/>
    </entry>
    <entry id="101" name="hsa:1975" type="gene"
        link="http://www.kegg.jp/dbget-bin/www_bget?hsa:1975">
        <graphics name="EIF4B, EIF-4B, PRO1843" fgcolor="#000000" bgcolor="#BFFFBF"
             type="rectangle" x="772" y="836" width="46" height="17"/>
    </entry>
    <entry id="102" name="hsa:1978 hsa:1979 hsa:8637" type="gene"
        link="http://www.kegg.jp/dbget-bin/www_bget?hsa:1978+hsa:1979+hsa:8637">
        <graphics name="EIF4EBP1, 4E-BP1, 4EBP1, BP-1, PHAS-I..." fgcolor="#000000" bgcolor="#BFFFBF"
             type="rectangle" x="649" y="781" width="46" height="17"/>
    </entry>
    <entry id="103" name="hsa:10460" type="gene"
        link="http://www.kegg.jp/dbget-bin/www_bget?hsa:10460">
        <graphics name="TACC3, ERIC-1, ERIC1" fgcolor="#000000" bgcolor="#BFFFBF"
             type="rectangle" x="649" y="803" width="46" height="17"/>
    </entry>
    <entry id="104" name="cpd:C01647" type="compound"
        link="http://www.kegg.jp/dbget-bin/www_bget?C01647">
        <graphics name="C01647" fgcolor="#000000" bgcolor="#FFFFFF"
             type="circle" x="823" y="504" width="8" height="8"/>
    </entry>
    <entry id="105" name="cpd:C00044" type="compound"
        link="http://www.kegg.jp/dbget-bin/www_bget?C00044">
        <graphics name="C00044" fgcolor="#000000" bgcolor="#FFFFFF"
             type="circle" x="829" y="489" width="8" height="8"/>
    </entry>
    <entry id="106" name="cpd:C00035" type="compound"
        link="http://www.kegg.jp/dbget-bin/www_bget?C00035">
        <graphics name="C00035" fgcolor="#000000" bgcolor="#FFFFFF"
             type="circle" x="892" y="497" width="8" height="8"/>
    </entry>
    <entry id="107" name="cpd:C01647" type="compound"
        link="http://www.kegg.jp/dbget-bin/www_bget?C01647">
        <graphics name="C01647" fgcolor="#000000" bgcolor="#FFFFFF"
             type="circle" x="1017" y="539" width="8" height="8"/>
    </entry>
    <entry id="108" name="cpd:C00044" type="compound"
        link="http://www.kegg.jp/dbget-bin/www_bget?C00044">
        <graphics name="C00044" fgcolor="#000000" bgcolor="#FFFFFF"
             type="circle" x="1018" y="527" width="8" height="8"/>
    </entry>
    <entry id="109" name="hsa:9669" type="gene"
        link="http://www.kegg.jp/dbget-bin/www_bget?hsa:9669">
        <graphics name="EIF5B, IF2" fgcolor="#000000" bgcolor="#BFFFBF"
             type="rectangle" x="726" y="740" width="46" height="17"/>
    </entry>
    <entry id="110" name="hsa:1967 hsa:8890 hsa:8891 hsa:8892 hsa:8893" type="gene"
        link="http://www.kegg.jp/dbget-bin/www_bget?hsa:1967+hsa:8890+hsa:8891+hsa:8892+hsa:8893">
        <graphics name="EIF2B1, EIF2B, EIF2BA..." fgcolor="#000000" bgcolor="#BFFFBF"
             type="rectangle" x="850" y="716" width="46" height="17"/>
    </entry>
    <entry id="111" name="hsa:129401" type="gene"
        link="http://www.kegg.jp/dbget-bin/www_bget?hsa:129401">
        <graphics name="NUP35, MP-44, MP44, NP44, NUP53" fgcolor="#000000" bgcolor="#BFFFBF"
             type="rectangle" x="182" y="892" width="46" height="17"/>
    </entry>
    <entry id="112" name="ko:K14276" type="ortholog"
        link="http://www.kegg.jp/dbget-bin/www_bget?K14276">
        <graphics name="K14276" fgcolor="#000000" bgcolor="#FFFFFF"
             type="rectangle" x="383" y="111" width="46" height="17"/>
    </entry>
    <entry id="113" name="ko:K14277" type="ortholog"
        link="http://www.kegg.jp/dbget-bin/www_bget?K14277">
        <graphics name="K14277" fgcolor="#000000" bgcolor="#FFFFFF"
             type="rectangle" x="435" y="111" width="46" height="17"/>
    </entry>
    <entry id="114" name="ko:K14278" type="ortholog"
        link="http://www.kegg.jp/dbget-bin/www_bget?K14278">
        <graphics name="K14278" fgcolor="#000000" bgcolor="#FFFFFF"
             type="rectangle" x="383" y="132" width="46" height="17"/>
    </entry>
    <entry id="115" name="ko:K14279" type="ortholog"
        link="http://www.kegg.jp/dbget-bin/www_bget?K14279">
        <graphics name="K14279" fgcolor="#000000" bgcolor="#FFFFFF"
             type="rectangle" x="435" y="132" width="46" height="17"/>
    </entry>
    <entry id="116" name="ko:K14280" type="ortholog"
        link="http://www.kegg.jp/dbget-bin/www_bget?K14280">
        <graphics name="K14280" fgcolor="#000000" bgcolor="#FFFFFF"
             type="rectangle" x="513" y="121" width="46" height="17"/>
    </entry>
    <entry id="117" name="hsa:26851 hsa:780851 hsa:780852 hsa:780853" type="gene"
        link="http://www.kegg.jp/dbget-bin/www_bget?hsa:26851+hsa:780851+hsa:780852+hsa:780853">
        <graphics name="SNORD3B-1, RNU3A1, U3a, U3b1, U3b2..." fgcolor="#000000" bgcolor="#BFFFBF"
             type="rectangle" x="664" y="197" width="46" height="17"/>
    </entry>
    <entry id="118" name="path:hsa03008" type="map"
        link="http://www.kegg.jp/dbget-bin/www_bget?hsa03008">
        <graphics name="Ribosome biogenesis in eukaryotes" fgcolor="#000000" bgcolor="#FFFFFF"
             type="roundrectangle" x="779" y="178" width="110" height="34"/>
    </entry>
    <entry id="119" name="hsa:23191 hsa:26999" type="gene"
        link="http://www.kegg.jp/dbget-bin/www_bget?hsa:23191+hsa:26999">
        <graphics name="CYFIP1, P140SRA-1, SHYC, SRA-1, SRA1..." fgcolor="#000000" bgcolor="#BFFFBF"
             type="rectangle" x="720" y="836" width="46" height="17"/>
    </entry>
    <entry id="120" name="hsa:2332 hsa:8087 hsa:9513" type="gene"
        link="http://www.kegg.jp/dbget-bin/www_bget?hsa:2332+hsa:8087+hsa:9513">
        <graphics name="FMR1, FMRP, FRAXA, POF, POF1..." fgcolor="#000000" bgcolor="#BFFFBF"
             type="rectangle" x="720" y="853" width="46" height="17"/>
    </entry>
    <relation entry1="3" entry2="2" type="PPrel">
        <subtype name="binding/association" value="---"/>
    </relation>
    <relation entry1="71" entry2="72" type="PPrel">
        <subtype name="binding/association" value="---"/>
    </relation>
    <relation entry1="71" entry2="73" type="PPrel">
        <subtype name="binding/association" value="---"/>
    </relation>
    <relation entry1="4" entry2="5" type="PPrel">
        <subtype name="binding/association" value="---"/>
    </relation>
    <relation entry1="4" entry2="7" type="PPrel">
        <subtype name="binding/association" value="---"/>
    </relation>
    <relation entry1="4" entry2="6" type="PPrel">
        <subtype name="binding/association" value="---"/>
    </relation>
    <relation entry1="74" entry2="75" type="PPrel">
        <subtype name="binding/association" value="---"/>
    </relation>
    <relation entry1="74" entry2="76" type="PPrel">
        <subtype name="binding/association" value="---"/>
    </relation>
    <relation entry1="21" entry2="22" type="PPrel">
        <subtype name="binding/association" value="---"/>
    </relation>
    <relation entry1="86" entry2="87" type="PPrel">
        <subtype name="binding/association" value="---"/>
    </relation>
    <relation entry1="86" entry2="89" type="PPrel">
        <subtype name="binding/association" value="---"/>
    </relation>
    <relation entry1="86" entry2="90" type="PPrel">
        <subtype name="binding/association" value="---"/>
    </relation>
    <relation entry1="86" entry2="91" type="PPrel">
        <subtype name="binding/association" value="---"/>
    </relation>
    <relation entry1="23" entry2="26" type="PPrel">
        <subtype name="binding/association" value="---"/>
    </relation>
    <relation entry1="23" entry2="24" type="PPrel">
        <subtype name="binding/association" value="---"/>
    </relation>
    <relation entry1="23" entry2="25" type="PPrel">
        <subtype name="binding/association" value="---"/>
    </relation>
    <relation entry1="29" entry2="33" type="PPrel">
        <subtype name="binding/association" value="---"/>
    </relation>
    <relation entry1="29" entry2="27" type="PPrel">
        <subtype name="binding/association" value="---"/>
    </relation>
    <relation entry1="29" entry2="28" type="PPrel">
        <subtype name="binding/association" value="---"/>
    </relation>
    <relation entry1="29" entry2="34" type="PPrel">
        <subtype name="binding/association" value="---"/>
    </relation>
    <relation entry1="32" entry2="35" type="PPrel">
        <subtype name="binding/association" value="---"/>
    </relation>
    <relation entry1="99" entry2="100" type="PPrel">
        <subtype name="binding/association" value="---"/>
    </relation>
    <relation entry1="77" entry2="99" type="PPrel">
        <subtype name="binding/association" value="---"/>
    </relation>
    <relation entry1="81" entry2="80" type="PPrel">
        <subtype name="binding/association" value="---"/>
    </relation>
    <relation entry1="81" entry2="98" type="PPrel">
        <subtype name="binding/association" value="---"/>
    </relation>
    <relation entry1="81" entry2="93" type="PPrel">
        <subtype name="binding/association" value="---"/>
    </relation>
    <relation entry1="92" entry2="94" type="PPrel">
        <subtype name="binding/association" value="---"/>
    </relation>
    <relation entry1="97" entry2="96" type="PPrel">
        <subtype name="binding/association" value="---"/>
    </relation>
    <relation entry1="97" entry2="95" type="PPrel">
        <subtype name="binding/association" value="---"/>
    </relation>
    <relation entry1="13" entry2="15" type="PPrel">
        <subtype name="binding/association" value="---"/>
    </relation>
    <relation entry1="13" entry2="12" type="PPrel">
        <subtype name="binding/association" value="---"/>
    </relation>
    <relation entry1="13" entry2="17" type="PPrel">
        <subtype name="binding/association" value="---"/>
    </relation>
    <relation entry1="13" entry2="14" type="PPrel">
        <subtype name="binding/association" value="---"/>
    </relation>
    <relation entry1="13" entry2="11" type="PPrel">
        <subtype name="binding/association" value="---"/>
    </relation>
    <relation entry1="13" entry2="16" type="PPrel">
        <subtype name="binding/association" value="---"/>
    </relation>
    <relation entry1="13" entry2="20" type="PPrel">
        <subtype name="binding/association" value="---"/>
    </relation>
    <relation entry1="13" entry2="18" type="PPrel">
        <subtype name="binding/association" value="---"/>
    </relation>
    <relation entry1="62" entry2="63" type="PPrel">
        <subtype name="binding/association" value="---"/>
    </relation>
    <relation entry1="65" entry2="67" type="PPrel">
        <subtype name="binding/association" value="---"/>
    </relation>
    <relation entry1="65" entry2="64" type="PPrel">
        <subtype name="binding/association" value="---"/>
    </relation>
    <relation entry1="67" entry2="64" type="PPrel">
        <subtype name="binding/association" value="---"/>
    </relation>
    <relation entry1="64" entry2="66" type="PPrel">
        <subtype name="binding/association" value="---"/>
    </relation>
    <relation entry1="40" entry2="37" type="PPrel">
        <subtype name="binding/association" value="---"/>
    </relation>
    <relation entry1="40" entry2="44" type="PPrel">
        <subtype name="binding/association" value="---"/>
    </relation>
    <relation entry1="43" entry2="38" type="PPrel">
        <subtype name="binding/association" value="---"/>
    </relation>
    <relation entry1="43" entry2="39" type="PPrel">
        <subtype name="binding/association" value="---"/>
    </relation>
    <relation entry1="46" entry2="111" type="PPrel">
        <subtype name="binding/association" value="---"/>
    </relation>
    <relation entry1="42" entry2="47" type="PPrel">
        <subtype name="binding/association" value="---"/>
    </relation>
    <relation entry1="55" entry2="56" type="PPrel">
        <subtype name="binding/association" value="---"/>
    </relation>
    <relation entry1="49" entry2="51" type="PPrel">
        <subtype name="binding/association" value="---"/>
    </relation>
    <relation entry1="49" entry2="53" type="PPrel">
        <subtype name="binding/association" value="---"/>
    </relation>
    <relation entry1="49" entry2="57" type="PPrel">
        <subtype name="binding/association" value="---"/>
    </relation>
    <relation entry1="49" entry2="58" type="PPrel">
        <subtype name="binding/association" value="---"/>
    </relation>
    <relation entry1="49" entry2="48" type="PPrel">
        <subtype name="binding/association" value="---"/>
    </relation>
    <relation entry1="49" entry2="52" type="PPrel">
        <subtype name="binding/association" value="---"/>
    </relation>
    <relation entry1="50" entry2="58" type="PPrel">
        <subtype name="binding/association" value="---"/>
    </relation>
    <relation entry1="54" entry2="52" type="PPrel">
        <subtype name="binding/association" value="---"/>
    </relation>
    <relation entry1="54" entry2="48" type="PPrel">
        <subtype name="binding/association" value="---"/>
    </relation>
    <relation entry1="50" entry2="48" type="PPrel">
        <subtype name="binding/association" value="---"/>
    </relation>
    <relation entry1="34" entry2="78" type="PPrel">
        <subtype name="binding/association" value="---"/>
    </relation>
    <relation entry1="34" entry2="89" type="PPrel">
        <subtype name="binding/association" value="---"/>
    </relation>
    <relation entry1="79" entry2="23" type="PPrel">
        <subtype name="binding/association" value="---"/>
    </relation>
    <relation entry1="110" entry2="93" type="PPrel">
        <subtype name="activation" value="--&gt;"/>
    </relation>
    <relation entry1="101" entry2="95" type="PPrel">
        <subtype name="activation" value="--&gt;"/>
    </relation>
    <relation entry1="94" entry2="95" type="PPrel">
        <subtype name="binding/association" value="---"/>
    </relation>
    <relation entry1="100" entry2="24" type="PPrel">
        <subtype name="binding/association" value="---"/>
    </relation>
    <relation entry1="32" entry2="89" type="PPrel">
        <subtype name="binding/association" value="---"/>
    </relation>
    <relation entry1="32" entry2="34" type="PPrel">
        <subtype name="binding/association" value="---"/>
    </relation>
    <relation entry1="56" entry2="32" type="PPrel">
        <subtype name="binding/association" value="---"/>
    </relation>
    <relation entry1="25" entry2="32" type="PPrel">
        <subtype name="binding/association" value="---"/>
    </relation>
    <relation entry1="68" entry2="32" type="PPrel">
        <subtype name="binding/association" value="---"/>
    </relation>
    <relation entry1="32" entry2="100" type="PPrel">
        <subtype name="binding/association" value="---"/>
    </relation>
    <relation entry1="5" entry2="68" type="PPrel">
        <subtype name="binding/association" value="---"/>
    </relation>
    <relation entry1="5" entry2="63" type="PPrel">
        <subtype name="binding/association" value="---"/>
    </relation>
    <relation entry1="5" entry2="62" type="PPrel">
        <subtype name="binding/association" value="---"/>
    </relation>
    <relation entry1="75" entry2="68" type="PPrel">
        <subtype name="binding/association" value="---"/>
    </relation>
    <relation entry1="75" entry2="62" type="PPrel">
        <subtype name="binding/association" value="---"/>
    </relation>
    <relation entry1="75" entry2="63" type="PPrel">
        <subtype name="binding/association" value="---"/>
    </relation>
    <relation entry1="119" entry2="120" type="PPrel">
        <subtype name="binding/association" value="---"/>
    </relation>
    <relation entry1="119" entry2="96" type="PPrel">
        <subtype name="inhibition" value="--|"/>
        <subtype name="binding/association" value="---"/>
    </relation>
</pathway>
