<?xml version="1.0"?>
<!DOCTYPE pathway SYSTEM "http://www.kegg.jp/kegg/xml/KGML_v0.7.1_.dtd">
<!-- Creation date: Jun 12, 2014 10:45:16 +0900 (GMT+09:00) -->
<pathway name="path:hsa00051" org="hsa" number="00051"
         title="Fructose and mannose metabolism"
         image="http://www.kegg.jp/kegg/pathway/hsa/hsa00051.png"
         link="http://www.kegg.jp/kegg-bin/show_pathway?hsa00051">
    <entry id="53" name="ko:K02768 ko:K02769 ko:K02770" type="ortholog" reaction="rn:R03232"
        link="http://www.kegg.jp/dbget-bin/www_bget?K02768+K02769+K02770">
        <graphics name="K02768..." fgcolor="#000000" bgcolor="#FFFFFF"
             type="rectangle" x="310" y="968" width="46" height="17"/>
    </entry>
    <entry id="54" name="path:hsa00052" type="map"
        link="http://www.kegg.jp/dbget-bin/www_bget?hsa00052">
        <graphics name="Galactose metabolism" fgcolor="#000000" bgcolor="#FFFFFF"
             type="roundrectangle" x="53" y="147" width="76" height="34"/>
    </entry>
    <entry id="55" name="ko:K08261" type="ortholog" reaction="rn:R02925"
        link="http://www.kegg.jp/dbget-bin/www_bget?K08261">
        <graphics name="K08261" fgcolor="#000000" bgcolor="#FFFFFF"
             type="rectangle" x="223" y="117" width="46" height="17"/>
    </entry>
    <entry id="56" name="hsa:231 hsa:57016" type="gene" reaction="rn:R01787"
        link="http://www.kegg.jp/dbget-bin/www_bget?hsa:231+hsa:57016">
        <graphics name="AKR1B1, ADR, ALDR1, ALR2, AR..." fgcolor="#000000" bgcolor="#BFFFBF"
             type="rectangle" x="179" y="148" width="46" height="17"/>
    </entry>
    <entry id="57" name="hsa:6652" type="gene" reaction="rn:R00875"
        link="http://www.kegg.jp/dbget-bin/www_bget?hsa:6652">
        <graphics name="SORD, HEL-S-95n, SORD1" fgcolor="#000000" bgcolor="#BFFFBF"
             type="rectangle" x="198" y="184" width="46" height="17"/>
    </entry>
    <entry id="58" name="ko:K01805" type="ortholog" reaction="rn:R00878"
        link="http://www.kegg.jp/dbget-bin/www_bget?K01805">
        <graphics name="K01805" fgcolor="#000000" bgcolor="#FFFFFF"
             type="rectangle" x="134" y="185" width="46" height="17"/>
    </entry>
    <entry id="59" name="hsa:3795" type="gene" reaction="rn:R00866"
        link="http://www.kegg.jp/dbget-bin/www_bget?hsa:3795">
        <graphics name="KHK" fgcolor="#000000" bgcolor="#BFFFBF"
             type="rectangle" x="310" y="947" width="46" height="17"/>
    </entry>
    <entry id="61" name="ko:K00007" type="ortholog" reaction="rn:R00868"
        link="http://www.kegg.jp/dbget-bin/www_bget?K00007">
        <graphics name="K00007" fgcolor="#000000" bgcolor="#FFFFFF"
             type="rectangle" x="409" y="155" width="46" height="17"/>
    </entry>
    <entry id="62" name="ko:K00045" type="ortholog" reaction="rn:R00868"
        link="http://www.kegg.jp/dbget-bin/www_bget?K00045">
        <graphics name="K00045" fgcolor="#000000" bgcolor="#FFFFFF"
             type="rectangle" x="409" y="174" width="46" height="17"/>
    </entry>
    <entry id="64" name="hsa:29085" type="gene" reaction="rn:R00872"
        link="http://www.kegg.jp/dbget-bin/www_bget?hsa:29085">
        <graphics name="PHPT1, CGI-202, HEL-S-132P, HSPC141, PHP14" fgcolor="#000000" bgcolor="#BFFFBF"
             type="rectangle" x="382" y="220" width="46" height="17"/>
    </entry>
    <entry id="66" name="ko:K02798 ko:K02799 ko:K02800" type="ortholog" reaction="rn:R02704"
        link="http://www.kegg.jp/dbget-bin/www_bget?K02798+K02799+K02800">
        <graphics name="K02798..." fgcolor="#000000" bgcolor="#FFFFFF"
             type="rectangle" x="708" y="181" width="46" height="17"/>
    </entry>
    <entry id="68" name="ko:K01218" type="ortholog" reaction="rn:R01332"
        link="http://www.kegg.jp/dbget-bin/www_bget?K01218">
        <graphics name="K01218" fgcolor="#000000" bgcolor="#FFFFFF"
             type="rectangle" x="149" y="374" width="46" height="17"/>
    </entry>
    <entry id="69" name="hsa:3098 hsa:3099 hsa:3101 hsa:80201" type="gene" reaction="rn:R01326"
        link="http://www.kegg.jp/dbget-bin/www_bget?hsa:3098+hsa:3099+hsa:3101+hsa:80201">
        <graphics name="HK1, HK1-ta, HK1-tb, HK1-tc, HKD, HKI, HMSNR, HXK1..." fgcolor="#000000" bgcolor="#BFFFBF"
             type="rectangle" x="310" y="306" width="46" height="17"/>
    </entry>
    <entry id="71" name="ko:K02793 ko:K02794 ko:K02795 ko:K02796" type="ortholog" reaction="rn:R02630"
        link="http://www.kegg.jp/dbget-bin/www_bget?K02793+K02794+K02795+K02796">
        <graphics name="K02793..." fgcolor="#000000" bgcolor="#FFFFFF"
             type="rectangle" x="310" y="287" width="46" height="17"/>
    </entry>
    <entry id="72" name="hsa:3098 hsa:3099 hsa:3101 hsa:80201" type="gene" reaction="rn:R00867"
        link="http://www.kegg.jp/dbget-bin/www_bget?hsa:3098+hsa:3099+hsa:3101+hsa:80201">
        <graphics name="HK1, HK1-ta, HK1-tb, HK1-tc, HKD, HKI, HMSNR, HXK1..." fgcolor="#000000" bgcolor="#BFFFBF"
             type="rectangle" x="473" y="265" width="46" height="17"/>
    </entry>
    <entry id="73" name="ko:K00847" type="ortholog" reaction="rn:R00867"
        link="http://www.kegg.jp/dbget-bin/www_bget?K00847">
        <graphics name="K00847" fgcolor="#000000" bgcolor="#FFFFFF"
             type="rectangle" x="523" y="265" width="46" height="17"/>
    </entry>
    <entry id="74" name="hsa:5207 hsa:5208 hsa:5209 hsa:5210 hsa:57103" type="gene" reaction="rn:R02731"
        link="http://www.kegg.jp/dbget-bin/www_bget?hsa:5207+hsa:5208+hsa:5209+hsa:5210+hsa:57103">
        <graphics name="PFKFB1, F6PK, HL2K, PFRX..." fgcolor="#000000" bgcolor="#BFFFBF"
             type="rectangle" x="801" y="252" width="46" height="17"/>
    </entry>
    <entry id="75" name="ko:K00900" type="ortholog" reaction="rn:R02732"
        link="http://www.kegg.jp/dbget-bin/www_bget?K00900">
        <graphics name="K00900" fgcolor="#000000" bgcolor="#FFFFFF"
             type="rectangle" x="844" y="271" width="46" height="17"/>
    </entry>
    <entry id="76" name="ko:K00009" type="ortholog" reaction="rn:R02703"
        link="http://www.kegg.jp/dbget-bin/www_bget?K00009">
        <graphics name="K00009" fgcolor="#000000" bgcolor="#FFFFFF"
             type="rectangle" x="878" y="236" width="46" height="17"/>
    </entry>
    <entry id="77" name="hsa:4351" type="gene" reaction="rn:R01819"
        link="http://www.kegg.jp/dbget-bin/www_bget?hsa:4351">
        <graphics name="MPI, CDG1B, PMI, PMI1" fgcolor="#000000" bgcolor="#BFFFBF"
             type="rectangle" x="632" y="307" width="46" height="17"/>
    </entry>
    <entry id="78" name="hsa:5372 hsa:5373" type="gene" reaction="rn:R01818"
        link="http://www.kegg.jp/dbget-bin/www_bget?hsa:5372+hsa:5373">
        <graphics name="PMM1, Sec53..." fgcolor="#000000" bgcolor="#BFFFBF"
             type="rectangle" x="397" y="335" width="46" height="17"/>
    </entry>
    <entry id="79" name="ko:K00754" type="ortholog" reaction="rn:R00890"
        link="http://www.kegg.jp/dbget-bin/www_bget?K00754">
        <graphics name="K00754" fgcolor="#000000" bgcolor="#FFFFFF"
             type="rectangle" x="281" y="460" width="46" height="17"/>
    </entry>
    <entry id="80" name="hsa:8790" type="gene" reaction="rn:R01951"
        link="http://www.kegg.jp/dbget-bin/www_bget?hsa:8790">
        <graphics name="FPGT, GFPP" fgcolor="#000000" bgcolor="#BFFFBF"
             type="rectangle" x="397" y="615" width="46" height="17"/>
    </entry>
    <entry id="81" name="hsa:7264" type="gene" reaction="rn:R05692"
        link="http://www.kegg.jp/dbget-bin/www_bget?hsa:7264">
        <graphics name="TSTA3, FX, P35B, SDR4E1" fgcolor="#000000" bgcolor="#BFFFBF"
             type="rectangle" x="397" y="548" width="46" height="17"/>
    </entry>
    <entry id="82" name="hsa:2762" type="gene" reaction="rn:R00888"
        link="http://www.kegg.jp/dbget-bin/www_bget?hsa:2762">
        <graphics name="GMDS, GMD, SDR3E1" fgcolor="#000000" bgcolor="#BFFFBF"
             type="rectangle" x="397" y="488" width="46" height="17"/>
    </entry>
    <entry id="83" name="hsa:29925 hsa:29926" type="gene" reaction="rn:R00885"
        link="http://www.kegg.jp/dbget-bin/www_bget?hsa:29925+hsa:29926">
        <graphics name="GMPPB, MDDGA14, MDDGB14, MDDGC14..." fgcolor="#000000" bgcolor="#BFFFBF"
             type="rectangle" x="372" y="412" width="46" height="17"/>
    </entry>
    <entry id="85" name="ko:K00068" type="ortholog" reaction="rn:R05607"
        link="http://www.kegg.jp/dbget-bin/www_bget?K00068">
        <graphics name="K00068" fgcolor="#000000" bgcolor="#FFFFFF"
             type="rectangle" x="895" y="340" width="46" height="17"/>
    </entry>
    <entry id="86" name="ko:K02781 ko:K02782 ko:K02783" type="ortholog" reaction="rn:R05820"
        link="http://www.kegg.jp/dbget-bin/www_bget?K02781+K02782+K02783">
        <graphics name="K02781..." fgcolor="#000000" bgcolor="#FFFFFF"
             type="rectangle" x="896" y="434" width="46" height="17"/>
    </entry>
    <entry id="87" name="hsa:5211 hsa:5213 hsa:5214" type="gene" reaction="rn:R04779"
        link="http://www.kegg.jp/dbget-bin/www_bget?hsa:5211+hsa:5213+hsa:5214">
        <graphics name="PFKL, PFK-B..." fgcolor="#000000" bgcolor="#BFFFBF"
             type="rectangle" x="864" y="401" width="46" height="17"/>
    </entry>
    <entry id="88" name="ko:K00895" type="ortholog" reaction="rn:R02073"
        link="http://www.kegg.jp/dbget-bin/www_bget?K00895">
        <graphics name="K00895" fgcolor="#000000" bgcolor="#FFFFFF"
             type="rectangle" x="823" y="430" width="46" height="17"/>
    </entry>
    <entry id="89" name="ko:K01729" type="ortholog" reaction="rn:R03706"
        link="http://www.kegg.jp/dbget-bin/www_bget?K01729">
        <graphics name="K01729" fgcolor="#000000" bgcolor="#FFFFFF"
             type="rectangle" x="647" y="573" width="46" height="17"/>
    </entry>
    <entry id="91" name="ko:K00882" type="ortholog" reaction="rn:R02071"
        link="http://www.kegg.jp/dbget-bin/www_bget?K00882">
        <graphics name="K00882" fgcolor="#000000" bgcolor="#FFFFFF"
             type="rectangle" x="939" y="721" width="46" height="17"/>
    </entry>
    <entry id="92" name="hsa:7167" type="gene" reaction="rn:R01015"
        link="http://www.kegg.jp/dbget-bin/www_bget?hsa:7167">
        <graphics name="TPI1, HEL-S-49, TIM, TPI, TPID" fgcolor="#000000" bgcolor="#BFFFBF"
             type="rectangle" x="823" y="663" width="46" height="17"/>
    </entry>
    <entry id="93" name="hsa:226 hsa:229 hsa:230" type="gene" reaction="rn:R02568"
        link="http://www.kegg.jp/dbget-bin/www_bget?hsa:226+hsa:229+hsa:230">
        <graphics name="ALDOA, ALDA, GSD12, HEL-S-87p..." fgcolor="#000000" bgcolor="#BFFFBF"
             type="rectangle" x="523" y="951" width="46" height="17"/>
    </entry>
    <entry id="95" name="hsa:226 hsa:229 hsa:230" type="gene" reaction="rn:R01070"
        link="http://www.kegg.jp/dbget-bin/www_bget?hsa:226+hsa:229+hsa:230">
        <graphics name="ALDOA, ALDA, GSD12, HEL-S-87p..." fgcolor="#000000" bgcolor="#BFFFBF"
             type="rectangle" x="823" y="576" width="46" height="17"/>
    </entry>
    <entry id="96" name="path:hsa00010" type="map"
        link="http://www.kegg.jp/dbget-bin/www_bget?hsa00010">
        <graphics name="Glycolysis / Gluconeogenesis" fgcolor="#000000" bgcolor="#FFFFFF"
             type="roundrectangle" x="969" y="303" width="70" height="25"/>
    </entry>
    <entry id="97" name="ko:K01813" type="ortholog" reaction="rn:R02437"
        link="http://www.kegg.jp/dbget-bin/www_bget?K01813">
        <graphics name="K01813" fgcolor="#000000" bgcolor="#FFFFFF"
             type="rectangle" x="223" y="892" width="46" height="17"/>
    </entry>
    <entry id="98" name="ko:K00848" type="ortholog" reaction="rn:R03014"
        link="http://www.kegg.jp/dbget-bin/www_bget?K00848">
        <graphics name="K00848" fgcolor="#000000" bgcolor="#FFFFFF"
             type="rectangle" x="310" y="922" width="46" height="17"/>
    </entry>
    <entry id="99" name="ko:K18337" type="ortholog" reaction="rn:R03942"
        link="http://www.kegg.jp/dbget-bin/www_bget?K18337">
        <graphics name="K18337" fgcolor="#000000" bgcolor="#FFFFFF"
             type="rectangle" x="262" y="820" width="46" height="17"/>
    </entry>
    <entry id="100" name="ko:K01629" type="ortholog" reaction="rn:R02263"
        link="http://www.kegg.jp/dbget-bin/www_bget?K01629">
        <graphics name="K01629" fgcolor="#000000" bgcolor="#FFFFFF"
             type="rectangle" x="523" y="922" width="46" height="17"/>
    </entry>
    <entry id="101" name="ko:K18338" type="ortholog" reaction="rn:R03772"
        link="http://www.kegg.jp/dbget-bin/www_bget?K18338">
        <graphics name="K18338" fgcolor="#000000" bgcolor="#FFFFFF"
             type="rectangle" x="351" y="820" width="46" height="17"/>
    </entry>
    <entry id="102" name="ko:K12661" type="ortholog" reaction="rn:R03774"
        link="http://www.kegg.jp/dbget-bin/www_bget?K12661">
        <graphics name="K12661" fgcolor="#000000" bgcolor="#FFFFFF"
             type="rectangle" x="447" y="820" width="46" height="17"/>
    </entry>
    <entry id="103" name="ko:K12660 ko:K18339" type="ortholog" reaction="rn:R02261"
        link="http://www.kegg.jp/dbget-bin/www_bget?K12660+K18339">
        <graphics name="K12660..." fgcolor="#000000" bgcolor="#FFFFFF"
             type="rectangle" x="588" y="820" width="46" height="17"/>
    </entry>
    <entry id="104" name="hsa:2203 hsa:8789" type="gene" reaction="rn:R04780"
        link="http://www.kegg.jp/dbget-bin/www_bget?hsa:2203+hsa:8789">
        <graphics name="FBP1, FBP..." fgcolor="#000000" bgcolor="#BFFFBF"
             type="rectangle" x="779" y="401" width="46" height="17"/>
    </entry>
    <entry id="105" name="path:hsa00051" type="map"
        link="http://www.kegg.jp/dbget-bin/www_bget?hsa00051">
        <graphics name="TITLE:Fructose and mannose metabolism" fgcolor="#000000" bgcolor="#FFFFFF"
             type="roundrectangle" x="192" y="58" width="304" height="25"/>
    </entry>
    <entry id="106" name="path:hsa00520" type="map"
        link="http://www.kegg.jp/dbget-bin/www_bget?hsa00520">
        <graphics name="Amino sugar and nucleotide sugar metabolism" fgcolor="#000000" bgcolor="#FFFFFF"
             type="roundrectangle" x="83" y="306" width="103" height="45"/>
    </entry>
    <entry id="107" name="ko:K00066" type="ortholog" reaction="rn:R00880"
        link="http://www.kegg.jp/dbget-bin/www_bget?K00066">
        <graphics name="K00066" fgcolor="#000000" bgcolor="#FFFFFF"
             type="rectangle" x="548" y="460" width="46" height="17"/>
    </entry>
    <entry id="108" name="ko:K00754" type="ortholog" reaction="rn:R00887"
        link="http://www.kegg.jp/dbget-bin/www_bget?K00754">
        <graphics name="K00754" fgcolor="#000000" bgcolor="#FFFFFF"
             type="rectangle" x="281" y="411" width="46" height="17"/>
    </entry>
    <entry id="112" name="ko:K18447" type="ortholog" reaction="rn:R02677"
        link="http://www.kegg.jp/dbget-bin/www_bget?K18447">
        <graphics name="K18447" fgcolor="#000000" bgcolor="#FFFFFF"
             type="rectangle" x="346" y="364" width="46" height="17"/>
    </entry>
    <entry id="114" name="ko:K00100" type="ortholog" reaction="rn:R03234"
        link="http://www.kegg.jp/dbget-bin/www_bget?K00100">
        <graphics name="K00100" fgcolor="#000000" bgcolor="#FFFFFF"
             type="rectangle" x="948" y="401" width="46" height="17"/>
    </entry>
    <entry id="115" name="ko:K02812 ko:K02813 ko:K02814 ko:K02815" type="ortholog" reaction="rn:R04076"
        link="http://www.kegg.jp/dbget-bin/www_bget?K02812+K02813+K02814+K02815">
        <graphics name="K02812..." fgcolor="#000000" bgcolor="#FFFFFF"
             type="rectangle" x="949" y="479" width="46" height="17"/>
    </entry>
    <entry id="116" name="hsa:197258" type="gene" reaction="rn:R03161"
        link="http://www.kegg.jp/dbget-bin/www_bget?hsa:197258">
        <graphics name="FUK, 1110046B12Rik" fgcolor="#000000" bgcolor="#BFFFBF"
             type="rectangle" x="310" y="645" width="46" height="17"/>
    </entry>
    <entry id="118" name="cpd:C00247" type="compound"
        link="http://www.kegg.jp/dbget-bin/www_bget?C00247">
        <graphics name="C00247" fgcolor="#000000" bgcolor="#FFFFFF"
             type="circle" x="223" y="94" width="8" height="8"/>
    </entry>
    <entry id="119" name="cpd:C00267" type="compound"
        link="http://www.kegg.jp/dbget-bin/www_bget?C00267">
        <graphics name="C00267" fgcolor="#000000" bgcolor="#FFFFFF"
             type="circle" x="135" y="147" width="8" height="8"/>
    </entry>
    <entry id="120" name="cpd:C01094" type="compound"
        link="http://www.kegg.jp/dbget-bin/www_bget?C01094">
        <graphics name="C01094" fgcolor="#000000" bgcolor="#FFFFFF"
             type="circle" x="397" y="957" width="8" height="8"/>
    </entry>
    <entry id="121" name="cpd:C00159" type="compound"
        link="http://www.kegg.jp/dbget-bin/www_bget?C00159">
        <graphics name="C00159" fgcolor="#000000" bgcolor="#FFFFFF"
             type="circle" x="223" y="306" width="8" height="8"/>
    </entry>
    <entry id="122" name="cpd:C00275" type="compound"
        link="http://www.kegg.jp/dbget-bin/www_bget?C00275">
        <graphics name="C00275" fgcolor="#000000" bgcolor="#FFFFFF"
             type="circle" x="397" y="306" width="8" height="8"/>
    </entry>
    <entry id="123" name="cpd:C00392" type="compound"
        link="http://www.kegg.jp/dbget-bin/www_bget?C00392">
        <graphics name="C00392" fgcolor="#000000" bgcolor="#FFFFFF"
             type="circle" x="505" y="174" width="8" height="8"/>
    </entry>
    <entry id="124" name="cpd:C00644" type="compound"
        link="http://www.kegg.jp/dbget-bin/www_bget?C00644">
        <graphics name="C00644" fgcolor="#000000" bgcolor="#FFFFFF"
             type="circle" x="878" y="174" width="8" height="8"/>
    </entry>
    <entry id="125" name="cpd:C03267" type="compound"
        link="http://www.kegg.jp/dbget-bin/www_bget?C03267">
        <graphics name="C03267" fgcolor="#000000" bgcolor="#FFFFFF"
             type="circle" x="548" y="221" width="8" height="8"/>
    </entry>
    <entry id="126" name="cpd:C00665" type="compound"
        link="http://www.kegg.jp/dbget-bin/www_bget?C00665">
        <graphics name="C00665" fgcolor="#000000" bgcolor="#FFFFFF"
             type="circle" x="822" y="221" width="8" height="8"/>
    </entry>
    <entry id="127" name="cpd:C00794" type="compound"
        link="http://www.kegg.jp/dbget-bin/www_bget?C00794">
        <graphics name="C00794" fgcolor="#000000" bgcolor="#FFFFFF"
             type="circle" x="895" y="469" width="8" height="8"/>
    </entry>
    <entry id="128" name="cpd:C00464" type="compound"
        link="http://www.kegg.jp/dbget-bin/www_bget?C00464">
        <graphics name="C00464" fgcolor="#000000" bgcolor="#FFFFFF"
             type="circle" x="223" y="410" width="8" height="8"/>
    </entry>
    <entry id="129" name="cpd:C02492" type="compound"
        link="http://www.kegg.jp/dbget-bin/www_bget?C02492">
        <graphics name="C02492" fgcolor="#000000" bgcolor="#FFFFFF"
             type="circle" x="149" y="459" width="8" height="8"/>
    </entry>
    <entry id="130" name="cpd:C01096" type="compound"
        link="http://www.kegg.jp/dbget-bin/www_bget?C01096">
        <graphics name="C01096" fgcolor="#000000" bgcolor="#FFFFFF"
             type="circle" x="895" y="379" width="8" height="8"/>
    </entry>
    <entry id="131" name="cpd:C00325" type="compound"
        link="http://www.kegg.jp/dbget-bin/www_bget?C00325">
        <graphics name="C00325" fgcolor="#000000" bgcolor="#FFFFFF"
             type="circle" x="397" y="582" width="8" height="8"/>
    </entry>
    <entry id="132" name="cpd:C01768" type="compound"
        link="http://www.kegg.jp/dbget-bin/www_bget?C01768">
        <graphics name="C01768" fgcolor="#000000" bgcolor="#FFFFFF"
             type="circle" x="672" y="538" width="8" height="8"/>
    </entry>
    <entry id="133" name="cpd:C00577" type="compound"
        link="http://www.kegg.jp/dbget-bin/www_bget?C00577">
        <graphics name="C00577" fgcolor="#000000" bgcolor="#FFFFFF"
             type="circle" x="877" y="818" width="8" height="8"/>
    </entry>
    <entry id="134" name="cpd:C00507" type="compound"
        link="http://www.kegg.jp/dbget-bin/www_bget?C00507">
        <graphics name="C00507" fgcolor="#000000" bgcolor="#FFFFFF"
             type="circle" x="223" y="862" width="8" height="8"/>
    </entry>
    <entry id="135" name="cpd:C00861" type="compound"
        link="http://www.kegg.jp/dbget-bin/www_bget?C00861">
        <graphics name="C00861" fgcolor="#000000" bgcolor="#FFFFFF"
             type="circle" x="223" y="921" width="8" height="8"/>
    </entry>
    <entry id="136" name="cpd:C01131" type="compound"
        link="http://www.kegg.jp/dbget-bin/www_bget?C01131">
        <graphics name="C01131" fgcolor="#000000" bgcolor="#FFFFFF"
             type="circle" x="397" y="921" width="8" height="8"/>
    </entry>
    <entry id="137" name="cpd:C02431" type="compound"
        link="http://www.kegg.jp/dbget-bin/www_bget?C02431">
        <graphics name="C02431" fgcolor="#000000" bgcolor="#FFFFFF"
             type="circle" x="223" y="819" width="8" height="8"/>
    </entry>
    <entry id="138" name="cpd:C01934" type="compound"
        link="http://www.kegg.jp/dbget-bin/www_bget?C01934">
        <graphics name="C01934" fgcolor="#000000" bgcolor="#FFFFFF"
             type="circle" x="404" y="819" width="8" height="8"/>
    </entry>
    <entry id="139" name="cpd:C03979" type="compound"
        link="http://www.kegg.jp/dbget-bin/www_bget?C03979">
        <graphics name="C03979" fgcolor="#000000" bgcolor="#FFFFFF"
             type="circle" x="499" y="819" width="8" height="8"/>
    </entry>
    <entry id="140" name="cpd:C00118" type="compound"
        link="http://www.kegg.jp/dbget-bin/www_bget?C00118">
        <graphics name="C00118" fgcolor="#000000" bgcolor="#FFFFFF"
             type="circle" x="823" y="618" width="8" height="8"/>
    </entry>
    <entry id="141" name="cpd:C00096" type="compound"
        link="http://www.kegg.jp/dbget-bin/www_bget?C00096">
        <graphics name="C00096" fgcolor="#000000" bgcolor="#FFFFFF"
             type="circle" x="397" y="459" width="8" height="8"/>
    </entry>
    <entry id="142" name="cpd:C05345" type="compound"
        link="http://www.kegg.jp/dbget-bin/www_bget?C05345">
        <graphics name="C05345" fgcolor="#000000" bgcolor="#FFFFFF"
             type="circle" x="823" y="306" width="8" height="8"/>
    </entry>
    <entry id="143" name="cpd:C00976" type="compound"
        link="http://www.kegg.jp/dbget-bin/www_bget?C00976">
        <graphics name="C00976" fgcolor="#000000" bgcolor="#FFFFFF"
             type="circle" x="672" y="459" width="8" height="8"/>
    </entry>
    <entry id="144" name="cpd:C01222" type="compound"
        link="http://www.kegg.jp/dbget-bin/www_bget?C01222">
        <graphics name="C01222" fgcolor="#000000" bgcolor="#FFFFFF"
             type="circle" x="397" y="522" width="8" height="8"/>
    </entry>
    <entry id="145" name="cpd:C02985" type="compound"
        link="http://www.kegg.jp/dbget-bin/www_bget?C02985">
        <graphics name="C02985" fgcolor="#000000" bgcolor="#FFFFFF"
             type="circle" x="397" y="644" width="8" height="8"/>
    </entry>
    <entry id="146" name="cpd:C05392" type="compound"
        link="http://www.kegg.jp/dbget-bin/www_bget?C05392">
        <graphics name="C05392" fgcolor="#000000" bgcolor="#FFFFFF"
             type="circle" x="672" y="612" width="8" height="8"/>
    </entry>
    <entry id="149" name="ko:K15856" type="ortholog" reaction="rn:R03397 rn:R03399"
        link="http://www.kegg.jp/dbget-bin/www_bget?K15856">
        <graphics name="K15856" fgcolor="#000000" bgcolor="#FFFFFF"
             type="rectangle" x="548" y="600" width="46" height="17"/>
    </entry>
    <entry id="152" name="cpd:C02977" type="compound"
        link="http://www.kegg.jp/dbget-bin/www_bget?C02977">
        <graphics name="C02977" fgcolor="#000000" bgcolor="#FFFFFF"
             type="circle" x="608" y="522" width="8" height="8"/>
    </entry>
    <entry id="153" name="cpd:C03117" type="compound"
        link="http://www.kegg.jp/dbget-bin/www_bget?C03117">
        <graphics name="C03117" fgcolor="#000000" bgcolor="#FFFFFF"
             type="circle" x="608" y="589" width="8" height="8"/>
    </entry>
    <entry id="154" name="cpd:C00095" type="compound"
        link="http://www.kegg.jp/dbget-bin/www_bget?C00095">
        <graphics name="C00095" fgcolor="#000000" bgcolor="#FFFFFF"
             type="circle" x="223" y="221" width="8" height="8"/>
    </entry>
    <entry id="155" name="cpd:C00794" type="compound"
        link="http://www.kegg.jp/dbget-bin/www_bget?C00794">
        <graphics name="C00794" fgcolor="#000000" bgcolor="#FFFFFF"
             type="circle" x="223" y="147" width="8" height="8"/>
    </entry>
    <entry id="156" name="cpd:C00636" type="compound"
        link="http://www.kegg.jp/dbget-bin/www_bget?C00636">
        <graphics name="C00636" fgcolor="#000000" bgcolor="#FFFFFF"
             type="circle" x="397" y="364" width="8" height="8"/>
    </entry>
    <entry id="157" name="cpd:C05378" type="compound"
        link="http://www.kegg.jp/dbget-bin/www_bget?C05378">
        <graphics name="C05378" fgcolor="#000000" bgcolor="#FFFFFF"
             type="circle" x="823" y="530" width="8" height="8"/>
    </entry>
    <entry id="158" name="cpd:C02991" type="compound"
        link="http://www.kegg.jp/dbget-bin/www_bget?C02991">
        <graphics name="C02991" fgcolor="#000000" bgcolor="#FFFFFF"
             type="circle" x="309" y="819" width="8" height="8"/>
    </entry>
    <entry id="159" name="cpd:C01355" type="compound"
        link="http://www.kegg.jp/dbget-bin/www_bget?C01355">
        <graphics name="C01355" fgcolor="#000000" bgcolor="#FFFFFF"
             type="circle" x="323" y="253" width="8" height="8"/>
    </entry>
    <entry id="160" name="cpd:C01019" type="compound"
        link="http://www.kegg.jp/dbget-bin/www_bget?C01019">
        <graphics name="C01019" fgcolor="#000000" bgcolor="#FFFFFF"
             type="circle" x="223" y="644" width="8" height="8"/>
    </entry>
    <entry id="165" name="ko:K00879" type="ortholog" reaction="rn:R03241"
        link="http://www.kegg.jp/dbget-bin/www_bget?K00879">
        <graphics name="K00879" fgcolor="#000000" bgcolor="#FFFFFF"
             type="rectangle" x="310" y="704" width="46" height="17"/>
    </entry>
    <entry id="166" name="ko:K01628" type="ortholog" reaction="rn:R02262"
        link="http://www.kegg.jp/dbget-bin/www_bget?K01628">
        <graphics name="K01628" fgcolor="#000000" bgcolor="#FFFFFF"
             type="rectangle" x="523" y="704" width="46" height="17"/>
    </entry>
    <entry id="167" name="ko:K01818" type="ortholog" reaction="rn:R03163"
        link="http://www.kegg.jp/dbget-bin/www_bget?K01818">
        <graphics name="K01818" fgcolor="#000000" bgcolor="#FFFFFF"
             type="rectangle" x="223" y="675" width="46" height="17"/>
    </entry>
    <entry id="168" name="cpd:C00111" type="compound"
        link="http://www.kegg.jp/dbget-bin/www_bget?C00111">
        <graphics name="C00111" fgcolor="#000000" bgcolor="#FFFFFF"
             type="circle" x="823" y="703" width="8" height="8"/>
    </entry>
    <entry id="169" name="cpd:C01099" type="compound"
        link="http://www.kegg.jp/dbget-bin/www_bget?C01099">
        <graphics name="C01099" fgcolor="#000000" bgcolor="#FFFFFF"
             type="circle" x="397" y="703" width="8" height="8"/>
    </entry>
    <entry id="170" name="cpd:C01721" type="compound"
        link="http://www.kegg.jp/dbget-bin/www_bget?C01721">
        <graphics name="C01721" fgcolor="#000000" bgcolor="#FFFFFF"
             type="circle" x="223" y="703" width="8" height="8"/>
    </entry>
    <entry id="171" name="cpd:C06192" type="compound"
        link="http://www.kegg.jp/dbget-bin/www_bget?C06192">
        <graphics name="C06192" fgcolor="#000000" bgcolor="#FFFFFF"
             type="circle" x="302" y="364" width="8" height="8"/>
    </entry>
    <entry id="172" name="cpd:C02888" type="compound"
        link="http://www.kegg.jp/dbget-bin/www_bget?C02888">
        <graphics name="C02888" fgcolor="#000000" bgcolor="#FFFFFF"
             type="circle" x="948" y="436" width="8" height="8"/>
    </entry>
    <entry id="173" name="cpd:C00247" type="compound"
        link="http://www.kegg.jp/dbget-bin/www_bget?C00247">
        <graphics name="C00247" fgcolor="#000000" bgcolor="#FFFFFF"
             type="circle" x="948" y="512" width="8" height="8"/>
    </entry>
    <entry id="178" name="path:hsa00510" type="map"
        link="http://www.kegg.jp/dbget-bin/www_bget?hsa00510">
        <graphics name="N-Glycan biosynthesis" fgcolor="#000000" bgcolor="#FFFFFF"
             type="roundrectangle" x="326" y="523" width="80" height="34"/>
    </entry>
    <entry id="180" name="ko:K05947" type="ortholog" reaction="rn:R05768"
        link="http://www.kegg.jp/dbget-bin/www_bget?K05947">
        <graphics name="K05947" fgcolor="#000000" bgcolor="#FFFFFF"
             type="rectangle" x="514" y="387" width="46" height="17"/>
    </entry>
    <entry id="181" name="cpd:C11516" type="compound"
        link="http://www.kegg.jp/dbget-bin/www_bget?C11516">
        <graphics name="C11516" fgcolor="#000000" bgcolor="#FFFFFF"
             type="circle" x="514" y="349" width="8" height="8"/>
    </entry>
    <entry id="183" name="cpd:C11544" type="compound"
        link="http://www.kegg.jp/dbget-bin/www_bget?C11544">
        <graphics name="C11544" fgcolor="#000000" bgcolor="#FFFFFF"
             type="circle" x="674" y="349" width="8" height="8"/>
    </entry>
    <entry id="184" name="ko:K07026" type="ortholog" reaction="rn:R05790"
        link="http://www.kegg.jp/dbget-bin/www_bget?K07026">
        <graphics name="K07026" fgcolor="#000000" bgcolor="#FFFFFF"
             type="rectangle" x="594" y="350" width="46" height="17"/>
    </entry>
    <entry id="187" name="ko:K03332" type="ortholog" reaction="rn:R00879"
        link="http://www.kegg.jp/dbget-bin/www_bget?K03332">
        <graphics name="K03332" fgcolor="#000000" bgcolor="#FFFFFF"
             type="rectangle" x="278" y="253" width="46" height="17"/>
    </entry>
    <entry id="189" name="ko:K17195" type="ortholog" reaction="rn:R09031"
        link="http://www.kegg.jp/dbget-bin/www_bget?K17195">
        <graphics name="K17195" fgcolor="#000000" bgcolor="#FFFFFF"
             type="rectangle" x="926" y="266" width="46" height="17"/>
    </entry>
    <entry id="190" name="cpd:C18096" type="compound"
        link="http://www.kegg.jp/dbget-bin/www_bget?C18096">
        <graphics name="C18096" fgcolor="#000000" bgcolor="#FFFFFF"
             type="circle" x="926" y="235" width="8" height="8"/>
    </entry>
    <entry id="192" name="ko:K01808" type="ortholog" reaction="rn:R09030"
        link="http://www.kegg.jp/dbget-bin/www_bget?K01808">
        <graphics name="K01808" fgcolor="#000000" bgcolor="#FFFFFF"
             type="rectangle" x="926" y="199" width="46" height="17"/>
    </entry>
    <entry id="193" name="cpd:C02962" type="compound"
        link="http://www.kegg.jp/dbget-bin/www_bget?C02962">
        <graphics name="C02962" fgcolor="#000000" bgcolor="#FFFFFF"
             type="circle" x="926" y="170" width="8" height="8"/>
    </entry>
    <entry id="194" name="ko:K00881" type="ortholog" reaction="rn:R03576"
        link="http://www.kegg.jp/dbget-bin/www_bget?K00881">
        <graphics name="K00881" fgcolor="#000000" bgcolor="#FFFFFF"
             type="rectangle" x="926" y="135" width="46" height="17"/>
    </entry>
    <entry id="195" name="cpd:C01487" type="compound"
        link="http://www.kegg.jp/dbget-bin/www_bget?C01487">
        <graphics name="C01487" fgcolor="#000000" bgcolor="#FFFFFF"
             type="circle" x="926" y="107" width="8" height="8"/>
    </entry>
    <entry id="197" name="ko:K00064 ko:K18333" type="ortholog" reaction="rn:R08926"
        link="http://www.kegg.jp/dbget-bin/www_bget?K00064+K18333">
        <graphics name="K00064..." fgcolor="#000000" bgcolor="#FFFFFF"
             type="rectangle" x="262" y="746" width="46" height="17"/>
    </entry>
    <entry id="198" name="cpd:C18028" type="compound"
        link="http://www.kegg.jp/dbget-bin/www_bget?C18028">
        <graphics name="C18028" fgcolor="#000000" bgcolor="#FFFFFF"
             type="circle" x="309" y="745" width="8" height="8"/>
    </entry>
    <entry id="200" name="cpd:C01720" type="compound"
        link="http://www.kegg.jp/dbget-bin/www_bget?C01720">
        <graphics name="C01720" fgcolor="#000000" bgcolor="#FFFFFF"
             type="circle" x="404" y="745" width="8" height="8"/>
    </entry>
    <entry id="201" name="ko:K07046" type="ortholog" reaction="rn:R10689"
        link="http://www.kegg.jp/dbget-bin/www_bget?K07046">
        <graphics name="K07046" fgcolor="#000000" bgcolor="#FFFFFF"
             type="rectangle" x="351" y="746" width="46" height="17"/>
    </entry>
    <entry id="202" name="cpd:C03827" type="compound"
        link="http://www.kegg.jp/dbget-bin/www_bget?C03827">
        <graphics name="C03827" fgcolor="#000000" bgcolor="#FFFFFF"
             type="circle" x="499" y="745" width="8" height="8"/>
    </entry>
    <entry id="204" name="ko:K18334" type="ortholog" reaction="rn:R03688"
        link="http://www.kegg.jp/dbget-bin/www_bget?K18334">
        <graphics name="K18334" fgcolor="#000000" bgcolor="#FFFFFF"
             type="rectangle" x="447" y="746" width="46" height="17"/>
    </entry>
    <entry id="205" name="cpd:C20781" type="compound"
        link="http://www.kegg.jp/dbget-bin/www_bget?C20781">
        <graphics name="C20781" fgcolor="#000000" bgcolor="#FFFFFF"
             type="circle" x="594" y="745" width="8" height="8"/>
    </entry>
    <entry id="207" name="ko:K18335" type="ortholog" reaction="rn:R10690"
        link="http://www.kegg.jp/dbget-bin/www_bget?K18335">
        <graphics name="K18335" fgcolor="#000000" bgcolor="#FFFFFF"
             type="rectangle" x="541" y="746" width="46" height="17"/>
    </entry>
    <entry id="209" name="ko:K18336" type="ortholog" reaction="rn:R10691"
        link="http://www.kegg.jp/dbget-bin/www_bget?K18336">
        <graphics name="K18336" fgcolor="#000000" bgcolor="#FFFFFF"
             type="rectangle" x="637" y="746" width="46" height="17"/>
    </entry>
    <entry id="210" name="path:hsa00620" type="map"
        link="http://www.kegg.jp/dbget-bin/www_bget?hsa00620">
        <graphics name="Pyruvate metabolism" fgcolor="#000000" bgcolor="#FFFFFF"
             type="roundrectangle" x="763" y="745" width="69" height="34"/>
    </entry>
    <entry id="211" name="cpd:C00424" type="compound"
        link="http://www.kegg.jp/dbget-bin/www_bget?C00424">
        <graphics name="C00424" fgcolor="#000000" bgcolor="#FFFFFF"
             type="circle" x="689" y="819" width="8" height="8"/>
    </entry>
    <entry id="212" name="path:hsa00520" type="map"
        link="http://www.kegg.jp/dbget-bin/www_bget?hsa00520">
        <graphics name="Amino sugar and nucleotide sugar metabolism" fgcolor="#000000" bgcolor="#FFFFFF"
             type="roundrectangle" x="673" y="384" width="154" height="34"/>
    </entry>
    <entry id="213" name="path:hsa00010" type="map"
        link="http://www.kegg.jp/dbget-bin/www_bget?hsa00010">
        <graphics name="Glycolysis / Gluconeogenesis" fgcolor="#000000" bgcolor="#FFFFFF"
             type="roundrectangle" x="741" y="619" width="70" height="25"/>
    </entry>
    <entry id="214" name="cpd:C00186" type="compound"
        link="http://www.kegg.jp/dbget-bin/www_bget?C00186">
        <graphics name="C00186" fgcolor="#000000" bgcolor="#FFFFFF"
             type="circle" x="689" y="745" width="8" height="8"/>
    </entry>
    <relation entry1="56" entry2="57" type="ECrel">
        <subtype name="compound" value="155"/>
    </relation>
    <relation entry1="57" entry2="59" type="ECrel">
        <subtype name="compound" value="154"/>
    </relation>
    <relation entry1="57" entry2="72" type="ECrel">
        <subtype name="compound" value="154"/>
    </relation>
    <relation entry1="57" entry2="64" type="ECrel">
        <subtype name="compound" value="154"/>
    </relation>
    <relation entry1="59" entry2="72" type="ECrel">
        <subtype name="compound" value="154"/>
    </relation>
    <relation entry1="59" entry2="64" type="ECrel">
        <subtype name="compound" value="154"/>
    </relation>
    <relation entry1="64" entry2="72" type="ECrel">
        <subtype name="compound" value="154"/>
    </relation>
    <relation entry1="74" entry2="87" type="ECrel">
        <subtype name="compound" value="142"/>
    </relation>
    <relation entry1="74" entry2="104" type="ECrel">
        <subtype name="compound" value="142"/>
    </relation>
    <relation entry1="74" entry2="77" type="ECrel">
        <subtype name="compound" value="142"/>
    </relation>
    <relation entry1="72" entry2="74" type="ECrel">
        <subtype name="compound" value="142"/>
    </relation>
    <relation entry1="77" entry2="87" type="ECrel">
        <subtype name="compound" value="142"/>
    </relation>
    <relation entry1="72" entry2="87" type="ECrel">
        <subtype name="compound" value="142"/>
    </relation>
    <relation entry1="77" entry2="104" type="ECrel">
        <subtype name="compound" value="142"/>
    </relation>
    <relation entry1="72" entry2="104" type="ECrel">
        <subtype name="compound" value="142"/>
    </relation>
    <relation entry1="72" entry2="77" type="ECrel">
        <subtype name="compound" value="142"/>
    </relation>
    <relation entry1="95" entry2="104" type="ECrel">
        <subtype name="compound" value="157"/>
    </relation>
    <relation entry1="87" entry2="95" type="ECrel">
        <subtype name="compound" value="157"/>
    </relation>
    <relation entry1="77" entry2="78" type="ECrel">
        <subtype name="compound" value="122"/>
    </relation>
    <relation entry1="69" entry2="77" type="ECrel">
        <subtype name="compound" value="122"/>
    </relation>
    <relation entry1="69" entry2="78" type="ECrel">
        <subtype name="compound" value="122"/>
    </relation>
    <relation entry1="78" entry2="83" type="ECrel">
        <subtype name="compound" value="156"/>
    </relation>
    <relation entry1="82" entry2="83" type="ECrel">
        <subtype name="compound" value="141"/>
    </relation>
    <relation entry1="81" entry2="82" type="ECrel">
        <subtype name="compound" value="144"/>
    </relation>
    <relation entry1="80" entry2="81" type="ECrel">
        <subtype name="compound" value="131"/>
    </relation>
    <relation entry1="80" entry2="116" type="ECrel">
        <subtype name="compound" value="145"/>
    </relation>
    <relation entry1="92" entry2="93" type="ECrel">
        <subtype name="compound" value="168"/>
    </relation>
    <relation entry1="92" entry2="95" type="ECrel">
        <subtype name="compound" value="140"/>
    </relation>
    <relation entry1="59" entry2="93" type="ECrel">
        <subtype name="compound" value="120"/>
    </relation>
    <relation entry1="82" entry2="178" type="maplink">
        <subtype name="compound" value="141"/>
    </relation>
    <relation entry1="178" entry2="83" type="maplink">
        <subtype name="compound" value="141"/>
    </relation>
    <relation entry1="106" entry2="59" type="maplink">
        <subtype name="compound" value="154"/>
    </relation>
    <relation entry1="106" entry2="57" type="maplink">
        <subtype name="compound" value="154"/>
    </relation>
    <relation entry1="106" entry2="64" type="maplink">
        <subtype name="compound" value="154"/>
    </relation>
    <relation entry1="106" entry2="72" type="maplink">
        <subtype name="compound" value="154"/>
    </relation>
    <relation entry1="106" entry2="69" type="maplink">
        <subtype name="compound" value="121"/>
    </relation>
    <relation entry1="106" entry2="116" type="maplink">
        <subtype name="compound" value="160"/>
    </relation>
    <relation entry1="74" entry2="96" type="maplink">
        <subtype name="compound" value="142"/>
    </relation>
    <relation entry1="72" entry2="96" type="maplink">
        <subtype name="compound" value="142"/>
    </relation>
    <relation entry1="77" entry2="96" type="maplink">
        <subtype name="compound" value="142"/>
    </relation>
    <relation entry1="104" entry2="96" type="maplink">
        <subtype name="compound" value="142"/>
    </relation>
    <relation entry1="87" entry2="96" type="maplink">
        <subtype name="compound" value="142"/>
    </relation>
    <relation entry1="54" entry2="56" type="maplink">
        <subtype name="compound" value="119"/>
    </relation>
    <relation entry1="213" entry2="95" type="maplink">
        <subtype name="compound" value="140"/>
    </relation>
    <relation entry1="213" entry2="92" type="maplink">
        <subtype name="compound" value="140"/>
    </relation>
    <reaction id="56" name="rn:R01787" type="reversible">
        <substrate id="155" name="cpd:C00794"/>
        <product id="119" name="cpd:C00267"/>
    </reaction>
    <reaction id="57" name="rn:R00875" type="reversible">
        <substrate id="155" name="cpd:C00794"/>
        <product id="154" name="cpd:C00095"/>
    </reaction>
    <reaction id="59" name="rn:R00866" type="irreversible">
        <substrate id="154" name="cpd:C00095"/>
        <product id="120" name="cpd:C01094"/>
    </reaction>
    <reaction id="64" name="rn:R00872" type="irreversible">
        <substrate id="125" name="cpd:C03267"/>
        <product id="154" name="cpd:C00095"/>
    </reaction>
    <reaction id="69" name="rn:R01326" type="irreversible">
        <substrate id="121" name="cpd:C00159"/>
        <product id="122" name="cpd:C00275"/>
    </reaction>
    <reaction id="72" name="rn:R00867" type="irreversible">
        <substrate id="154" name="cpd:C00095"/>
        <product id="142" name="cpd:C05345"/>
    </reaction>
    <reaction id="74" name="rn:R02731" type="irreversible">
        <substrate id="126" name="cpd:C00665"/>
        <product id="142" name="cpd:C05345"/>
    </reaction>
    <reaction id="77" name="rn:R01819" type="reversible">
        <substrate id="122" name="cpd:C00275"/>
        <product id="142" name="cpd:C05345"/>
    </reaction>
    <reaction id="78" name="rn:R01818" type="reversible">
        <substrate id="122" name="cpd:C00275"/>
        <product id="156" name="cpd:C00636"/>
    </reaction>
    <reaction id="80" name="rn:R01951" type="reversible">
        <substrate id="145" name="cpd:C02985"/>
        <product id="131" name="cpd:C00325"/>
    </reaction>
    <reaction id="81" name="rn:R05692" type="irreversible">
        <substrate id="144" name="cpd:C01222"/>
        <product id="131" name="cpd:C00325"/>
    </reaction>
    <reaction id="82" name="rn:R00888" type="irreversible">
        <substrate id="141" name="cpd:C00096"/>
        <product id="144" name="cpd:C01222"/>
    </reaction>
    <reaction id="83" name="rn:R00885" type="irreversible">
        <substrate id="156" name="cpd:C00636"/>
        <product id="141" name="cpd:C00096"/>
    </reaction>
    <reaction id="87" name="rn:R04779" type="irreversible">
        <substrate id="142" name="cpd:C05345"/>
        <product id="157" name="cpd:C05378"/>
    </reaction>
    <reaction id="92" name="rn:R01015" type="reversible">
        <substrate id="140" name="cpd:C00118"/>
        <product id="168" name="cpd:C00111"/>
    </reaction>
    <reaction id="93" name="rn:R02568" type="reversible">
        <substrate id="120" name="cpd:C01094"/>
        <product id="168" name="cpd:C00111"/>
        <product id="133" name="cpd:C00577"/>
    </reaction>
    <reaction id="95" name="rn:R01070" type="reversible">
        <substrate id="157" name="cpd:C05378"/>
        <product id="140" name="cpd:C00118"/>
    </reaction>
    <reaction id="104" name="rn:R04780" type="irreversible">
        <substrate id="157" name="cpd:C05378"/>
        <product id="142" name="cpd:C05345"/>
    </reaction>
    <reaction id="116" name="rn:R03161" type="irreversible">
        <substrate id="160" name="cpd:C01019"/>
        <product id="145" name="cpd:C02985"/>
    </reaction>
</pathway>
