<?xml version="1.0"?>
<!DOCTYPE pathway SYSTEM "http://www.kegg.jp/kegg/xml/KGML_v0.7.1_.dtd">
<!-- Creation date: Aug 6, 2014 15:01:15 +0900 (GMT+09:00) -->
<pathway name="path:hsa00561" org="hsa" number="00561"
         title="Glycerolipid metabolism"
         image="http://www.kegg.jp/kegg/pathway/hsa/hsa00561.png"
         link="http://www.kegg.jp/kegg-bin/show_pathway?hsa00561">
    <entry id="29" name="ko:K00679" type="ortholog" reaction="rn:R05333"
        link="http://www.kegg.jp/dbget-bin/www_bget?K00679">
        <graphics name="K00679" fgcolor="#000000" bgcolor="#FFFFFF"
             type="rectangle" x="636" y="500" width="46" height="17"/>
    </entry>
    <entry id="30" name="ko:K06118" type="ortholog" reaction="rn:R05775"
        link="http://www.kegg.jp/dbget-bin/www_bget?K06118">
        <graphics name="K06118" fgcolor="#000000" bgcolor="#FFFFFF"
             type="rectangle" x="597" y="645" width="46" height="17"/>
    </entry>
    <entry id="31" name="ko:K06119" type="ortholog" reaction="rn:R06867"
        link="http://www.kegg.jp/dbget-bin/www_bget?K06119">
        <graphics name="K06119" fgcolor="#000000" bgcolor="#FFFFFF"
             type="rectangle" x="636" y="583" width="46" height="17"/>
    </entry>
    <entry id="32" name="ko:K09480" type="ortholog" reaction="rn:R04469"
        link="http://www.kegg.jp/dbget-bin/www_bget?K09480">
        <graphics name="K09480" fgcolor="#000000" bgcolor="#FFFFFF"
             type="rectangle" x="404" y="722" width="46" height="17"/>
    </entry>
    <entry id="34" name="path:hsa00564" type="map"
        link="http://www.kegg.jp/dbget-bin/www_bget?hsa00564">
        <graphics name="Glycerophospholipid metabolism" fgcolor="#000000" bgcolor="#FFFFFF"
             type="roundrectangle" x="94" y="432" width="117" height="34"/>
    </entry>
    <entry id="35" name="hsa:1056 hsa:119548 hsa:3990 hsa:5406 hsa:5407 hsa:5408 hsa:57104 hsa:80339 hsa:8513 hsa:9388" type="gene" reaction="rn:R02250"
        link="http://www.kegg.jp/dbget-bin/www_bget?hsa:1056+hsa:119548+hsa:3990+hsa:5406+hsa:5407+hsa:5408+hsa:57104+hsa:80339+hsa:8513+hsa:9388">
        <graphics name="CEL, BAL, BSDL, BSSL, CELL, CEase, FAP, FAPP, LIPA, MODY8..." fgcolor="#000000" bgcolor="#BFFFBF"
             type="rectangle" x="636" y="458" width="46" height="17"/>
    </entry>
    <entry id="36" name="hsa:346606 hsa:84649 hsa:8694" type="gene" reaction="rn:R02251"
        link="http://www.kegg.jp/dbget-bin/www_bget?hsa:346606+hsa:84649+hsa:8694">
        <graphics name="MOGAT3, DC7, DGAT2L7, MGAT3..." fgcolor="#000000" bgcolor="#BFFFBF"
             type="rectangle" x="636" y="520" width="46" height="17"/>
    </entry>
    <entry id="37" name="ko:K03715" type="ortholog" reaction="rn:R02691"
        link="http://www.kegg.jp/dbget-bin/www_bget?K03715">
        <graphics name="K03715" fgcolor="#000000" bgcolor="#FFFFFF"
             type="rectangle" x="515" y="701" width="46" height="17"/>
    </entry>
    <entry id="38" name="ko:K03429" type="ortholog" reaction="rn:R02689"
        link="http://www.kegg.jp/dbget-bin/www_bget?K03429">
        <graphics name="K03429" fgcolor="#000000" bgcolor="#FFFFFF"
             type="rectangle" x="515" y="583" width="46" height="17"/>
    </entry>
    <entry id="39" name="hsa:23175 hsa:64900 hsa:8611 hsa:8612 hsa:8613 hsa:9663" type="gene" reaction="rn:R02239"
        link="http://www.kegg.jp/dbget-bin/www_bget?hsa:23175+hsa:64900+hsa:8611+hsa:8612+hsa:8613+hsa:9663">
        <graphics name="LPIN1, PAP1..." fgcolor="#000000" bgcolor="#BFFFBF"
             type="rectangle" x="448" y="504" width="46" height="17"/>
    </entry>
    <entry id="41" name="hsa:1056 hsa:119548 hsa:3990 hsa:5406 hsa:5407 hsa:5408 hsa:57104 hsa:80339 hsa:8513 hsa:9388" type="gene" reaction="rn:R02687"
        link="http://www.kegg.jp/dbget-bin/www_bget?hsa:1056+hsa:119548+hsa:3990+hsa:5406+hsa:5407+hsa:5408+hsa:57104+hsa:80339+hsa:8513+hsa:9388">
        <graphics name="CEL, BAL, BSDL, BSSL, CELL, CEase, FAP, FAPP, LIPA, MODY8..." fgcolor="#000000" bgcolor="#BFFFBF"
             type="rectangle" x="557" y="448" width="46" height="17"/>
    </entry>
    <entry id="42" name="hsa:10554 hsa:10555 hsa:129642 hsa:154141 hsa:253558 hsa:56894 hsa:56895" type="gene" reaction="rn:R02241"
        link="http://www.kegg.jp/dbget-bin/www_bget?hsa:10554+hsa:10555+hsa:129642+hsa:154141+hsa:253558+hsa:56894+hsa:56895">
        <graphics name="AGPAT1, 1-AGPAT1, G15, LPAAT-alpha, LPAATA..." fgcolor="#000000" bgcolor="#BFFFBF"
             type="rectangle" x="382" y="476" width="46" height="17"/>
    </entry>
    <entry id="43" name="path:hsa00010" type="map"
        link="http://www.kegg.jp/dbget-bin/www_bget?hsa00010">
        <graphics name="Glycolysis / Gluconeogenesis" fgcolor="#000000" bgcolor="#FFFFFF"
             type="roundrectangle" x="93" y="130" width="70" height="25"/>
    </entry>
    <entry id="44" name="hsa:55750" type="gene" reaction="rn:R02757"
        link="http://www.kegg.jp/dbget-bin/www_bget?hsa:55750">
        <graphics name="AGK, CATC5, CTRCT38, MTDPS10, MULK" fgcolor="#000000" bgcolor="#BFFFBF"
             type="rectangle" x="446" y="423" width="46" height="17"/>
    </entry>
    <entry id="45" name="hsa:11343" type="gene" reaction="rn:R01351"
        link="http://www.kegg.jp/dbget-bin/www_bget?hsa:11343">
        <graphics name="MGLL, HU-K5, HUK5, MAGL, MGL" fgcolor="#000000" bgcolor="#BFFFBF"
             type="rectangle" x="489" y="384" width="46" height="17"/>
    </entry>
    <entry id="46" name="hsa:137964 hsa:150763 hsa:57678 hsa:84803" type="gene" reaction="rn:R00851"
        link="http://www.kegg.jp/dbget-bin/www_bget?hsa:137964+hsa:150763+hsa:57678+hsa:84803">
        <graphics name="AGPAT6, 1-AGPAT_6, LPAAT-zeta, LPAATZ, TSARG7..." fgcolor="#000000" bgcolor="#BFFFBF"
             type="rectangle" x="382" y="384" width="46" height="17"/>
    </entry>
    <entry id="47" name="hsa:26007" type="gene" reaction="rn:R01011"
        link="http://www.kegg.jp/dbget-bin/www_bget?hsa:26007">
        <graphics name="DAK, NET45" fgcolor="#000000" bgcolor="#BFFFBF"
             type="rectangle" x="157" y="281" width="46" height="17"/>
    </entry>
    <entry id="48" name="ko:K06116 ko:K06117" type="ortholog" reaction="rn:R00841"
        link="http://www.kegg.jp/dbget-bin/www_bget?K06116+K06117">
        <graphics name="K06116..." fgcolor="#000000" bgcolor="#FFFFFF"
             type="rectangle" x="356" y="318" width="46" height="17"/>
    </entry>
    <entry id="49" name="hsa:2710 hsa:2712" type="gene" reaction="rn:R00847"
        link="http://www.kegg.jp/dbget-bin/www_bget?hsa:2710+hsa:2712">
        <graphics name="GK, GK1, GKD..." fgcolor="#000000" bgcolor="#BFFFBF"
             type="rectangle" x="405" y="318" width="46" height="17"/>
    </entry>
    <entry id="50" name="ko:K00005" type="ortholog" reaction="rn:R01034"
        link="http://www.kegg.jp/dbget-bin/www_bget?K00005">
        <graphics name="K00005" fgcolor="#000000" bgcolor="#FFFFFF"
             type="rectangle" x="266" y="270" width="46" height="17"/>
    </entry>
    <entry id="51" name="ko:K18097" type="ortholog" reaction="rn:R01039"
        link="http://www.kegg.jp/dbget-bin/www_bget?K18097">
        <graphics name="K18097" fgcolor="#000000" bgcolor="#FFFFFF"
             type="rectangle" x="266" y="291" width="46" height="17"/>
    </entry>
    <entry id="52" name="hsa:231 hsa:57016" type="gene" reaction="rn:R01036 rn:R01041"
        link="http://www.kegg.jp/dbget-bin/www_bget?hsa:231+hsa:57016">
        <graphics name="AKR1B1, ADR, ALDR1, ALR2, AR..." fgcolor="#000000" bgcolor="#BFFFBF"
             type="rectangle" x="484" y="240" width="46" height="17"/>
    </entry>
    <entry id="54" name="hsa:217 hsa:219 hsa:223 hsa:224 hsa:501" type="gene" reaction="rn:R01752"
        link="http://www.kegg.jp/dbget-bin/www_bget?hsa:217+hsa:219+hsa:223+hsa:224+hsa:501">
        <graphics name="ALDH2, ALDH-E2, ALDHI, ALDM..." fgcolor="#000000" bgcolor="#BFFFBF"
             type="rectangle" x="380" y="170" width="46" height="17"/>
    </entry>
    <entry id="55" name="hsa:132158" type="gene" reaction="rn:R01514"
        link="http://www.kegg.jp/dbget-bin/www_bget?hsa:132158">
        <graphics name="GLYCTK, HBEBP2, HBEBP4, HBeAgBP4A" fgcolor="#000000" bgcolor="#BFFFBF"
             type="rectangle" x="294" y="129" width="46" height="17"/>
    </entry>
    <entry id="56" name="path:hsa00071" type="map"
        link="http://www.kegg.jp/dbget-bin/www_bget?hsa00071">
        <graphics name="Fatty acid degradation" fgcolor="#000000" bgcolor="#FFFFFF"
             type="roundrectangle" x="701" y="351" width="74" height="34"/>
    </entry>
    <entry id="57" name="path:hsa00561" type="map"
        link="http://www.kegg.jp/dbget-bin/www_bget?hsa00561">
        <graphics name="TITLE:Glycerolipid metabolism" fgcolor="#000000" bgcolor="#FFFFFF"
             type="roundrectangle" x="150" y="58" width="219" height="25"/>
    </entry>
    <entry id="58" name="hsa:10327" type="gene" reaction="rn:R01041"
        link="http://www.kegg.jp/dbget-bin/www_bget?hsa:10327">
        <graphics name="AKR1A1, ALDR1, ALR, ARM, DD3, HEL-S-6" fgcolor="#000000" bgcolor="#BFFFBF"
             type="rectangle" x="434" y="240" width="46" height="17"/>
    </entry>
    <entry id="59" name="hsa:4023" type="gene" reaction="rn:R01350"
        link="http://www.kegg.jp/dbget-bin/www_bget?hsa:4023">
        <graphics name="LPL, HDLCQ11, LIPD" fgcolor="#000000" bgcolor="#BFFFBF"
             type="rectangle" x="636" y="479" width="46" height="17"/>
    </entry>
    <entry id="60" name="hsa:2717" type="gene" reaction="rn:R04470"
        link="http://www.kegg.jp/dbget-bin/www_bget?hsa:2717">
        <graphics name="GLA, GALA" fgcolor="#000000" bgcolor="#BFFFBF"
             type="rectangle" x="404" y="673" width="46" height="17"/>
    </entry>
    <entry id="65" name="ko:K01002" type="ortholog" reaction="rn:R05081"
        link="http://www.kegg.jp/dbget-bin/www_bget?K01002">
        <graphics name="K01002" fgcolor="#000000" bgcolor="#FFFFFF"
             type="rectangle" x="298" y="583" width="46" height="17"/>
    </entry>
    <entry id="67" name="hsa:1606 hsa:1607 hsa:1608 hsa:160851 hsa:1609 hsa:8525 hsa:8526 hsa:8527 hsa:9162" type="gene" reaction="rn:R02240"
        link="http://www.kegg.jp/dbget-bin/www_bget?hsa:1606+hsa:1607+hsa:1608+hsa:160851+hsa:1609+hsa:8525+hsa:8526+hsa:8527+hsa:9162">
        <graphics name="DGKA, DAGK, DAGK1, DGK-alpha..." fgcolor="#000000" bgcolor="#BFFFBF"
             type="rectangle" x="448" y="524" width="46" height="17"/>
    </entry>
    <entry id="68" name="cpd:C00422" type="compound"
        link="http://www.kegg.jp/dbget-bin/www_bget?C00422">
        <graphics name="C00422" fgcolor="#000000" bgcolor="#FFFFFF"
             type="circle" x="705" y="510" width="8" height="8"/>
    </entry>
    <entry id="69" name="cpd:C00641" type="compound"
        link="http://www.kegg.jp/dbget-bin/www_bget?C00641">
        <graphics name="C00641" fgcolor="#000000" bgcolor="#FFFFFF"
             type="circle" x="561" y="509" width="8" height="8"/>
    </entry>
    <entry id="70" name="cpd:C00111" type="compound"
        link="http://www.kegg.jp/dbget-bin/www_bget?C00111">
        <graphics name="C00111" fgcolor="#000000" bgcolor="#FFFFFF"
             type="circle" x="93" y="280" width="8" height="8"/>
    </entry>
    <entry id="71" name="cpd:C00093" type="compound"
        link="http://www.kegg.jp/dbget-bin/www_bget?C00093">
        <graphics name="C00093" fgcolor="#000000" bgcolor="#FFFFFF"
             type="circle" x="381" y="351" width="8" height="8"/>
    </entry>
    <entry id="72" name="cpd:C00197" type="compound"
        link="http://www.kegg.jp/dbget-bin/www_bget?C00197">
        <graphics name="C00197" fgcolor="#000000" bgcolor="#FFFFFF"
             type="circle" x="215" y="129" width="8" height="8"/>
    </entry>
    <entry id="73" name="cpd:C00258" type="compound"
        link="http://www.kegg.jp/dbget-bin/www_bget?C00258">
        <graphics name="C00258" fgcolor="#000000" bgcolor="#FFFFFF"
             type="circle" x="381" y="129" width="8" height="8"/>
    </entry>
    <entry id="74" name="cpd:C00577" type="compound"
        link="http://www.kegg.jp/dbget-bin/www_bget?C00577">
        <graphics name="C00577" fgcolor="#000000" bgcolor="#FFFFFF"
             type="circle" x="381" y="207" width="8" height="8"/>
    </entry>
    <entry id="75" name="cpd:C00184" type="compound"
        link="http://www.kegg.jp/dbget-bin/www_bget?C00184">
        <graphics name="C00184" fgcolor="#000000" bgcolor="#FFFFFF"
             type="circle" x="214" y="280" width="8" height="8"/>
    </entry>
    <entry id="76" name="cpd:C00116" type="compound"
        link="http://www.kegg.jp/dbget-bin/www_bget?C00116">
        <graphics name="C00116" fgcolor="#000000" bgcolor="#FFFFFF"
             type="circle" x="381" y="279" width="8" height="8"/>
    </entry>
    <entry id="77" name="cpd:C00029" type="compound"
        link="http://www.kegg.jp/dbget-bin/www_bget?C00029">
        <graphics name="C00029" fgcolor="#000000" bgcolor="#FFFFFF"
             type="circle" x="597" y="669" width="8" height="8"/>
    </entry>
    <entry id="78" name="cpd:C00040" type="compound"
        link="http://www.kegg.jp/dbget-bin/www_bget?C00040">
        <graphics name="C00040" fgcolor="#000000" bgcolor="#FFFFFF"
             type="circle" x="597" y="546" width="8" height="8"/>
    </entry>
    <entry id="79" name="cpd:C00162" type="compound"
        link="http://www.kegg.jp/dbget-bin/www_bget?C00162">
        <graphics name="C00162" fgcolor="#000000" bgcolor="#FFFFFF"
             type="circle" x="597" y="350" width="8" height="8"/>
    </entry>
    <entry id="80" name="cpd:C11521" type="compound"
        link="http://www.kegg.jp/dbget-bin/www_bget?C11521">
        <graphics name="C11521" fgcolor="#000000" bgcolor="#FFFFFF"
             type="circle" x="597" y="613" width="8" height="8"/>
    </entry>
    <entry id="81" name="cpd:C00681" type="compound"
        link="http://www.kegg.jp/dbget-bin/www_bget?C00681">
        <graphics name="C00681" fgcolor="#000000" bgcolor="#FFFFFF"
             type="circle" x="381" y="422" width="8" height="8"/>
    </entry>
    <entry id="82" name="cpd:C00416" type="compound"
        link="http://www.kegg.jp/dbget-bin/www_bget?C00416">
        <graphics name="C00416" fgcolor="#000000" bgcolor="#FFFFFF"
             type="circle" x="381" y="513" width="8" height="8"/>
    </entry>
    <entry id="83" name="cpd:C05401" type="compound"
        link="http://www.kegg.jp/dbget-bin/www_bget?C05401">
        <graphics name="C05401" fgcolor="#000000" bgcolor="#FFFFFF"
             type="circle" x="561" y="782" width="8" height="8"/>
    </entry>
    <entry id="84" name="cpd:C00040" type="compound"
        link="http://www.kegg.jp/dbget-bin/www_bget?C00040">
        <graphics name="C00040" fgcolor="#000000" bgcolor="#FFFFFF"
             type="circle" x="345" y="449" width="8" height="8"/>
    </entry>
    <entry id="85" name="cpd:C13508" type="compound"
        link="http://www.kegg.jp/dbget-bin/www_bget?C13508">
        <graphics name="C13508" fgcolor="#000000" bgcolor="#FFFFFF"
             type="circle" x="705" y="583" width="8" height="8"/>
    </entry>
    <entry id="86" name="cpd:C04872" type="compound"
        link="http://www.kegg.jp/dbget-bin/www_bget?C04872">
        <graphics name="C04872" fgcolor="#000000" bgcolor="#FFFFFF"
             type="circle" x="345" y="782" width="8" height="8"/>
    </entry>
    <entry id="87" name="cpd:C00040" type="compound"
        link="http://www.kegg.jp/dbget-bin/www_bget?C00040">
        <graphics name="C00040" fgcolor="#000000" bgcolor="#FFFFFF"
             type="circle" x="345" y="366" width="8" height="8"/>
    </entry>
    <entry id="88" name="cpd:C06037" type="compound"
        link="http://www.kegg.jp/dbget-bin/www_bget?C06037">
        <graphics name="C06037" fgcolor="#000000" bgcolor="#FFFFFF"
             type="circle" x="345" y="711" width="8" height="8"/>
    </entry>
    <entry id="89" name="cpd:C06038" type="compound"
        link="http://www.kegg.jp/dbget-bin/www_bget?C06038">
        <graphics name="C06038" fgcolor="#000000" bgcolor="#FFFFFF"
             type="circle" x="633" y="748" width="8" height="8"/>
    </entry>
    <entry id="90" name="cpd:C04315" type="compound"
        link="http://www.kegg.jp/dbget-bin/www_bget?C04315">
        <graphics name="C04315" fgcolor="#000000" bgcolor="#FFFFFF"
             type="circle" x="669" y="717" width="8" height="8"/>
    </entry>
    <entry id="91" name="cpd:C06040" type="compound"
        link="http://www.kegg.jp/dbget-bin/www_bget?C06040">
        <graphics name="C06040" fgcolor="#000000" bgcolor="#FFFFFF"
             type="circle" x="345" y="584" width="8" height="8"/>
    </entry>
    <entry id="92" name="cpd:C06041" type="compound"
        link="http://www.kegg.jp/dbget-bin/www_bget?C06041">
        <graphics name="C06041" fgcolor="#000000" bgcolor="#FFFFFF"
             type="circle" x="237" y="584" width="8" height="8"/>
    </entry>
    <entry id="93" name="cpd:C03692" type="compound"
        link="http://www.kegg.jp/dbget-bin/www_bget?C03692">
        <graphics name="C03692" fgcolor="#000000" bgcolor="#FFFFFF"
             type="circle" x="453" y="711" width="8" height="8"/>
    </entry>
    <entry id="94" name="cpd:C04046" type="compound"
        link="http://www.kegg.jp/dbget-bin/www_bget?C04046">
        <graphics name="C04046" fgcolor="#000000" bgcolor="#FFFFFF"
             type="circle" x="453" y="584" width="8" height="8"/>
    </entry>
    <entry id="95" name="cpd:C01885" type="compound"
        link="http://www.kegg.jp/dbget-bin/www_bget?C01885">
        <graphics name="C01885" fgcolor="#000000" bgcolor="#FFFFFF"
             type="circle" x="489" y="423" width="8" height="8"/>
    </entry>
    <entry id="110" name="ko:K00086" type="ortholog" reaction="rn:R03119"
        link="http://www.kegg.jp/dbget-bin/www_bget?K00086">
        <graphics name="K00086" fgcolor="#000000" bgcolor="#FFFFFF"
             type="rectangle" x="621" y="281" width="46" height="17"/>
    </entry>
    <entry id="111" name="ko:K06120 ko:K06121 ko:K06122" type="ortholog" reaction="rn:R01047"
        link="http://www.kegg.jp/dbget-bin/www_bget?K06120+K06121+K06122">
        <graphics name="K06120..." fgcolor="#000000" bgcolor="#FFFFFF"
             type="rectangle" x="518" y="281" width="46" height="17"/>
    </entry>
    <entry id="112" name="cpd:C02457" type="compound"
        link="http://www.kegg.jp/dbget-bin/www_bget?C02457">
        <graphics name="C02457" fgcolor="#000000" bgcolor="#FFFFFF"
             type="circle" x="680" y="280" width="8" height="8"/>
    </entry>
    <entry id="113" name="cpd:C00969" type="compound"
        link="http://www.kegg.jp/dbget-bin/www_bget?C00969">
        <graphics name="C00969" fgcolor="#000000" bgcolor="#FFFFFF"
             type="circle" x="574" y="280" width="8" height="8"/>
    </entry>
    <relation entry1="54" entry2="55" type="ECrel">
        <subtype name="compound" value="73"/>
    </relation>
    <relation entry1="54" entry2="58" type="ECrel">
        <subtype name="compound" value="74"/>
    </relation>
    <relation entry1="52" entry2="54" type="ECrel">
        <subtype name="compound" value="74"/>
    </relation>
    <relation entry1="49" entry2="52" type="ECrel">
        <subtype name="compound" value="76"/>
    </relation>
    <relation entry1="49" entry2="58" type="ECrel">
        <subtype name="compound" value="76"/>
    </relation>
    <relation entry1="46" entry2="49" type="ECrel">
        <subtype name="compound" value="71"/>
    </relation>
    <relation entry1="44" entry2="46" type="ECrel">
        <subtype name="compound" value="81"/>
    </relation>
    <relation entry1="42" entry2="46" type="ECrel">
        <subtype name="compound" value="81"/>
    </relation>
    <relation entry1="42" entry2="44" type="ECrel">
        <subtype name="compound" value="81"/>
    </relation>
    <relation entry1="44" entry2="45" type="ECrel">
        <subtype name="compound" value="95"/>
    </relation>
    <relation entry1="41" entry2="45" type="ECrel">
        <subtype name="compound" value="79"/>
    </relation>
    <relation entry1="41" entry2="45" type="ECrel">
        <subtype name="compound" value="95"/>
    </relation>
    <relation entry1="41" entry2="44" type="ECrel">
        <subtype name="compound" value="95"/>
    </relation>
    <relation entry1="39" entry2="42" type="ECrel">
        <subtype name="compound" value="82"/>
    </relation>
    <relation entry1="42" entry2="67" type="ECrel">
        <subtype name="compound" value="82"/>
    </relation>
    <relation entry1="35" entry2="45" type="ECrel">
        <subtype name="compound" value="79"/>
    </relation>
    <relation entry1="45" entry2="59" type="ECrel">
        <subtype name="compound" value="79"/>
    </relation>
    <relation entry1="35" entry2="41" type="ECrel">
        <subtype name="compound" value="69"/>
    </relation>
    <relation entry1="35" entry2="41" type="ECrel">
        <subtype name="compound" value="79"/>
    </relation>
    <relation entry1="41" entry2="59" type="ECrel">
        <subtype name="compound" value="69"/>
    </relation>
    <relation entry1="41" entry2="59" type="ECrel">
        <subtype name="compound" value="79"/>
    </relation>
    <relation entry1="41" entry2="67" type="ECrel">
        <subtype name="compound" value="69"/>
    </relation>
    <relation entry1="35" entry2="67" type="ECrel">
        <subtype name="compound" value="69"/>
    </relation>
    <relation entry1="59" entry2="67" type="ECrel">
        <subtype name="compound" value="69"/>
    </relation>
    <relation entry1="36" entry2="67" type="ECrel">
        <subtype name="compound" value="69"/>
    </relation>
    <relation entry1="39" entry2="41" type="ECrel">
        <subtype name="compound" value="69"/>
    </relation>
    <relation entry1="35" entry2="39" type="ECrel">
        <subtype name="compound" value="69"/>
    </relation>
    <relation entry1="39" entry2="59" type="ECrel">
        <subtype name="compound" value="69"/>
    </relation>
    <relation entry1="36" entry2="39" type="ECrel">
        <subtype name="compound" value="69"/>
    </relation>
    <relation entry1="36" entry2="41" type="ECrel">
        <subtype name="compound" value="69"/>
    </relation>
    <relation entry1="55" entry2="43" type="maplink">
        <subtype name="compound" value="72"/>
    </relation>
    <relation entry1="34" entry2="43" type="maplink">
        <subtype name="compound" value="70"/>
    </relation>
    <relation entry1="47" entry2="43" type="maplink">
        <subtype name="compound" value="70"/>
    </relation>
    <relation entry1="47" entry2="34" type="maplink">
        <subtype name="compound" value="70"/>
    </relation>
    <relation entry1="45" entry2="56" type="maplink">
        <subtype name="compound" value="79"/>
    </relation>
    <relation entry1="41" entry2="56" type="maplink">
        <subtype name="compound" value="79"/>
    </relation>
    <relation entry1="35" entry2="56" type="maplink">
        <subtype name="compound" value="79"/>
    </relation>
    <relation entry1="59" entry2="56" type="maplink">
        <subtype name="compound" value="79"/>
    </relation>
    <relation entry1="45" entry2="52" type="ECrel">
        <subtype name="compound" value="76"/>
    </relation>
    <relation entry1="45" entry2="58" type="ECrel">
        <subtype name="compound" value="76"/>
    </relation>
    <relation entry1="45" entry2="49" type="ECrel">
        <subtype name="compound" value="76"/>
    </relation>
    <reaction id="35" name="rn:R02250" type="irreversible">
        <substrate id="68" name="cpd:C00422"/>
        <product id="79" name="cpd:C00162"/>
        <product id="69" name="cpd:C00641"/>
    </reaction>
    <reaction id="36" name="rn:R02251" type="irreversible">
        <substrate id="78" name="cpd:C00040"/>
        <substrate id="69" name="cpd:C00641"/>
        <product id="68" name="cpd:C00422"/>
    </reaction>
    <reaction id="39" name="rn:R02239" type="irreversible">
        <substrate id="82" name="cpd:C00416"/>
        <product id="69" name="cpd:C00641"/>
    </reaction>
    <reaction id="41" name="rn:R02687" type="irreversible">
        <substrate id="69" name="cpd:C00641"/>
        <product id="95" name="cpd:C01885"/>
        <product id="79" name="cpd:C00162"/>
    </reaction>
    <reaction id="42" name="rn:R02241" type="irreversible">
        <substrate id="81" name="cpd:C00681"/>
        <substrate id="84" name="cpd:C00040"/>
        <product id="82" name="cpd:C00416"/>
    </reaction>
    <reaction id="44" name="rn:R02757" type="irreversible">
        <substrate id="95" name="cpd:C01885"/>
        <product id="81" name="cpd:C00681"/>
    </reaction>
    <reaction id="45" name="rn:R01351" type="irreversible">
        <substrate id="95" name="cpd:C01885"/>
        <product id="76" name="cpd:C00116"/>
        <product id="79" name="cpd:C00162"/>
    </reaction>
    <reaction id="46" name="rn:R00851" type="irreversible">
        <substrate id="71" name="cpd:C00093"/>
        <substrate id="87" name="cpd:C00040"/>
        <product id="81" name="cpd:C00681"/>
    </reaction>
    <reaction id="47" name="rn:R01011" type="irreversible">
        <substrate id="75" name="cpd:C00184"/>
        <product id="70" name="cpd:C00111"/>
    </reaction>
    <reaction id="49" name="rn:R00847" type="irreversible">
        <substrate id="76" name="cpd:C00116"/>
        <product id="71" name="cpd:C00093"/>
    </reaction>
    <reaction id="52" name="rn:R01036 rn:R01041" type="reversible">
        <substrate id="76" name="cpd:C00116"/>
        <product id="74" name="cpd:C00577"/>
    </reaction>
    <reaction id="54" name="rn:R01752" type="reversible">
        <substrate id="74" name="cpd:C00577"/>
        <product id="73" name="cpd:C00258"/>
    </reaction>
    <reaction id="55" name="rn:R01514" type="reversible">
        <substrate id="73" name="cpd:C00258"/>
        <product id="72" name="cpd:C00197"/>
    </reaction>
    <reaction id="58" name="rn:R01041" type="reversible">
        <substrate id="76" name="cpd:C00116"/>
        <product id="74" name="cpd:C00577"/>
    </reaction>
    <reaction id="59" name="rn:R01350" type="irreversible">
        <substrate id="68" name="cpd:C00422"/>
        <product id="79" name="cpd:C00162"/>
        <product id="69" name="cpd:C00641"/>
    </reaction>
    <reaction id="60" name="rn:R04470" type="irreversible">
        <substrate id="88" name="cpd:C06037"/>
        <product id="93" name="cpd:C03692"/>
    </reaction>
    <reaction id="67" name="rn:R02240" type="irreversible">
        <substrate id="69" name="cpd:C00641"/>
        <product id="82" name="cpd:C00416"/>
    </reaction>
</pathway>
