<?xml version="1.0"?>
<!DOCTYPE pathway SYSTEM "http://www.kegg.jp/kegg/xml/KGML_v0.7.1_.dtd">
<!-- Creation date: May 13, 2014 15:33:46 +0900 (GMT+09:00) -->
<pathway name="path:hsa00760" org="hsa" number="00760"
         title="Nicotinate and nicotinamide metabolism"
         image="http://www.kegg.jp/kegg/pathway/hsa/hsa00760.png"
         link="http://www.kegg.jp/kegg-bin/show_pathway?hsa00760">
    <entry id="46" name="path:map00960" type="map"
        link="http://www.kegg.jp/dbget-bin/www_bget?map00960">
        <graphics name="Tropane, piperidine and pyridine alkaloid biosynthesis" fgcolor="#000000" bgcolor="#FFFFFF"
             type="roundrectangle" x="310" y="433" width="170" height="34"/>
    </entry>
    <entry id="48" name="path:hsa00620" type="map"
        link="http://www.kegg.jp/dbget-bin/www_bget?hsa00620">
        <graphics name="Pyruvate metabolism" fgcolor="#000000" bgcolor="#FFFFFF"
             type="roundrectangle" x="574" y="754" width="119" height="25"/>
    </entry>
    <entry id="49" name="path:map00660" type="map"
        link="http://www.kegg.jp/dbget-bin/www_bget?map00660">
        <graphics name="C5-Branched dibasic acid metabolism" fgcolor="#000000" bgcolor="#FFFFFF"
             type="roundrectangle" x="563" y="719" width="139" height="34"/>
    </entry>
    <entry id="55" name="ko:K15358" type="ortholog" reaction="rn:R07984"
        link="http://www.kegg.jp/dbget-bin/www_bget?K15358">
        <graphics name="K15358" fgcolor="#000000" bgcolor="#FFFFFF"
             type="rectangle" x="622" y="476" width="46" height="17"/>
    </entry>
    <entry id="63" name="ko:K06989" type="ortholog" reaction="rn:R07410 rn:R07407"
        link="http://www.kegg.jp/dbget-bin/www_bget?K06989">
        <graphics name="K06989" fgcolor="#000000" bgcolor="#FFFFFF"
             type="rectangle" x="835" y="682" width="46" height="17"/>
    </entry>
    <entry id="64" name="hsa:83594" type="gene" reaction="rn:R03004"
        link="http://www.kegg.jp/dbget-bin/www_bget?hsa:83594">
        <graphics name="NUDT12" fgcolor="#000000" bgcolor="#BFFFBF"
             type="rectangle" x="807" y="425" width="46" height="17"/>
    </entry>
    <entry id="65" name="path:hsa00760" type="map"
        link="http://www.kegg.jp/dbget-bin/www_bget?hsa00760">
        <graphics name="TITLE:Nicotinate and nicotinamide metabolism" fgcolor="#000000" bgcolor="#FFFFFF"
             type="roundrectangle" x="216" y="58" width="352" height="25"/>
    </entry>
    <entry id="66" name="path:hsa00250" type="map"
        link="http://www.kegg.jp/dbget-bin/www_bget?hsa00250">
        <graphics name="Alanine, aspartate and glutamate metabolism" fgcolor="#000000" bgcolor="#FFFFFF"
             type="roundrectangle" x="950" y="719" width="124" height="34"/>
    </entry>
    <entry id="67" name="path:hsa00380" type="map"
        link="http://www.kegg.jp/dbget-bin/www_bget?hsa00380">
        <graphics name="Tryptophan metabolism" fgcolor="#000000" bgcolor="#FFFFFF"
             type="roundrectangle" x="953" y="474" width="138" height="25"/>
    </entry>
    <entry id="68" name="ko:K00278" type="ortholog" reaction="rn:R00481"
        link="http://www.kegg.jp/dbget-bin/www_bget?K00278">
        <graphics name="K00278" fgcolor="#000000" bgcolor="#FFFFFF"
             type="rectangle" x="785" y="682" width="46" height="17"/>
    </entry>
    <entry id="69" name="ko:K03517" type="ortholog" reaction="rn:R04292"
        link="http://www.kegg.jp/dbget-bin/www_bget?K03517">
        <graphics name="K03517" fgcolor="#000000" bgcolor="#FFFFFF"
             type="rectangle" x="811" y="554" width="46" height="17"/>
    </entry>
    <entry id="70" name="hsa:23475" type="gene" reaction="rn:R03348"
        link="http://www.kegg.jp/dbget-bin/www_bget?hsa:23475">
        <graphics name="QPRT, HEL-S-90n, QPRTase" fgcolor="#000000" bgcolor="#BFFFBF"
             type="rectangle" x="735" y="436" width="46" height="17"/>
    </entry>
    <entry id="71" name="ko:K01799" type="ortholog" reaction="rn:R01087"
        link="http://www.kegg.jp/dbget-bin/www_bget?K01799">
        <graphics name="K01799" fgcolor="#000000" bgcolor="#FFFFFF"
             type="rectangle" x="598" y="782" width="46" height="17"/>
    </entry>
    <entry id="72" name="ko:K13995" type="ortholog" reaction="rn:R03540"
        link="http://www.kegg.jp/dbget-bin/www_bget?K13995">
        <graphics name="K13995" fgcolor="#000000" bgcolor="#FFFFFF"
             type="rectangle" x="457" y="746" width="46" height="17"/>
    </entry>
    <entry id="73" name="ko:K18028" type="ortholog" reaction="rn:R09125"
        link="http://www.kegg.jp/dbget-bin/www_bget?K18028">
        <graphics name="K18028" fgcolor="#000000" bgcolor="#FFFFFF"
             type="rectangle" x="368" y="598" width="46" height="17"/>
    </entry>
    <entry id="74" name="ko:K14974" type="ortholog" reaction="rn:R08764"
        link="http://www.kegg.jp/dbget-bin/www_bget?K14974">
        <graphics name="K14974" fgcolor="#000000" bgcolor="#FFFFFF"
             type="rectangle" x="368" y="513" width="46" height="17"/>
    </entry>
    <entry id="76" name="hsa:5167 hsa:5169" type="gene" reaction="rn:R03004"
        link="http://www.kegg.jp/dbget-bin/www_bget?hsa:5167+hsa:5169">
        <graphics name="ENPP1, ARHR2, COLED, M6S1, NPP1, NPPS, PC-1, PCA1, PDNP1..." fgcolor="#000000" bgcolor="#BFFFBF"
             type="rectangle" x="807" y="404" width="46" height="17"/>
    </entry>
    <entry id="77" name="hsa:100526794 hsa:115024 hsa:22978 hsa:30833 hsa:4907 hsa:51251 hsa:56953 hsa:84618 hsa:93034" type="gene" reaction="rn:R03346"
        link="http://www.kegg.jp/dbget-bin/www_bget?hsa:100526794+hsa:115024+hsa:22978+hsa:30833+hsa:4907+hsa:51251+hsa:56953+hsa:84618+hsa:93034">
        <graphics name="NT5C1B-RDH14..." fgcolor="#000000" bgcolor="#BFFFBF"
             type="rectangle" x="666" y="410" width="46" height="17"/>
    </entry>
    <entry id="78" name="hsa:27231 hsa:54981" type="gene" reaction="rn:R03347"
        link="http://www.kegg.jp/dbget-bin/www_bget?hsa:27231+hsa:54981">
        <graphics name="NMRK2, ITGB1BP3, MIBP, NRK2..." fgcolor="#000000" bgcolor="#BFFFBF"
             type="rectangle" x="666" y="384" width="46" height="17"/>
    </entry>
    <entry id="79" name="hsa:4860" type="gene" reaction="rn:R02295"
        link="http://www.kegg.jp/dbget-bin/www_bget?hsa:4860">
        <graphics name="PNP, NP, PRO1837, PUNP" fgcolor="#000000" bgcolor="#BFFFBF"
             type="rectangle" x="530" y="383" width="46" height="17"/>
    </entry>
    <entry id="81" name="hsa:23057 hsa:349565 hsa:64802" type="gene" reaction="rn:R03005"
        link="http://www.kegg.jp/dbget-bin/www_bget?hsa:23057+hsa:349565+hsa:64802">
        <graphics name="NMNAT2, C1orf15, PNAT2..." fgcolor="#000000" bgcolor="#BFFFBF"
             type="rectangle" x="808" y="363" width="46" height="17"/>
    </entry>
    <entry id="82" name="hsa:23057 hsa:349565 hsa:64802" type="gene" reaction="rn:R03005"
        link="http://www.kegg.jp/dbget-bin/www_bget?hsa:23057+hsa:349565+hsa:64802">
        <graphics name="NMNAT2, C1orf15, PNAT2..." fgcolor="#000000" bgcolor="#BFFFBF"
             type="rectangle" x="808" y="342" width="46" height="17"/>
    </entry>
    <entry id="83" name="hsa:55191" type="gene" reaction="rn:R00257"
        link="http://www.kegg.jp/dbget-bin/www_bget?hsa:55191">
        <graphics name="NADSYN1" fgcolor="#000000" bgcolor="#BFFFBF"
             type="rectangle" x="903" y="322" width="46" height="17"/>
    </entry>
    <entry id="84" name="ko:K01916" type="ortholog" reaction="rn:R00189"
        link="http://www.kegg.jp/dbget-bin/www_bget?K01916">
        <graphics name="K01916" fgcolor="#000000" bgcolor="#FFFFFF"
             type="rectangle" x="853" y="322" width="46" height="17"/>
    </entry>
    <entry id="85" name="ko:K03742 ko:K03743" type="ortholog" reaction="rn:R02322"
        link="http://www.kegg.jp/dbget-bin/www_bget?K03742+K03743">
        <graphics name="K03742..." fgcolor="#000000" bgcolor="#FFFFFF"
             type="rectangle" x="734" y="322" width="46" height="17"/>
    </entry>
    <entry id="86" name="hsa:93100" type="gene" reaction="rn:R01724"
        link="http://www.kegg.jp/dbget-bin/www_bget?hsa:93100">
        <graphics name="NAPRT1, PP3856" fgcolor="#000000" bgcolor="#BFFFBF"
             type="rectangle" x="595" y="342" width="46" height="17"/>
    </entry>
    <entry id="87" name="ko:K01440 ko:K08281" type="ortholog" reaction="rn:R01268"
        link="http://www.kegg.jp/dbget-bin/www_bget?K01440+K08281">
        <graphics name="K01440..." fgcolor="#000000" bgcolor="#FFFFFF"
             type="rectangle" x="458" y="310" width="46" height="17"/>
    </entry>
    <entry id="89" name="hsa:83594" type="gene" reaction="rn:R00103"
        link="http://www.kegg.jp/dbget-bin/www_bget?hsa:83594">
        <graphics name="NUDT12" fgcolor="#000000" bgcolor="#BFFFBF"
             type="rectangle" x="806" y="303" width="46" height="17"/>
    </entry>
    <entry id="90" name="hsa:5167 hsa:5169" type="gene" reaction="rn:R00103"
        link="http://www.kegg.jp/dbget-bin/www_bget?hsa:5167+hsa:5169">
        <graphics name="ENPP1, ARHR2, COLED, M6S1, NPP1, NPPS, PC-1, PCA1, PDNP1..." fgcolor="#000000" bgcolor="#BFFFBF"
             type="rectangle" x="806" y="282" width="46" height="17"/>
    </entry>
    <entry id="91" name="hsa:23057 hsa:349565 hsa:64802" type="gene" reaction="rn:R00137"
        link="http://www.kegg.jp/dbget-bin/www_bget?hsa:23057+hsa:349565+hsa:64802">
        <graphics name="NMNAT2, C1orf15, PNAT2..." fgcolor="#000000" bgcolor="#BFFFBF"
             type="rectangle" x="805" y="246" width="46" height="17"/>
    </entry>
    <entry id="92" name="hsa:23057 hsa:349565 hsa:64802" type="gene" reaction="rn:R00137"
        link="http://www.kegg.jp/dbget-bin/www_bget?hsa:23057+hsa:349565+hsa:64802">
        <graphics name="NMNAT2, C1orf15, PNAT2..." fgcolor="#000000" bgcolor="#BFFFBF"
             type="rectangle" x="805" y="225" width="46" height="17"/>
    </entry>
    <entry id="93" name="hsa:100526794 hsa:115024 hsa:22978 hsa:30833 hsa:4907 hsa:51251 hsa:56953 hsa:84618 hsa:93034" type="gene" reaction="rn:R02323"
        link="http://www.kegg.jp/dbget-bin/www_bget?hsa:100526794+hsa:115024+hsa:22978+hsa:30833+hsa:4907+hsa:51251+hsa:56953+hsa:84618+hsa:93034">
        <graphics name="NT5C1B-RDH14..." fgcolor="#000000" bgcolor="#BFFFBF"
             type="rectangle" x="666" y="293" width="46" height="17"/>
    </entry>
    <entry id="94" name="hsa:27231 hsa:54981" type="gene" reaction="rn:R02324"
        link="http://www.kegg.jp/dbget-bin/www_bget?hsa:27231+hsa:54981">
        <graphics name="NMRK2, ITGB1BP3, MIBP, NRK2..." fgcolor="#000000" bgcolor="#BFFFBF"
             type="rectangle" x="666" y="236" width="46" height="17"/>
    </entry>
    <entry id="95" name="ko:K01239" type="ortholog" reaction="rn:R01273"
        link="http://www.kegg.jp/dbget-bin/www_bget?K01239">
        <graphics name="K01239" fgcolor="#000000" bgcolor="#FFFFFF"
             type="rectangle" x="530" y="282" width="46" height="17"/>
    </entry>
    <entry id="96" name="hsa:4860" type="gene" reaction="rn:R02294"
        link="http://www.kegg.jp/dbget-bin/www_bget?hsa:4860">
        <graphics name="PNP, NP, PRO1837, PUNP" fgcolor="#000000" bgcolor="#BFFFBF"
             type="rectangle" x="530" y="236" width="46" height="17"/>
    </entry>
    <entry id="98" name="hsa:10135" type="gene" reaction="rn:R01271"
        link="http://www.kegg.jp/dbget-bin/www_bget?hsa:10135">
        <graphics name="NAMPT, 1110035O14Rik, PBEF, PBEF1, VF, VISFATIN" fgcolor="#000000" bgcolor="#BFFFBF"
             type="rectangle" x="599" y="184" width="46" height="17"/>
    </entry>
    <entry id="99" name="hsa:683 hsa:952" type="gene" reaction="rn:R00102"
        link="http://www.kegg.jp/dbget-bin/www_bget?hsa:683+hsa:952">
        <graphics name="BST1, CD157..." fgcolor="#000000" bgcolor="#BFFFBF"
             type="rectangle" x="670" y="151" width="46" height="17"/>
    </entry>
    <entry id="100" name="ko:K18153" type="ortholog" reaction="rn:R00102"
        link="http://www.kegg.jp/dbget-bin/www_bget?K18153">
        <graphics name="K18153" fgcolor="#000000" bgcolor="#FFFFFF"
             type="rectangle" x="670" y="132" width="46" height="17"/>
    </entry>
    <entry id="101" name="hsa:4837" type="gene" reaction="rn:R01269"
        link="http://www.kegg.jp/dbget-bin/www_bget?hsa:4837">
        <graphics name="NNMT" fgcolor="#000000" bgcolor="#BFFFBF"
             type="rectangle" x="409" y="267" width="46" height="17"/>
    </entry>
    <entry id="102" name="hsa:65220" type="gene" reaction="rn:R00104"
        link="http://www.kegg.jp/dbget-bin/www_bget?hsa:65220">
        <graphics name="NADK, dJ283E3.1" fgcolor="#000000" bgcolor="#BFFFBF"
             type="rectangle" x="952" y="205" width="46" height="17"/>
    </entry>
    <entry id="103" name="ko:K00322" type="ortholog" reaction="rn:R00112"
        link="http://www.kegg.jp/dbget-bin/www_bget?K00322">
        <graphics name="K00322" fgcolor="#000000" bgcolor="#FFFFFF"
             type="rectangle" x="980" y="183" width="46" height="17"/>
    </entry>
    <entry id="104" name="hsa:23530" type="gene" reaction="rn:R00112"
        link="http://www.kegg.jp/dbget-bin/www_bget?hsa:23530">
        <graphics name="NNT, GCCD4" fgcolor="#000000" bgcolor="#BFFFBF"
             type="rectangle" x="1030" y="183" width="46" height="17"/>
    </entry>
    <entry id="108" name="hsa:316" type="gene" reaction="rn:R08408"
        link="http://www.kegg.jp/dbget-bin/www_bget?hsa:316">
        <graphics name="AOX1, AO, AOH1" fgcolor="#000000" bgcolor="#BFFFBF"
             type="rectangle" x="297" y="228" width="46" height="17"/>
    </entry>
    <entry id="109" name="hsa:316" type="gene" reaction="rn:R04085"
        link="http://www.kegg.jp/dbget-bin/www_bget?hsa:316">
        <graphics name="AOX1, AO, AOH1" fgcolor="#000000" bgcolor="#BFFFBF"
             type="rectangle" x="296" y="266" width="46" height="17"/>
    </entry>
    <entry id="127" name="cpd:C06178" type="compound"
        link="http://www.kegg.jp/dbget-bin/www_bget?C06178">
        <graphics name="C06178" fgcolor="#000000" bgcolor="#FFFFFF"
             type="circle" x="115" y="340" width="8" height="8"/>
    </entry>
    <entry id="128" name="cpd:C15523" type="compound"
        link="http://www.kegg.jp/dbget-bin/www_bget?C15523">
        <graphics name="C15523" fgcolor="#000000" bgcolor="#FFFFFF"
             type="circle" x="457" y="552" width="8" height="8"/>
    </entry>
    <entry id="129" name="cpd:C00022" type="compound"
        link="http://www.kegg.jp/dbget-bin/www_bget?C00022">
        <graphics name="C00022" fgcolor="#000000" bgcolor="#FFFFFF"
             type="circle" x="682" y="720" width="8" height="8"/>
    </entry>
    <entry id="130" name="cpd:C00163" type="compound"
        link="http://www.kegg.jp/dbget-bin/www_bget?C00163">
        <graphics name="C00163" fgcolor="#000000" bgcolor="#FFFFFF"
             type="circle" x="722" y="693" width="8" height="8"/>
    </entry>
    <entry id="131" name="cpd:C03652" type="compound"
        link="http://www.kegg.jp/dbget-bin/www_bget?C03652">
        <graphics name="C03652" fgcolor="#000000" bgcolor="#FFFFFF"
             type="circle" x="682" y="637" width="8" height="8"/>
    </entry>
    <entry id="132" name="cpd:C00922" type="compound"
        link="http://www.kegg.jp/dbget-bin/www_bget?C00922">
        <graphics name="C00922" fgcolor="#000000" bgcolor="#FFFFFF"
             type="circle" x="574" y="637" width="8" height="8"/>
    </entry>
    <entry id="133" name="cpd:C02295" type="compound"
        link="http://www.kegg.jp/dbget-bin/www_bget?C02295">
        <graphics name="C02295" fgcolor="#000000" bgcolor="#FFFFFF"
             type="circle" x="492" y="637" width="8" height="8"/>
    </entry>
    <entry id="134" name="cpd:C02930" type="compound"
        link="http://www.kegg.jp/dbget-bin/www_bget?C02930">
        <graphics name="C02930" fgcolor="#000000" bgcolor="#FFFFFF"
             type="circle" x="589" y="552" width="8" height="8"/>
    </entry>
    <entry id="135" name="cpd:C16390" type="compound"
        link="http://www.kegg.jp/dbget-bin/www_bget?C16390">
        <graphics name="C16390" fgcolor="#000000" bgcolor="#FFFFFF"
             type="circle" x="682" y="552" width="8" height="8"/>
    </entry>
    <entry id="136" name="cpd:C16159" type="compound"
        link="http://www.kegg.jp/dbget-bin/www_bget?C16159">
        <graphics name="C16159" fgcolor="#000000" bgcolor="#FFFFFF"
             type="circle" x="682" y="474" width="8" height="8"/>
    </entry>
    <entry id="137" name="cpd:C04226" type="compound"
        link="http://www.kegg.jp/dbget-bin/www_bget?C04226">
        <graphics name="C04226" fgcolor="#000000" bgcolor="#FFFFFF"
             type="circle" x="574" y="474" width="8" height="8"/>
    </entry>
    <entry id="138" name="cpd:C16152" type="compound"
        link="http://www.kegg.jp/dbget-bin/www_bget?C16152">
        <graphics name="C16152" fgcolor="#000000" bgcolor="#FFFFFF"
             type="circle" x="252" y="782" width="8" height="8"/>
    </entry>
    <entry id="139" name="cpd:C03458" type="compound"
        link="http://www.kegg.jp/dbget-bin/www_bget?C03458">
        <graphics name="C03458" fgcolor="#000000" bgcolor="#FFFFFF"
             type="circle" x="252" y="720" width="8" height="8"/>
    </entry>
    <entry id="140" name="cpd:C15987" type="compound"
        link="http://www.kegg.jp/dbget-bin/www_bget?C15987">
        <graphics name="C15987" fgcolor="#000000" bgcolor="#FFFFFF"
             type="circle" x="102" y="693" width="8" height="8"/>
    </entry>
    <entry id="141" name="cpd:C03056" type="compound"
        link="http://www.kegg.jp/dbget-bin/www_bget?C03056">
        <graphics name="C03056" fgcolor="#000000" bgcolor="#FFFFFF"
             type="circle" x="145" y="720" width="8" height="8"/>
    </entry>
    <entry id="142" name="cpd:C16151" type="compound"
        link="http://www.kegg.jp/dbget-bin/www_bget?C16151">
        <graphics name="C16151" fgcolor="#000000" bgcolor="#FFFFFF"
             type="circle" x="237" y="637" width="8" height="8"/>
    </entry>
    <entry id="143" name="cpd:C15986" type="compound"
        link="http://www.kegg.jp/dbget-bin/www_bget?C15986">
        <graphics name="C15986" fgcolor="#000000" bgcolor="#FFFFFF"
             type="circle" x="145" y="637" width="8" height="8"/>
    </entry>
    <entry id="144" name="cpd:C01297" type="compound"
        link="http://www.kegg.jp/dbget-bin/www_bget?C01297">
        <graphics name="C01297" fgcolor="#000000" bgcolor="#FFFFFF"
             type="circle" x="145" y="550" width="8" height="8"/>
    </entry>
    <entry id="145" name="cpd:C01056" type="compound"
        link="http://www.kegg.jp/dbget-bin/www_bget?C01056">
        <graphics name="C01056" fgcolor="#000000" bgcolor="#FFFFFF"
             type="circle" x="110" y="474" width="8" height="8"/>
    </entry>
    <entry id="146" name="cpd:C16150" type="compound"
        link="http://www.kegg.jp/dbget-bin/www_bget?C16150">
        <graphics name="C16150" fgcolor="#000000" bgcolor="#FFFFFF"
             type="circle" x="145" y="401" width="8" height="8"/>
    </entry>
    <entry id="147" name="cpd:C00006" type="compound"
        link="http://www.kegg.jp/dbget-bin/www_bget?C00006">
        <graphics name="C00006" fgcolor="#000000" bgcolor="#FFFFFF"
             type="circle" x="883" y="111" width="8" height="8"/>
    </entry>
    <entry id="148" name="cpd:C00003" type="compound"
        link="http://www.kegg.jp/dbget-bin/www_bget?C00003">
        <graphics name="C00003" fgcolor="#000000" bgcolor="#FFFFFF"
             type="circle" x="874" y="265" width="8" height="8"/>
    </entry>
    <entry id="149" name="cpd:C00857" type="compound"
        link="http://www.kegg.jp/dbget-bin/www_bget?C00857">
        <graphics name="C00857" fgcolor="#000000" bgcolor="#FFFFFF"
             type="circle" x="874" y="382" width="8" height="8"/>
    </entry>
    <entry id="150" name="cpd:C00455" type="compound"
        link="http://www.kegg.jp/dbget-bin/www_bget?C00455">
        <graphics name="C00455" fgcolor="#000000" bgcolor="#FFFFFF"
             type="circle" x="735" y="265" width="8" height="8"/>
    </entry>
    <entry id="151" name="cpd:C01185" type="compound"
        link="http://www.kegg.jp/dbget-bin/www_bget?C01185">
        <graphics name="C01185" fgcolor="#000000" bgcolor="#FFFFFF"
             type="circle" x="735" y="382" width="8" height="8"/>
    </entry>
    <entry id="152" name="cpd:C03722" type="compound"
        link="http://www.kegg.jp/dbget-bin/www_bget?C03722">
        <graphics name="C03722" fgcolor="#000000" bgcolor="#FFFFFF"
             type="circle" x="810" y="474" width="8" height="8"/>
    </entry>
    <entry id="153" name="cpd:C00111" type="compound"
        link="http://www.kegg.jp/dbget-bin/www_bget?C00111">
        <graphics name="C00111" fgcolor="#000000" bgcolor="#FFFFFF"
             type="circle" x="840" y="576" width="8" height="8"/>
    </entry>
    <entry id="154" name="cpd:C00049" type="compound"
        link="http://www.kegg.jp/dbget-bin/www_bget?C00049">
        <graphics name="C00049" fgcolor="#000000" bgcolor="#FFFFFF"
             type="circle" x="811" y="719" width="8" height="8"/>
    </entry>
    <entry id="155" name="cpd:C00122" type="compound"
        link="http://www.kegg.jp/dbget-bin/www_bget?C00122">
        <graphics name="C00122" fgcolor="#000000" bgcolor="#FFFFFF"
             type="circle" x="736" y="782" width="8" height="8"/>
    </entry>
    <entry id="156" name="cpd:C01384" type="compound"
        link="http://www.kegg.jp/dbget-bin/www_bget?C01384">
        <graphics name="C01384" fgcolor="#000000" bgcolor="#FFFFFF"
             type="circle" x="457" y="782" width="8" height="8"/>
    </entry>
    <entry id="157" name="cpd:C01596" type="compound"
        link="http://www.kegg.jp/dbget-bin/www_bget?C01596">
        <graphics name="C01596" fgcolor="#000000" bgcolor="#FFFFFF"
             type="circle" x="457" y="718" width="8" height="8"/>
    </entry>
    <entry id="158" name="cpd:C01059" type="compound"
        link="http://www.kegg.jp/dbget-bin/www_bget?C01059">
        <graphics name="C01059" fgcolor="#000000" bgcolor="#FFFFFF"
             type="circle" x="368" y="553" width="8" height="8"/>
    </entry>
    <entry id="159" name="cpd:C01020" type="compound"
        link="http://www.kegg.jp/dbget-bin/www_bget?C01020">
        <graphics name="C01020" fgcolor="#000000" bgcolor="#FFFFFF"
             type="circle" x="457" y="474" width="8" height="8"/>
    </entry>
    <entry id="160" name="cpd:C00253" type="compound"
        link="http://www.kegg.jp/dbget-bin/www_bget?C00253">
        <graphics name="C00253" fgcolor="#000000" bgcolor="#FFFFFF"
             type="circle" x="457" y="382" width="8" height="8"/>
    </entry>
    <entry id="161" name="cpd:C05380" type="compound"
        link="http://www.kegg.jp/dbget-bin/www_bget?C05380">
        <graphics name="C05380" fgcolor="#000000" bgcolor="#FFFFFF"
             type="circle" x="252" y="354" width="8" height="8"/>
    </entry>
    <entry id="162" name="cpd:C02918" type="compound"
        link="http://www.kegg.jp/dbget-bin/www_bget?C02918">
        <graphics name="C02918" fgcolor="#000000" bgcolor="#FFFFFF"
             type="circle" x="351" y="265" width="8" height="8"/>
    </entry>
    <entry id="163" name="cpd:C03150" type="compound"
        link="http://www.kegg.jp/dbget-bin/www_bget?C03150">
        <graphics name="C03150" fgcolor="#000000" bgcolor="#FFFFFF"
             type="circle" x="597" y="265" width="8" height="8"/>
    </entry>
    <entry id="164" name="cpd:C05840" type="compound"
        link="http://www.kegg.jp/dbget-bin/www_bget?C05840">
        <graphics name="C05840" fgcolor="#000000" bgcolor="#FFFFFF"
             type="circle" x="810" y="637" width="8" height="8"/>
    </entry>
    <entry id="165" name="cpd:C05841" type="compound"
        link="http://www.kegg.jp/dbget-bin/www_bget?C05841">
        <graphics name="C05841" fgcolor="#000000" bgcolor="#FFFFFF"
             type="circle" x="596" y="382" width="8" height="8"/>
    </entry>
    <entry id="166" name="cpd:C01004" type="compound"
        link="http://www.kegg.jp/dbget-bin/www_bget?C01004">
        <graphics name="C01004" fgcolor="#000000" bgcolor="#FFFFFF"
             type="circle" x="252" y="382" width="8" height="8"/>
    </entry>
    <entry id="167" name="cpd:C05843" type="compound"
        link="http://www.kegg.jp/dbget-bin/www_bget?C05843">
        <graphics name="C05843" fgcolor="#000000" bgcolor="#FFFFFF"
             type="circle" x="224" y="265" width="8" height="8"/>
    </entry>
    <entry id="168" name="cpd:C05842" type="compound"
        link="http://www.kegg.jp/dbget-bin/www_bget?C05842">
        <graphics name="C05842" fgcolor="#000000" bgcolor="#FFFFFF"
             type="circle" x="224" y="227" width="8" height="8"/>
    </entry>
    <entry id="169" name="cpd:C03043" type="compound"
        link="http://www.kegg.jp/dbget-bin/www_bget?C03043">
        <graphics name="C03043" fgcolor="#000000" bgcolor="#FFFFFF"
             type="circle" x="181" y="474" width="8" height="8"/>
    </entry>
    <entry id="170" name="cpd:C00153" type="compound"
        link="http://www.kegg.jp/dbget-bin/www_bget?C00153">
        <graphics name="C00153" fgcolor="#000000" bgcolor="#FFFFFF"
             type="circle" x="461" y="265" width="8" height="8"/>
    </entry>
    <entry id="174" name="ko:K15359 ko:K18276" type="ortholog" reaction="rn:R09472"
        link="http://www.kegg.jp/dbget-bin/www_bget?K15359+K18276">
        <graphics name="K15359..." fgcolor="#000000" bgcolor="#FFFFFF"
             type="rectangle" x="285" y="554" width="46" height="17"/>
    </entry>
    <entry id="175" name="cpd:C19631" type="compound"
        link="http://www.kegg.jp/dbget-bin/www_bget?C19631">
        <graphics name="C19631" fgcolor="#000000" bgcolor="#FFFFFF"
             type="circle" x="237" y="553" width="8" height="8"/>
    </entry>
    <entry id="176" name="cpd:C00232" type="compound"
        link="http://www.kegg.jp/dbget-bin/www_bget?C00232">
        <graphics name="C00232" fgcolor="#000000" bgcolor="#FFFFFF"
             type="circle" x="324" y="525" width="8" height="8"/>
    </entry>
    <entry id="177" name="cpd:C18232" type="compound"
        link="http://www.kegg.jp/dbget-bin/www_bget?C18232">
        <graphics name="C18232" fgcolor="#000000" bgcolor="#FFFFFF"
             type="circle" x="368" y="637" width="8" height="8"/>
    </entry>
    <entry id="178" name="ko:K15357" type="ortholog" reaction="rn:R09126"
        link="http://www.kegg.jp/dbget-bin/www_bget?K15357">
        <graphics name="K15357" fgcolor="#000000" bgcolor="#FFFFFF"
             type="rectangle" x="368" y="670" width="46" height="17"/>
    </entry>
    <entry id="179" name="ko:K11121" type="ortholog" reaction="rn:R00102"
        link="http://www.kegg.jp/dbget-bin/www_bget?K11121">
        <graphics name="K11121" fgcolor="#000000" bgcolor="#FFFFFF"
             type="rectangle" x="670" y="170" width="46" height="17"/>
    </entry>
    <entry id="181" name="ko:K01240" type="ortholog" reaction="rn:R10046"
        link="http://www.kegg.jp/dbget-bin/www_bget?K01240">
        <graphics name="K01240" fgcolor="#000000" bgcolor="#FFFFFF"
             type="rectangle" x="530" y="411" width="46" height="17"/>
    </entry>
    <entry id="182" name="ko:K01240" type="ortholog" reaction="rn:R01273"
        link="http://www.kegg.jp/dbget-bin/www_bget?K01240">
        <graphics name="K01240" fgcolor="#000000" bgcolor="#FFFFFF"
             type="rectangle" x="530" y="303" width="46" height="17"/>
    </entry>
    <entry id="183" name="ko:K18029 ko:K18030" type="ortholog" reaction="rn:R09473"
        link="http://www.kegg.jp/dbget-bin/www_bget?K18029+K18030">
        <graphics name="K18029..." fgcolor="#000000" bgcolor="#FFFFFF"
             type="rectangle" x="432" y="433" width="46" height="17"/>
    </entry>
    <entry id="184" name="hsa:683 hsa:952" type="gene" reaction="rn:R00119"
        link="http://www.kegg.jp/dbget-bin/www_bget?hsa:683+hsa:952">
        <graphics name="BST1, CD157..." fgcolor="#000000" bgcolor="#BFFFBF"
             type="rectangle" x="759" y="112" width="46" height="17"/>
    </entry>
    <relation entry1="101" entry2="109" type="ECrel">
        <subtype name="compound" value="162"/>
    </relation>
    <relation entry1="99" entry2="101" type="ECrel">
        <subtype name="compound" value="170"/>
    </relation>
    <relation entry1="98" entry2="101" type="ECrel">
        <subtype name="compound" value="170"/>
    </relation>
    <relation entry1="96" entry2="101" type="ECrel">
        <subtype name="compound" value="170"/>
    </relation>
    <relation entry1="98" entry2="99" type="ECrel">
        <subtype name="compound" value="170"/>
    </relation>
    <relation entry1="96" entry2="99" type="ECrel">
        <subtype name="compound" value="170"/>
    </relation>
    <relation entry1="96" entry2="98" type="ECrel">
        <subtype name="compound" value="170"/>
    </relation>
    <relation entry1="94" entry2="96" type="ECrel">
        <subtype name="compound" value="163"/>
    </relation>
    <relation entry1="93" entry2="96" type="ECrel">
        <subtype name="compound" value="163"/>
    </relation>
    <relation entry1="94" entry2="98" type="ECrel">
        <subtype name="compound" value="150"/>
    </relation>
    <relation entry1="93" entry2="98" type="ECrel">
        <subtype name="compound" value="150"/>
    </relation>
    <relation entry1="89" entry2="98" type="ECrel">
        <subtype name="compound" value="150"/>
    </relation>
    <relation entry1="90" entry2="98" type="ECrel">
        <subtype name="compound" value="150"/>
    </relation>
    <relation entry1="91" entry2="98" type="ECrel">
        <subtype name="compound" value="150"/>
    </relation>
    <relation entry1="92" entry2="98" type="ECrel">
        <subtype name="compound" value="150"/>
    </relation>
    <relation entry1="89" entry2="94" type="ECrel">
        <subtype name="compound" value="150"/>
    </relation>
    <relation entry1="90" entry2="94" type="ECrel">
        <subtype name="compound" value="150"/>
    </relation>
    <relation entry1="91" entry2="94" type="ECrel">
        <subtype name="compound" value="150"/>
    </relation>
    <relation entry1="92" entry2="94" type="ECrel">
        <subtype name="compound" value="150"/>
    </relation>
    <relation entry1="89" entry2="93" type="ECrel">
        <subtype name="compound" value="150"/>
    </relation>
    <relation entry1="90" entry2="93" type="ECrel">
        <subtype name="compound" value="150"/>
    </relation>
    <relation entry1="91" entry2="93" type="ECrel">
        <subtype name="compound" value="150"/>
    </relation>
    <relation entry1="92" entry2="93" type="ECrel">
        <subtype name="compound" value="150"/>
    </relation>
    <relation entry1="99" entry2="102" type="ECrel">
        <subtype name="compound" value="148"/>
    </relation>
    <relation entry1="99" entry2="104" type="ECrel">
        <subtype name="compound" value="148"/>
    </relation>
    <relation entry1="83" entry2="99" type="ECrel">
        <subtype name="compound" value="148"/>
    </relation>
    <relation entry1="89" entry2="99" type="ECrel">
        <subtype name="compound" value="148"/>
    </relation>
    <relation entry1="90" entry2="99" type="ECrel">
        <subtype name="compound" value="148"/>
    </relation>
    <relation entry1="91" entry2="99" type="ECrel">
        <subtype name="compound" value="148"/>
    </relation>
    <relation entry1="92" entry2="99" type="ECrel">
        <subtype name="compound" value="148"/>
    </relation>
    <relation entry1="83" entry2="102" type="ECrel">
        <subtype name="compound" value="148"/>
    </relation>
    <relation entry1="89" entry2="102" type="ECrel">
        <subtype name="compound" value="148"/>
    </relation>
    <relation entry1="90" entry2="102" type="ECrel">
        <subtype name="compound" value="148"/>
    </relation>
    <relation entry1="91" entry2="102" type="ECrel">
        <subtype name="compound" value="148"/>
    </relation>
    <relation entry1="92" entry2="102" type="ECrel">
        <subtype name="compound" value="148"/>
    </relation>
    <relation entry1="83" entry2="104" type="ECrel">
        <subtype name="compound" value="148"/>
    </relation>
    <relation entry1="89" entry2="104" type="ECrel">
        <subtype name="compound" value="148"/>
    </relation>
    <relation entry1="90" entry2="104" type="ECrel">
        <subtype name="compound" value="148"/>
    </relation>
    <relation entry1="91" entry2="104" type="ECrel">
        <subtype name="compound" value="148"/>
    </relation>
    <relation entry1="92" entry2="104" type="ECrel">
        <subtype name="compound" value="148"/>
    </relation>
    <relation entry1="83" entry2="89" type="ECrel">
        <subtype name="compound" value="148"/>
    </relation>
    <relation entry1="83" entry2="90" type="ECrel">
        <subtype name="compound" value="148"/>
    </relation>
    <relation entry1="83" entry2="91" type="ECrel">
        <subtype name="compound" value="148"/>
    </relation>
    <relation entry1="83" entry2="92" type="ECrel">
        <subtype name="compound" value="148"/>
    </relation>
    <relation entry1="82" entry2="83" type="ECrel">
        <subtype name="compound" value="149"/>
    </relation>
    <relation entry1="81" entry2="83" type="ECrel">
        <subtype name="compound" value="149"/>
    </relation>
    <relation entry1="76" entry2="83" type="ECrel">
        <subtype name="compound" value="149"/>
    </relation>
    <relation entry1="64" entry2="83" type="ECrel">
        <subtype name="compound" value="149"/>
    </relation>
    <relation entry1="81" entry2="86" type="ECrel">
        <subtype name="compound" value="151"/>
    </relation>
    <relation entry1="78" entry2="81" type="ECrel">
        <subtype name="compound" value="151"/>
    </relation>
    <relation entry1="77" entry2="81" type="ECrel">
        <subtype name="compound" value="151"/>
    </relation>
    <relation entry1="70" entry2="81" type="ECrel">
        <subtype name="compound" value="151"/>
    </relation>
    <relation entry1="82" entry2="86" type="ECrel">
        <subtype name="compound" value="151"/>
    </relation>
    <relation entry1="78" entry2="82" type="ECrel">
        <subtype name="compound" value="151"/>
    </relation>
    <relation entry1="77" entry2="82" type="ECrel">
        <subtype name="compound" value="151"/>
    </relation>
    <relation entry1="70" entry2="82" type="ECrel">
        <subtype name="compound" value="151"/>
    </relation>
    <relation entry1="78" entry2="86" type="ECrel">
        <subtype name="compound" value="151"/>
    </relation>
    <relation entry1="77" entry2="86" type="ECrel">
        <subtype name="compound" value="151"/>
    </relation>
    <relation entry1="70" entry2="86" type="ECrel">
        <subtype name="compound" value="151"/>
    </relation>
    <relation entry1="76" entry2="86" type="ECrel">
        <subtype name="compound" value="151"/>
    </relation>
    <relation entry1="64" entry2="86" type="ECrel">
        <subtype name="compound" value="151"/>
    </relation>
    <relation entry1="70" entry2="78" type="ECrel">
        <subtype name="compound" value="151"/>
    </relation>
    <relation entry1="76" entry2="78" type="ECrel">
        <subtype name="compound" value="151"/>
    </relation>
    <relation entry1="64" entry2="78" type="ECrel">
        <subtype name="compound" value="151"/>
    </relation>
    <relation entry1="70" entry2="77" type="ECrel">
        <subtype name="compound" value="151"/>
    </relation>
    <relation entry1="76" entry2="77" type="ECrel">
        <subtype name="compound" value="151"/>
    </relation>
    <relation entry1="64" entry2="77" type="ECrel">
        <subtype name="compound" value="151"/>
    </relation>
    <relation entry1="70" entry2="76" type="ECrel">
        <subtype name="compound" value="151"/>
    </relation>
    <relation entry1="64" entry2="70" type="ECrel">
        <subtype name="compound" value="151"/>
    </relation>
    <relation entry1="78" entry2="79" type="ECrel">
        <subtype name="compound" value="165"/>
    </relation>
    <relation entry1="77" entry2="79" type="ECrel">
        <subtype name="compound" value="165"/>
    </relation>
    <relation entry1="79" entry2="86" type="ECrel">
        <subtype name="compound" value="160"/>
    </relation>
    <relation entry1="70" entry2="67" type="maplink">
        <subtype name="compound" value="152"/>
    </relation>
    <relation entry1="48" entry2="49" type="maplink">
        <subtype name="compound" value="129"/>
    </relation>
    <relation entry1="79" entry2="46" type="maplink">
        <subtype name="compound" value="160"/>
    </relation>
    <relation entry1="86" entry2="46" type="maplink">
        <subtype name="compound" value="160"/>
    </relation>
    <relation entry1="108" entry2="101" type="ECrel">
        <subtype name="compound" value="162"/>
    </relation>
    <relation entry1="184" entry2="104" type="ECrel">
        <subtype name="compound" value="147"/>
    </relation>
    <relation entry1="184" entry2="102" type="ECrel">
        <subtype name="compound" value="147"/>
    </relation>
    <relation entry1="101" entry2="184" type="ECrel">
        <subtype name="compound" value="170"/>
    </relation>
    <relation entry1="184" entry2="99" type="ECrel">
        <subtype name="compound" value="170"/>
    </relation>
    <relation entry1="184" entry2="98" type="ECrel">
        <subtype name="compound" value="170"/>
    </relation>
    <relation entry1="184" entry2="96" type="ECrel">
        <subtype name="compound" value="170"/>
    </relation>
    <reaction id="64" name="rn:R03004" type="irreversible">
        <substrate id="149" name="cpd:C00857"/>
        <product id="151" name="cpd:C01185"/>
    </reaction>
    <reaction id="70" name="rn:R03348" type="irreversible">
        <substrate id="152" name="cpd:C03722"/>
        <product id="151" name="cpd:C01185"/>
    </reaction>
    <reaction id="76" name="rn:R03004" type="irreversible">
        <substrate id="149" name="cpd:C00857"/>
        <product id="151" name="cpd:C01185"/>
    </reaction>
    <reaction id="77" name="rn:R03346" type="irreversible">
        <substrate id="151" name="cpd:C01185"/>
        <product id="165" name="cpd:C05841"/>
    </reaction>
    <reaction id="78" name="rn:R03347" type="irreversible">
        <substrate id="165" name="cpd:C05841"/>
        <product id="151" name="cpd:C01185"/>
    </reaction>
    <reaction id="79" name="rn:R02295" type="reversible">
        <substrate id="165" name="cpd:C05841"/>
        <product id="160" name="cpd:C00253"/>
    </reaction>
    <reaction id="81" name="rn:R03005" type="reversible">
        <substrate id="151" name="cpd:C01185"/>
        <product id="149" name="cpd:C00857"/>
    </reaction>
    <reaction id="82" name="rn:R03005" type="reversible">
        <substrate id="151" name="cpd:C01185"/>
        <product id="149" name="cpd:C00857"/>
    </reaction>
    <reaction id="83" name="rn:R00257" type="irreversible">
        <substrate id="149" name="cpd:C00857"/>
        <product id="148" name="cpd:C00003"/>
    </reaction>
    <reaction id="86" name="rn:R01724" type="reversible">
        <substrate id="151" name="cpd:C01185"/>
        <product id="160" name="cpd:C00253"/>
    </reaction>
    <reaction id="89" name="rn:R00103" type="irreversible">
        <substrate id="148" name="cpd:C00003"/>
        <product id="150" name="cpd:C00455"/>
    </reaction>
    <reaction id="90" name="rn:R00103" type="irreversible">
        <substrate id="148" name="cpd:C00003"/>
        <product id="150" name="cpd:C00455"/>
    </reaction>
    <reaction id="91" name="rn:R00137" type="reversible">
        <substrate id="150" name="cpd:C00455"/>
        <product id="148" name="cpd:C00003"/>
    </reaction>
    <reaction id="92" name="rn:R00137" type="reversible">
        <substrate id="150" name="cpd:C00455"/>
        <product id="148" name="cpd:C00003"/>
    </reaction>
    <reaction id="93" name="rn:R02323" type="irreversible">
        <substrate id="150" name="cpd:C00455"/>
        <product id="163" name="cpd:C03150"/>
    </reaction>
    <reaction id="94" name="rn:R02324" type="irreversible">
        <substrate id="163" name="cpd:C03150"/>
        <product id="150" name="cpd:C00455"/>
    </reaction>
    <reaction id="96" name="rn:R02294" type="reversible">
        <substrate id="163" name="cpd:C03150"/>
        <product id="170" name="cpd:C00153"/>
    </reaction>
    <reaction id="98" name="rn:R01271" type="reversible">
        <substrate id="150" name="cpd:C00455"/>
        <product id="170" name="cpd:C00153"/>
    </reaction>
    <reaction id="99" name="rn:R00102" type="irreversible">
        <substrate id="148" name="cpd:C00003"/>
        <product id="170" name="cpd:C00153"/>
    </reaction>
    <reaction id="101" name="rn:R01269" type="irreversible">
        <substrate id="170" name="cpd:C00153"/>
        <product id="162" name="cpd:C02918"/>
    </reaction>
    <reaction id="109" name="rn:R04085" type="irreversible">
        <substrate id="162" name="cpd:C02918"/>
        <product id="167" name="cpd:C05843"/>
    </reaction>
    <reaction id="102" name="rn:R00104" type="irreversible">
        <substrate id="148" name="cpd:C00003"/>
        <product id="147" name="cpd:C00006"/>
    </reaction>
    <reaction id="104" name="rn:R00112" type="reversible">
        <substrate id="148" name="cpd:C00003"/>
        <product id="147" name="cpd:C00006"/>
    </reaction>
    <reaction id="108" name="rn:R08408" type="irreversible">
        <substrate id="162" name="cpd:C02918"/>
        <product id="168" name="cpd:C05842"/>
    </reaction>
    <reaction id="184" name="rn:R00119" type="irreversible">
        <substrate id="147" name="cpd:C00006"/>
        <product id="170" name="cpd:C00153"/>
    </reaction>
</pathway>
