<?xml version="1.0"?>
<!DOCTYPE pathway SYSTEM "http://www.kegg.jp/kegg/xml/KGML_v0.7.1_.dtd">
<!-- Creation date: Jun 3, 2014 17:28:46 +0900 (GMT+09:00) -->
<pathway name="path:hsa00380" org="hsa" number="00380"
         title="Tryptophan metabolism"
         image="http://www.kegg.jp/kegg/pathway/hsa/hsa00380.png"
         link="http://www.kegg.jp/kegg-bin/show_pathway?hsa00380">
    <entry id="14" name="hsa:847" type="gene" reaction="rn:R02670"
        link="http://www.kegg.jp/dbget-bin/www_bget?hsa:847">
        <graphics name="CAT" fgcolor="#000000" bgcolor="#BFFFBF"
             type="rectangle" x="771" y="695" width="46" height="17"/>
    </entry>
    <entry id="30" name="hsa:1962 hsa:3033" type="gene" reaction="rn:R01975"
        link="http://www.kegg.jp/dbget-bin/www_bget?hsa:1962+hsa:3033">
        <graphics name="EHHADH, ECHD, FRTS3, L-PBE, LBFP, LBP, PBFE..." fgcolor="#000000" bgcolor="#BFFFBF"
             type="rectangle" x="211" y="922" width="46" height="17"/>
    </entry>
    <entry id="72" name="hsa:169355 hsa:3620" type="gene" reaction="rn:R00678"
        link="http://www.kegg.jp/dbget-bin/www_bget?hsa:169355+hsa:3620">
        <graphics name="IDO2, INDOL1..." fgcolor="#000000" bgcolor="#BFFFBF"
             type="rectangle" x="543" y="543" width="46" height="17"/>
    </entry>
    <entry id="73" name="ko:K04103" type="ortholog" reaction="rn:R01974"
        link="http://www.kegg.jp/dbget-bin/www_bget?K04103">
        <graphics name="K04103" fgcolor="#000000" bgcolor="#FFFFFF"
             type="rectangle" x="896" y="265" width="46" height="17"/>
    </entry>
    <entry id="74" name="path:hsa00760" type="map"
        link="http://www.kegg.jp/dbget-bin/www_bget?hsa00760">
        <graphics name="Nicotinate and nicotinamide metabolism" fgcolor="#000000" bgcolor="#FFFFFF"
             type="roundrectangle" x="950" y="811" width="146" height="25"/>
    </entry>
    <entry id="75" name="ko:K14265 ko:K00838" type="ortholog" reaction="rn:R02700"
        link="http://www.kegg.jp/dbget-bin/www_bget?K14265+K00838">
        <graphics name="K14265..." fgcolor="#000000" bgcolor="#FFFFFF"
             type="rectangle" x="518" y="153" width="46" height="17"/>
    </entry>
    <entry id="76" name="hsa:259307" type="gene" reaction="rn:R00677"
        link="http://www.kegg.jp/dbget-bin/www_bget?hsa:259307">
        <graphics name="IL4I1, FIG1, LAAO, LAO" fgcolor="#000000" bgcolor="#BFFFBF"
             type="rectangle" x="642" y="257" width="46" height="17"/>
    </entry>
    <entry id="77" name="hsa:169355 hsa:3620" type="gene" reaction="rn:R03628"
        link="http://www.kegg.jp/dbget-bin/www_bget?hsa:169355+hsa:3620">
        <graphics name="IDO2, INDOL1..." fgcolor="#000000" bgcolor="#BFFFBF"
             type="rectangle" x="924" y="185" width="46" height="17"/>
    </entry>
    <entry id="78" name="hsa:1543 hsa:1544 hsa:1545" type="gene" reaction="rn:R03629"
        link="http://www.kegg.jp/dbget-bin/www_bget?hsa:1543+hsa:1544+hsa:1545">
        <graphics name="CYP1A1, AHH, AHRR, CP11, CYP1, P1-450, P450-C, P450DX..." fgcolor="#000000" bgcolor="#BFFFBF"
             type="rectangle" x="924" y="210" width="46" height="17"/>
    </entry>
    <entry id="79" name="hsa:438" type="gene" reaction="rn:R03130"
        link="http://www.kegg.jp/dbget-bin/www_bget?hsa:438">
        <graphics name="ASMT, ASMTY, HIOMT, HIOMTY" fgcolor="#000000" bgcolor="#BFFFBF"
             type="rectangle" x="812" y="210" width="46" height="17"/>
    </entry>
    <entry id="81" name="hsa:15" type="gene" reaction="rn:R02911"
        link="http://www.kegg.jp/dbget-bin/www_bget?hsa:15">
        <graphics name="AANAT, DSPS, SNAT" fgcolor="#000000" bgcolor="#BFFFBF"
             type="rectangle" x="682" y="210" width="46" height="17"/>
    </entry>
    <entry id="82" name="hsa:169355 hsa:3620" type="gene" reaction="rn:R02909"
        link="http://www.kegg.jp/dbget-bin/www_bget?hsa:169355+hsa:3620">
        <graphics name="IDO2, INDOL1..." fgcolor="#000000" bgcolor="#BFFFBF"
             type="rectangle" x="682" y="159" width="46" height="17"/>
    </entry>
    <entry id="83" name="hsa:438" type="gene" reaction="rn:R04905"
        link="http://www.kegg.jp/dbget-bin/www_bget?hsa:438">
        <graphics name="ASMT, ASMTY, HIOMT, HIOMTY" fgcolor="#000000" bgcolor="#BFFFBF"
             type="rectangle" x="812" y="81" width="46" height="17"/>
    </entry>
    <entry id="84" name="hsa:4128 hsa:4129" type="gene" reaction="rn:R04908"
        link="http://www.kegg.jp/dbget-bin/www_bget?hsa:4128+hsa:4129">
        <graphics name="MAOA, MAO-A..." fgcolor="#000000" bgcolor="#BFFFBF"
             type="rectangle" x="276" y="133" width="46" height="17"/>
    </entry>
    <entry id="85" name="hsa:1644" type="gene" reaction="rn:R04909"
        link="http://www.kegg.jp/dbget-bin/www_bget?hsa:1644">
        <graphics name="DDC, AADC" fgcolor="#000000" bgcolor="#BFFFBF"
             type="rectangle" x="324" y="169" width="46" height="17"/>
    </entry>
    <entry id="87" name="hsa:1644" type="gene" reaction="rn:R02701"
        link="http://www.kegg.jp/dbget-bin/www_bget?hsa:1644">
        <graphics name="DDC, AADC" fgcolor="#000000" bgcolor="#BFFFBF"
             type="rectangle" x="576" y="210" width="46" height="17"/>
    </entry>
    <entry id="88" name="hsa:169355 hsa:3620" type="gene" reaction="rn:R02702"
        link="http://www.kegg.jp/dbget-bin/www_bget?hsa:169355+hsa:3620">
        <graphics name="IDO2, INDOL1..." fgcolor="#000000" bgcolor="#BFFFBF"
             type="rectangle" x="469" y="210" width="46" height="17"/>
    </entry>
    <entry id="89" name="ko:K14265 ko:K00838" type="ortholog" reaction="rn:R00684"
        link="http://www.kegg.jp/dbget-bin/www_bget?K14265+K00838">
        <graphics name="K14265..." fgcolor="#000000" bgcolor="#FFFFFF"
             type="rectangle" x="642" y="276" width="46" height="17"/>
    </entry>
    <entry id="92" name="ko:K03393" type="ortholog" reaction="rn:R02339"
        link="http://www.kegg.jp/dbget-bin/www_bget?K03393">
        <graphics name="K03393" fgcolor="#000000" bgcolor="#FFFFFF"
             type="rectangle" x="375" y="346" width="46" height="17"/>
    </entry>
    <entry id="93" name="hsa:125061" type="gene" reaction="rn:R01959"
        link="http://www.kegg.jp/dbget-bin/www_bget?hsa:125061">
        <graphics name="AFMID, FKF, KF, KFA" fgcolor="#000000" bgcolor="#BFFFBF"
             type="rectangle" x="518" y="603" width="46" height="17"/>
    </entry>
    <entry id="96" name="hsa:38 hsa:39" type="gene" reaction="rn:R00238"
        link="http://www.kegg.jp/dbget-bin/www_bget?hsa:38+hsa:39">
        <graphics name="ACAT1, ACAT, MAT, T2, THIL..." fgcolor="#000000" bgcolor="#BFFFBF"
             type="rectangle" x="113" y="923" width="46" height="17"/>
    </entry>
    <entry id="97" name="hsa:1892 hsa:1962 hsa:3030" type="gene" reaction="rn:R03026"
        link="http://www.kegg.jp/dbget-bin/www_bget?hsa:1892+hsa:1962+hsa:3030">
        <graphics name="ECHS1, SCEH..." fgcolor="#000000" bgcolor="#BFFFBF"
             type="rectangle" x="306" y="922" width="46" height="17"/>
    </entry>
    <entry id="98" name="hsa:2639" type="gene" reaction="rn:R02488"
        link="http://www.kegg.jp/dbget-bin/www_bget?hsa:2639">
        <graphics name="GCDH, ACAD5, GCD" fgcolor="#000000" bgcolor="#BFFFBF"
             type="rectangle" x="396" y="923" width="46" height="17"/>
    </entry>
    <entry id="99" name="hsa:4967 hsa:55753" type="gene" reaction="rn:R01933"
        link="http://www.kegg.jp/dbget-bin/www_bget?hsa:4967+hsa:55753">
        <graphics name="OGDH, AKGDH, E1k, OGDC..." fgcolor="#000000" bgcolor="#BFFFBF"
             type="rectangle" x="494" y="922" width="46" height="17"/>
    </entry>
    <entry id="100" name="ko:K10217" type="ortholog" reaction="rn:R03889"
        link="http://www.kegg.jp/dbget-bin/www_bget?K10217">
        <graphics name="K10217" fgcolor="#000000" bgcolor="#FFFFFF"
             type="rectangle" x="675" y="889" width="46" height="17"/>
    </entry>
    <entry id="101" name="hsa:130013" type="gene" reaction="rn:R04323"
        link="http://www.kegg.jp/dbget-bin/www_bget?hsa:130013">
        <graphics name="ACMSD" fgcolor="#000000" bgcolor="#BFFFBF"
             type="rectangle" x="675" y="832" width="46" height="17"/>
    </entry>
    <entry id="102" name="hsa:23498" type="gene" reaction="rn:R02665"
        link="http://www.kegg.jp/dbget-bin/www_bget?hsa:23498">
        <graphics name="HAAO, 3-HAO, HAO" fgcolor="#000000" bgcolor="#BFFFBF"
             type="rectangle" x="674" y="781" width="46" height="17"/>
    </entry>
    <entry id="103" name="hsa:8942" type="gene" reaction="rn:R03936"
        link="http://www.kegg.jp/dbget-bin/www_bget?hsa:8942">
        <graphics name="KYNU" fgcolor="#000000" bgcolor="#BFFFBF"
             type="rectangle" x="576" y="575" width="46" height="17"/>
    </entry>
    <entry id="104" name="hsa:8564" type="gene" reaction="rn:R01960"
        link="http://www.kegg.jp/dbget-bin/www_bget?hsa:8564">
        <graphics name="KMO, dJ317G22.1" fgcolor="#000000" bgcolor="#BFFFBF"
             type="rectangle" x="517" y="690" width="46" height="17"/>
    </entry>
    <entry id="105" name="hsa:8942" type="gene" reaction="rn:R00987"
        link="http://www.kegg.jp/dbget-bin/www_bget?hsa:8942">
        <graphics name="KYNU" fgcolor="#000000" bgcolor="#BFFFBF"
             type="rectangle" x="576" y="640" width="46" height="17"/>
    </entry>
    <entry id="106" name="hsa:125061" type="gene" reaction="rn:R00988"
        link="http://www.kegg.jp/dbget-bin/www_bget?hsa:125061">
        <graphics name="AFMID, FKF, KF, KFA" fgcolor="#000000" bgcolor="#BFFFBF"
             type="rectangle" x="675" y="603" width="46" height="17"/>
    </entry>
    <entry id="107" name="hsa:8942" type="gene" reaction="rn:R02668"
        link="http://www.kegg.jp/dbget-bin/www_bget?hsa:8942">
        <graphics name="KYNU" fgcolor="#000000" bgcolor="#BFFFBF"
             type="rectangle" x="576" y="739" width="46" height="17"/>
    </entry>
    <entry id="108" name="hsa:6999" type="gene" reaction="rn:R00678"
        link="http://www.kegg.jp/dbget-bin/www_bget?hsa:6999">
        <graphics name="TDO2, TDO, TO, TPH2, TRPO" fgcolor="#000000" bgcolor="#BFFFBF"
             type="rectangle" x="493" y="543" width="46" height="17"/>
    </entry>
    <entry id="109" name="ko:K01667" type="ortholog" reaction="rn:R00673"
        link="http://www.kegg.jp/dbget-bin/www_bget?K01667">
        <graphics name="K01667" fgcolor="#000000" bgcolor="#FFFFFF"
             type="rectangle" x="469" y="346" width="46" height="17"/>
    </entry>
    <entry id="110" name="hsa:121278 hsa:7166" type="gene" reaction="rn:R01814"
        link="http://www.kegg.jp/dbget-bin/www_bget?hsa:121278+hsa:7166">
        <graphics name="TPH2, ADHD7, NTPH..." fgcolor="#000000" bgcolor="#BFFFBF"
             type="rectangle" x="518" y="249" width="46" height="17"/>
    </entry>
    <entry id="112" name="hsa:51166 hsa:56267 hsa:883" type="gene" reaction="rn:R04171"
        link="http://www.kegg.jp/dbget-bin/www_bget?hsa:51166+hsa:56267+hsa:883">
        <graphics name="AADAT, KAT2, KATII..." fgcolor="#000000" bgcolor="#BFFFBF"
             type="rectangle" x="469" y="740" width="46" height="17"/>
    </entry>
    <entry id="113" name="hsa:51166 hsa:56267 hsa:883" type="gene" reaction="rn:R01956"
        link="http://www.kegg.jp/dbget-bin/www_bget?hsa:51166+hsa:56267+hsa:883">
        <graphics name="AADAT, KAT2, KATII..." fgcolor="#000000" bgcolor="#BFFFBF"
             type="rectangle" x="469" y="641" width="46" height="17"/>
    </entry>
    <entry id="115" name="hsa:4128 hsa:4129" type="gene" reaction="rn:R04907"
        link="http://www.kegg.jp/dbget-bin/www_bget?hsa:4128+hsa:4129">
        <graphics name="MAOA, MAO-A..." fgcolor="#000000" bgcolor="#BFFFBF"
             type="rectangle" x="469" y="811" width="46" height="17"/>
    </entry>
    <entry id="121" name="ko:K00466" type="ortholog" reaction="rn:R00679"
        link="http://www.kegg.jp/dbget-bin/www_bget?K00466">
        <graphics name="K00466" fgcolor="#000000" bgcolor="#FFFFFF"
             type="rectangle" x="682" y="526" width="46" height="17"/>
    </entry>
    <entry id="122" name="hsa:1644" type="gene" reaction="rn:R00685"
        link="http://www.kegg.jp/dbget-bin/www_bget?hsa:1644">
        <graphics name="DDC, AADC" fgcolor="#000000" bgcolor="#BFFFBF"
             type="rectangle" x="576" y="347" width="46" height="17"/>
    </entry>
    <entry id="123" name="hsa:4128 hsa:4129" type="gene" reaction="rn:R02908"
        link="http://www.kegg.jp/dbget-bin/www_bget?hsa:4128+hsa:4129">
        <graphics name="MAOA, MAO-A..." fgcolor="#000000" bgcolor="#BFFFBF"
             type="rectangle" x="630" y="117" width="46" height="17"/>
    </entry>
    <entry id="125" name="ko:K11817" type="ortholog" reaction="rn:R02681"
        link="http://www.kegg.jp/dbget-bin/www_bget?K11817">
        <graphics name="K11817" fgcolor="#000000" bgcolor="#FFFFFF"
             type="rectangle" x="991" y="393" width="46" height="17"/>
    </entry>
    <entry id="126" name="hsa:217 hsa:219 hsa:223 hsa:224 hsa:501" type="gene" reaction="rn:R02678"
        link="http://www.kegg.jp/dbget-bin/www_bget?hsa:217+hsa:219+hsa:223+hsa:224+hsa:501">
        <graphics name="ALDH2, ALDH-E2, ALDHI, ALDM..." fgcolor="#000000" bgcolor="#BFFFBF"
             type="rectangle" x="941" y="393" width="46" height="17"/>
    </entry>
    <entry id="129" name="path:hsa00400" type="map"
        link="http://www.kegg.jp/dbget-bin/www_bget?hsa00400">
        <graphics name="Phenylalanine, tyrosine and tryptophan biosynthesis" fgcolor="#000000" bgcolor="#FFFFFF"
             type="roundrectangle" x="407" y="481" width="79" height="34"/>
    </entry>
    <entry id="130" name="path:hsa00380" type="map"
        link="http://www.kegg.jp/dbget-bin/www_bget?hsa00380">
        <graphics name="TITLE:Tryptophan metabolism" fgcolor="#000000" bgcolor="#FFFFFF"
             type="roundrectangle" x="147" y="61" width="213" height="25"/>
    </entry>
    <entry id="131" name="path:hsa00010" type="map"
        link="http://www.kegg.jp/dbget-bin/www_bget?hsa00010">
        <graphics name="Glycolysis / Gluconeogenesis" fgcolor="#000000" bgcolor="#FFFFFF"
             type="roundrectangle" x="63" y="851" width="70" height="25"/>
    </entry>
    <entry id="132" name="hsa:125061" type="gene" reaction="rn:R04911"
        link="http://www.kegg.jp/dbget-bin/www_bget?hsa:125061">
        <graphics name="AFMID, FKF, KF, KFA" fgcolor="#000000" bgcolor="#BFFFBF"
             type="rectangle" x="375" y="210" width="46" height="17"/>
    </entry>
    <entry id="133" name="hsa:217 hsa:219 hsa:223 hsa:224 hsa:501" type="gene" reaction="rn:R04903"
        link="http://www.kegg.jp/dbget-bin/www_bget?hsa:217+hsa:219+hsa:223+hsa:224+hsa:501">
        <graphics name="ALDH2, ALDH-E2, ALDHI, ALDM..." fgcolor="#000000" bgcolor="#BFFFBF"
             type="rectangle" x="682" y="71" width="46" height="17"/>
    </entry>
    <entry id="134" name="hsa:316" type="gene" reaction="rn:R04904"
        link="http://www.kegg.jp/dbget-bin/www_bget?hsa:316">
        <graphics name="AOX1, AO, AOH1" fgcolor="#000000" bgcolor="#BFFFBF"
             type="rectangle" x="682" y="92" width="46" height="17"/>
    </entry>
    <entry id="140" name="hsa:4128 hsa:4129" type="gene" reaction="rn:R02173"
        link="http://www.kegg.jp/dbget-bin/www_bget?hsa:4128+hsa:4129">
        <graphics name="MAOA, MAO-A..." fgcolor="#000000" bgcolor="#BFFFBF"
             type="rectangle" x="755" y="323" width="46" height="17"/>
    </entry>
    <entry id="141" name="ko:K01721" type="ortholog" reaction="rn:R04020"
        link="http://www.kegg.jp/dbget-bin/www_bget?K01721">
        <graphics name="K01721" fgcolor="#000000" bgcolor="#FFFFFF"
             type="rectangle" x="875" y="492" width="46" height="17"/>
    </entry>
    <entry id="142" name="ko:K01426" type="ortholog" reaction="rn:R03096"
        link="http://www.kegg.jp/dbget-bin/www_bget?K01426">
        <graphics name="K01426" fgcolor="#000000" bgcolor="#FFFFFF"
             type="rectangle" x="920" y="525" width="46" height="17"/>
    </entry>
    <entry id="143" name="ko:K01501" type="ortholog" reaction="rn:R03093"
        link="http://www.kegg.jp/dbget-bin/www_bget?K01501">
        <graphics name="K01501" fgcolor="#000000" bgcolor="#FFFFFF"
             type="rectangle" x="920" y="470" width="46" height="17"/>
    </entry>
    <entry id="144" name="ko:K01237" type="ortholog" reaction="rn:R04094"
        link="http://www.kegg.jp/dbget-bin/www_bget?K01237">
        <graphics name="K01237" fgcolor="#000000" bgcolor="#FFFFFF"
             type="rectangle" x="812" y="471" width="46" height="17"/>
    </entry>
    <entry id="147" name="hsa:26" type="gene" reaction="rn:R02173"
        link="http://www.kegg.jp/dbget-bin/www_bget?hsa:26">
        <graphics name="AOC1, ABP, ABP1, DAO, DAO1, KAO" fgcolor="#000000" bgcolor="#BFFFBF"
             type="rectangle" x="755" y="302" width="46" height="17"/>
    </entry>
    <entry id="148" name="path:map00627" type="map"
        link="http://www.kegg.jp/dbget-bin/www_bget?map00627">
        <graphics name="Aminobenzoate degradation" fgcolor="#000000" bgcolor="#FFFFFF"
             type="roundrectangle" x="913" y="619" width="150" height="25"/>
    </entry>
    <entry id="149" name="hsa:11185" type="gene" reaction="rn:R02910"
        link="http://www.kegg.jp/dbget-bin/www_bget?hsa:11185">
        <graphics name="INMT, TEMT" fgcolor="#000000" bgcolor="#BFFFBF"
             type="rectangle" x="682" y="184" width="46" height="17"/>
    </entry>
    <entry id="150" name="hsa:11185" type="gene" reaction="rn:R02174"
        link="http://www.kegg.jp/dbget-bin/www_bget?hsa:11185">
        <graphics name="INMT, TEMT" fgcolor="#000000" bgcolor="#BFFFBF"
             type="rectangle" x="591" y="313" width="46" height="17"/>
    </entry>
    <entry id="151" name="ko:K15067" type="ortholog" reaction="rn:R03887"
        link="http://www.kegg.jp/dbget-bin/www_bget?K15067">
        <graphics name="K15067" fgcolor="#000000" bgcolor="#FFFFFF"
             type="rectangle" x="726" y="923" width="46" height="17"/>
    </entry>
    <entry id="152" name="cpd:C05663" type="compound"
        link="http://www.kegg.jp/dbget-bin/www_bget?C05663">
        <graphics name="C05663" fgcolor="#000000" bgcolor="#FFFFFF"
             type="circle" x="133" y="210" width="8" height="8"/>
    </entry>
    <entry id="153" name="cpd:C05639" type="compound"
        link="http://www.kegg.jp/dbget-bin/www_bget?C05639">
        <graphics name="C05639" fgcolor="#000000" bgcolor="#FFFFFF"
             type="circle" x="228" y="132" width="8" height="8"/>
    </entry>
    <entry id="154" name="cpd:C05652" type="compound"
        link="http://www.kegg.jp/dbget-bin/www_bget?C05652">
        <graphics name="C05652" fgcolor="#000000" bgcolor="#FFFFFF"
             type="circle" x="228" y="210" width="8" height="8"/>
    </entry>
    <entry id="155" name="cpd:C05638" type="compound"
        link="http://www.kegg.jp/dbget-bin/www_bget?C05638">
        <graphics name="C05638" fgcolor="#000000" bgcolor="#FFFFFF"
             type="circle" x="323" y="132" width="8" height="8"/>
    </entry>
    <entry id="156" name="cpd:C05651" type="compound"
        link="http://www.kegg.jp/dbget-bin/www_bget?C05651">
        <graphics name="C05651" fgcolor="#000000" bgcolor="#FFFFFF"
             type="circle" x="323" y="210" width="8" height="8"/>
    </entry>
    <entry id="157" name="cpd:C05648" type="compound"
        link="http://www.kegg.jp/dbget-bin/www_bget?C05648">
        <graphics name="C05648" fgcolor="#000000" bgcolor="#FFFFFF"
             type="circle" x="419" y="210" width="8" height="8"/>
    </entry>
    <entry id="158" name="cpd:C02172" type="compound"
        link="http://www.kegg.jp/dbget-bin/www_bget?C02172">
        <graphics name="C02172" fgcolor="#000000" bgcolor="#FFFFFF"
             type="circle" x="133" y="345" width="8" height="8"/>
    </entry>
    <entry id="159" name="cpd:C02298" type="compound"
        link="http://www.kegg.jp/dbget-bin/www_bget?C02298">
        <graphics name="C02298" fgcolor="#000000" bgcolor="#FFFFFF"
             type="circle" x="228" y="345" width="8" height="8"/>
    </entry>
    <entry id="160" name="cpd:C05658" type="compound"
        link="http://www.kegg.jp/dbget-bin/www_bget?C05658">
        <graphics name="C05658" fgcolor="#000000" bgcolor="#FFFFFF"
             type="circle" x="323" y="345" width="8" height="8"/>
    </entry>
    <entry id="161" name="cpd:C02775" type="compound"
        link="http://www.kegg.jp/dbget-bin/www_bget?C02775">
        <graphics name="C02775" fgcolor="#000000" bgcolor="#FFFFFF"
             type="circle" x="846" y="672" width="8" height="8"/>
    </entry>
    <entry id="162" name="cpd:C05655" type="compound"
        link="http://www.kegg.jp/dbget-bin/www_bget?C05655">
        <graphics name="C05655" fgcolor="#000000" bgcolor="#FFFFFF"
             type="circle" x="133" y="470" width="8" height="8"/>
    </entry>
    <entry id="163" name="cpd:C05654" type="compound"
        link="http://www.kegg.jp/dbget-bin/www_bget?C05654">
        <graphics name="C05654" fgcolor="#000000" bgcolor="#FFFFFF"
             type="circle" x="228" y="470" width="8" height="8"/>
    </entry>
    <entry id="164" name="cpd:C05656" type="compound"
        link="http://www.kegg.jp/dbget-bin/www_bget?C05656">
        <graphics name="C05656" fgcolor="#000000" bgcolor="#FFFFFF"
             type="circle" x="228" y="525" width="8" height="8"/>
    </entry>
    <entry id="165" name="cpd:C05641" type="compound"
        link="http://www.kegg.jp/dbget-bin/www_bget?C05641">
        <graphics name="C05641" fgcolor="#000000" bgcolor="#FFFFFF"
             type="circle" x="133" y="525" width="8" height="8"/>
    </entry>
    <entry id="166" name="cpd:C01111" type="compound"
        link="http://www.kegg.jp/dbget-bin/www_bget?C01111">
        <graphics name="C01111" fgcolor="#000000" bgcolor="#FFFFFF"
             type="circle" x="133" y="641" width="8" height="8"/>
    </entry>
    <entry id="167" name="cpd:C01249" type="compound"
        link="http://www.kegg.jp/dbget-bin/www_bget?C01249">
        <graphics name="C01249" fgcolor="#000000" bgcolor="#FFFFFF"
             type="circle" x="228" y="641" width="8" height="8"/>
    </entry>
    <entry id="168" name="cpd:C00024" type="compound"
        link="http://www.kegg.jp/dbget-bin/www_bget?C00024">
        <graphics name="C00024" fgcolor="#000000" bgcolor="#FFFFFF"
             type="circle" x="62" y="922" width="8" height="8"/>
    </entry>
    <entry id="169" name="cpd:C01717" type="compound"
        link="http://www.kegg.jp/dbget-bin/www_bget?C01717">
        <graphics name="C01717" fgcolor="#000000" bgcolor="#FFFFFF"
             type="circle" x="323" y="641" width="8" height="8"/>
    </entry>
    <entry id="170" name="cpd:C01252" type="compound"
        link="http://www.kegg.jp/dbget-bin/www_bget?C01252">
        <graphics name="C01252" fgcolor="#000000" bgcolor="#FFFFFF"
             type="circle" x="419" y="641" width="8" height="8"/>
    </entry>
    <entry id="171" name="cpd:C00328" type="compound"
        link="http://www.kegg.jp/dbget-bin/www_bget?C00328">
        <graphics name="C00328" fgcolor="#000000" bgcolor="#FFFFFF"
             type="circle" x="518" y="641" width="8" height="8"/>
    </entry>
    <entry id="172" name="cpd:C02700" type="compound"
        link="http://www.kegg.jp/dbget-bin/www_bget?C02700">
        <graphics name="C02700" fgcolor="#000000" bgcolor="#FFFFFF"
             type="circle" x="518" y="575" width="8" height="8"/>
    </entry>
    <entry id="173" name="cpd:C00463" type="compound"
        link="http://www.kegg.jp/dbget-bin/www_bget?C00463">
        <graphics name="C00463" fgcolor="#000000" bgcolor="#FFFFFF"
             type="circle" x="419" y="345" width="8" height="8"/>
    </entry>
    <entry id="174" name="cpd:C03574" type="compound"
        link="http://www.kegg.jp/dbget-bin/www_bget?C03574">
        <graphics name="C03574" fgcolor="#000000" bgcolor="#FFFFFF"
             type="circle" x="419" y="408" width="8" height="8"/>
    </entry>
    <entry id="175" name="cpd:C03230" type="compound"
        link="http://www.kegg.jp/dbget-bin/www_bget?C03230">
        <graphics name="C03230" fgcolor="#000000" bgcolor="#FFFFFF"
             type="circle" x="419" y="276" width="8" height="8"/>
    </entry>
    <entry id="176" name="cpd:C02693" type="compound"
        link="http://www.kegg.jp/dbget-bin/www_bget?C02693">
        <graphics name="C02693" fgcolor="#000000" bgcolor="#FFFFFF"
             type="circle" x="875" y="525" width="8" height="8"/>
    </entry>
    <entry id="177" name="cpd:C05646" type="compound"
        link="http://www.kegg.jp/dbget-bin/www_bget?C05646">
        <graphics name="C05646" fgcolor="#000000" bgcolor="#FFFFFF"
             type="circle" x="518" y="111" width="8" height="8"/>
    </entry>
    <entry id="178" name="cpd:C00643" type="compound"
        link="http://www.kegg.jp/dbget-bin/www_bget?C00643">
        <graphics name="C00643" fgcolor="#000000" bgcolor="#FFFFFF"
             type="circle" x="518" y="210" width="8" height="8"/>
    </entry>
    <entry id="179" name="cpd:C00078" type="compound"
        link="http://www.kegg.jp/dbget-bin/www_bget?C00078">
        <graphics name="C00078" fgcolor="#000000" bgcolor="#FFFFFF"
             type="circle" x="518" y="345" width="8" height="8"/>
    </entry>
    <entry id="180" name="cpd:C00332" type="compound"
        link="http://www.kegg.jp/dbget-bin/www_bget?C00332">
        <graphics name="C00332" fgcolor="#000000" bgcolor="#FFFFFF"
             type="circle" x="156" y="922" width="8" height="8"/>
    </entry>
    <entry id="181" name="cpd:C01144" type="compound"
        link="http://www.kegg.jp/dbget-bin/www_bget?C01144">
        <graphics name="C01144" fgcolor="#000000" bgcolor="#FFFFFF"
             type="circle" x="250" y="922" width="8" height="8"/>
    </entry>
    <entry id="182" name="cpd:C00877" type="compound"
        link="http://www.kegg.jp/dbget-bin/www_bget?C00877">
        <graphics name="C00877" fgcolor="#000000" bgcolor="#FFFFFF"
             type="circle" x="344" y="922" width="8" height="8"/>
    </entry>
    <entry id="183" name="cpd:C00527" type="compound"
        link="http://www.kegg.jp/dbget-bin/www_bget?C00527">
        <graphics name="C00527" fgcolor="#000000" bgcolor="#FFFFFF"
             type="circle" x="438" y="922" width="8" height="8"/>
    </entry>
    <entry id="184" name="cpd:C00322" type="compound"
        link="http://www.kegg.jp/dbget-bin/www_bget?C00322">
        <graphics name="C00322" fgcolor="#000000" bgcolor="#FFFFFF"
             type="circle" x="537" y="922" width="8" height="8"/>
    </entry>
    <entry id="185" name="cpd:C02220" type="compound"
        link="http://www.kegg.jp/dbget-bin/www_bget?C02220">
        <graphics name="C02220" fgcolor="#000000" bgcolor="#FFFFFF"
             type="circle" x="674" y="922" width="8" height="8"/>
    </entry>
    <entry id="186" name="cpd:C03824" type="compound"
        link="http://www.kegg.jp/dbget-bin/www_bget?C03824">
        <graphics name="C03824" fgcolor="#000000" bgcolor="#FFFFFF"
             type="circle" x="674" y="866" width="8" height="8"/>
    </entry>
    <entry id="187" name="cpd:C03722" type="compound"
        link="http://www.kegg.jp/dbget-bin/www_bget?C03722">
        <graphics name="C03722" fgcolor="#000000" bgcolor="#FFFFFF"
             type="circle" x="776" y="810" width="8" height="8"/>
    </entry>
    <entry id="188" name="cpd:C04409" type="compound"
        link="http://www.kegg.jp/dbget-bin/www_bget?C04409">
        <graphics name="C04409" fgcolor="#000000" bgcolor="#FFFFFF"
             type="circle" x="674" y="810" width="8" height="8"/>
    </entry>
    <entry id="189" name="cpd:C00632" type="compound"
        link="http://www.kegg.jp/dbget-bin/www_bget?C00632">
        <graphics name="C00632" fgcolor="#000000" bgcolor="#FFFFFF"
             type="circle" x="674" y="739" width="8" height="8"/>
    </entry>
    <entry id="190" name="cpd:C02470" type="compound"
        link="http://www.kegg.jp/dbget-bin/www_bget?C02470">
        <graphics name="C02470" fgcolor="#000000" bgcolor="#FFFFFF"
             type="circle" x="323" y="739" width="8" height="8"/>
    </entry>
    <entry id="191" name="cpd:C05645" type="compound"
        link="http://www.kegg.jp/dbget-bin/www_bget?C05645">
        <graphics name="C05645" fgcolor="#000000" bgcolor="#FFFFFF"
             type="circle" x="419" y="739" width="8" height="8"/>
    </entry>
    <entry id="192" name="cpd:C05637" type="compound"
        link="http://www.kegg.jp/dbget-bin/www_bget?C05637">
        <graphics name="C05637" fgcolor="#000000" bgcolor="#FFFFFF"
             type="circle" x="419" y="810" width="8" height="8"/>
    </entry>
    <entry id="193" name="cpd:C05636" type="compound"
        link="http://www.kegg.jp/dbget-bin/www_bget?C05636">
        <graphics name="C05636" fgcolor="#000000" bgcolor="#FFFFFF"
             type="circle" x="518" y="810" width="8" height="8"/>
    </entry>
    <entry id="194" name="cpd:C03227" type="compound"
        link="http://www.kegg.jp/dbget-bin/www_bget?C03227">
        <graphics name="C03227" fgcolor="#000000" bgcolor="#FFFFFF"
             type="circle" x="518" y="739" width="8" height="8"/>
    </entry>
    <entry id="195" name="cpd:C02161" type="compound"
        link="http://www.kegg.jp/dbget-bin/www_bget?C02161">
        <graphics name="C02161" fgcolor="#000000" bgcolor="#FFFFFF"
             type="circle" x="892" y="739" width="8" height="8"/>
    </entry>
    <entry id="196" name="cpd:C01987" type="compound"
        link="http://www.kegg.jp/dbget-bin/www_bget?C01987">
        <graphics name="C01987" fgcolor="#000000" bgcolor="#FFFFFF"
             type="circle" x="776" y="739" width="8" height="8"/>
    </entry>
    <entry id="197" name="cpd:C05640" type="compound"
        link="http://www.kegg.jp/dbget-bin/www_bget?C05640">
        <graphics name="C05640" fgcolor="#000000" bgcolor="#FFFFFF"
             type="circle" x="846" y="705" width="8" height="8"/>
    </entry>
    <entry id="198" name="cpd:C00780" type="compound"
        link="http://www.kegg.jp/dbget-bin/www_bget?C00780">
        <graphics name="C00780" fgcolor="#000000" bgcolor="#FFFFFF"
             type="circle" x="632" y="210" width="8" height="8"/>
    </entry>
    <entry id="199" name="cpd:C05634" type="compound"
        link="http://www.kegg.jp/dbget-bin/www_bget?C05634">
        <graphics name="C05634" fgcolor="#000000" bgcolor="#FFFFFF"
             type="circle" x="629" y="81" width="8" height="8"/>
    </entry>
    <entry id="200" name="cpd:C05635" type="compound"
        link="http://www.kegg.jp/dbget-bin/www_bget?C05635">
        <graphics name="C05635" fgcolor="#000000" bgcolor="#FFFFFF"
             type="circle" x="757" y="81" width="8" height="8"/>
    </entry>
    <entry id="201" name="cpd:C05659" type="compound"
        link="http://www.kegg.jp/dbget-bin/www_bget?C05659">
        <graphics name="C05659" fgcolor="#000000" bgcolor="#FFFFFF"
             type="circle" x="757" y="132" width="8" height="8"/>
    </entry>
    <entry id="202" name="cpd:C05647" type="compound"
        link="http://www.kegg.jp/dbget-bin/www_bget?C05647">
        <graphics name="C05647" fgcolor="#000000" bgcolor="#FFFFFF"
             type="circle" x="757" y="158" width="8" height="8"/>
    </entry>
    <entry id="203" name="cpd:C00978" type="compound"
        link="http://www.kegg.jp/dbget-bin/www_bget?C00978">
        <graphics name="C00978" fgcolor="#000000" bgcolor="#FFFFFF"
             type="circle" x="757" y="210" width="8" height="8"/>
    </entry>
    <entry id="204" name="cpd:C01598" type="compound"
        link="http://www.kegg.jp/dbget-bin/www_bget?C01598">
        <graphics name="C01598" fgcolor="#000000" bgcolor="#FFFFFF"
             type="circle" x="874" y="210" width="8" height="8"/>
    </entry>
    <entry id="205" name="cpd:C05643" type="compound"
        link="http://www.kegg.jp/dbget-bin/www_bget?C05643">
        <graphics name="C05643" fgcolor="#000000" bgcolor="#FFFFFF"
             type="circle" x="990" y="210" width="8" height="8"/>
    </entry>
    <entry id="206" name="cpd:C05642" type="compound"
        link="http://www.kegg.jp/dbget-bin/www_bget?C05642">
        <graphics name="C05642" fgcolor="#000000" bgcolor="#FFFFFF"
             type="circle" x="990" y="184" width="8" height="8"/>
    </entry>
    <entry id="207" name="cpd:C05644" type="compound"
        link="http://www.kegg.jp/dbget-bin/www_bget?C05644">
        <graphics name="C05644" fgcolor="#000000" bgcolor="#FFFFFF"
             type="circle" x="698" y="242" width="8" height="8"/>
    </entry>
    <entry id="208" name="cpd:C02043" type="compound"
        link="http://www.kegg.jp/dbget-bin/www_bget?C02043">
        <graphics name="C02043" fgcolor="#000000" bgcolor="#FFFFFF"
             type="circle" x="997" y="242" width="8" height="8"/>
    </entry>
    <entry id="209" name="cpd:C00954" type="compound"
        link="http://www.kegg.jp/dbget-bin/www_bget?C00954">
        <graphics name="C00954" fgcolor="#000000" bgcolor="#FFFFFF"
             type="circle" x="966" y="470" width="8" height="8"/>
    </entry>
    <entry id="210" name="cpd:C00637" type="compound"
        link="http://www.kegg.jp/dbget-bin/www_bget?C00637">
        <graphics name="C00637" fgcolor="#000000" bgcolor="#FFFFFF"
             type="circle" x="961" y="275" width="8" height="8"/>
    </entry>
    <entry id="211" name="cpd:C00398" type="compound"
        link="http://www.kegg.jp/dbget-bin/www_bget?C00398">
        <graphics name="C00398" fgcolor="#000000" bgcolor="#FFFFFF"
             type="circle" x="631" y="346" width="8" height="8"/>
    </entry>
    <entry id="212" name="cpd:C05660" type="compound"
        link="http://www.kegg.jp/dbget-bin/www_bget?C05660">
        <graphics name="C05660" fgcolor="#000000" bgcolor="#FFFFFF"
             type="circle" x="874" y="81" width="8" height="8"/>
    </entry>
    <entry id="213" name="cpd:C05832" type="compound"
        link="http://www.kegg.jp/dbget-bin/www_bget?C05832">
        <graphics name="C05832" fgcolor="#000000" bgcolor="#FFFFFF"
             type="circle" x="874" y="111" width="8" height="8"/>
    </entry>
    <entry id="214" name="cpd:C00955" type="compound"
        link="http://www.kegg.jp/dbget-bin/www_bget?C00955">
        <graphics name="C00955" fgcolor="#000000" bgcolor="#FFFFFF"
             type="circle" x="1073" y="275" width="8" height="8"/>
    </entry>
    <entry id="215" name="cpd:C05834" type="compound"
        link="http://www.kegg.jp/dbget-bin/www_bget?C05834">
        <graphics name="C05834" fgcolor="#000000" bgcolor="#FFFFFF"
             type="circle" x="1051" y="512" width="8" height="8"/>
    </entry>
    <entry id="216" name="cpd:C05835" type="compound"
        link="http://www.kegg.jp/dbget-bin/www_bget?C05835">
        <graphics name="C05835" fgcolor="#000000" bgcolor="#FFFFFF"
             type="circle" x="1016" y="569" width="8" height="8"/>
    </entry>
    <entry id="217" name="cpd:C05831" type="compound"
        link="http://www.kegg.jp/dbget-bin/www_bget?C05831">
        <graphics name="C05831" fgcolor="#000000" bgcolor="#FFFFFF"
             type="circle" x="776" y="768" width="8" height="8"/>
    </entry>
    <entry id="218" name="cpd:C05830" type="compound"
        link="http://www.kegg.jp/dbget-bin/www_bget?C05830">
        <graphics name="C05830" fgcolor="#000000" bgcolor="#FFFFFF"
             type="circle" x="228" y="739" width="8" height="8"/>
    </entry>
    <entry id="219" name="cpd:C00108" type="compound"
        link="http://www.kegg.jp/dbget-bin/www_bget?C00108">
        <graphics name="C00108" fgcolor="#000000" bgcolor="#FFFFFF"
             type="circle" x="674" y="641" width="8" height="8"/>
    </entry>
    <entry id="220" name="cpd:C02938" type="compound"
        link="http://www.kegg.jp/dbget-bin/www_bget?C02938">
        <graphics name="C02938" fgcolor="#000000" bgcolor="#FFFFFF"
             type="circle" x="875" y="469" width="8" height="8"/>
    </entry>
    <entry id="221" name="cpd:C05653" type="compound"
        link="http://www.kegg.jp/dbget-bin/www_bget?C05653">
        <graphics name="C05653" fgcolor="#000000" bgcolor="#FFFFFF"
             type="circle" x="675" y="575" width="8" height="8"/>
    </entry>
    <entry id="222" name="cpd:C06212" type="compound"
        link="http://www.kegg.jp/dbget-bin/www_bget?C06212">
        <graphics name="C06212" fgcolor="#000000" bgcolor="#FFFFFF"
             type="circle" x="757" y="183" width="8" height="8"/>
    </entry>
    <entry id="223" name="cpd:C06213" type="compound"
        link="http://www.kegg.jp/dbget-bin/www_bget?C06213">
        <graphics name="C06213" fgcolor="#000000" bgcolor="#FFFFFF"
             type="circle" x="541" y="312" width="8" height="8"/>
    </entry>
    <entry id="224" name="cpd:C03453" type="compound"
        link="http://www.kegg.jp/dbget-bin/www_bget?C03453">
        <graphics name="C03453" fgcolor="#000000" bgcolor="#FFFFFF"
             type="circle" x="775" y="922" width="8" height="8"/>
    </entry>
    <entry id="241" name="cpd:C17203" type="compound"
        link="http://www.kegg.jp/dbget-bin/www_bget?C17203">
        <graphics name="C17203" fgcolor="#000000" bgcolor="#FFFFFF"
             type="circle" x="756" y="346" width="8" height="8"/>
    </entry>
    <entry id="242" name="cpd:C02937" type="compound"
        link="http://www.kegg.jp/dbget-bin/www_bget?C02937">
        <graphics name="C02937" fgcolor="#000000" bgcolor="#FFFFFF"
             type="circle" x="875" y="347" width="8" height="8"/>
    </entry>
    <entry id="244" name="cpd:C16518" type="compound"
        link="http://www.kegg.jp/dbget-bin/www_bget?C16518">
        <graphics name="C16518" fgcolor="#000000" bgcolor="#FFFFFF"
             type="circle" x="756" y="407" width="8" height="8"/>
    </entry>
    <entry id="245" name="cpd:C16516" type="compound"
        link="http://www.kegg.jp/dbget-bin/www_bget?C16516">
        <graphics name="C16516" fgcolor="#000000" bgcolor="#FFFFFF"
             type="circle" x="587" y="407" width="8" height="8"/>
    </entry>
    <entry id="246" name="cpd:C05837" type="compound"
        link="http://www.kegg.jp/dbget-bin/www_bget?C05837">
        <graphics name="C05837" fgcolor="#000000" bgcolor="#FFFFFF"
             type="circle" x="756" y="470" width="8" height="8"/>
    </entry>
    <entry id="251" name="ko:K11818" type="ortholog" reaction="rn:R08168"
        link="http://www.kegg.jp/dbget-bin/www_bget?K11818">
        <graphics name="K11818" fgcolor="#000000" bgcolor="#FFFFFF"
             type="rectangle" x="812" y="408" width="46" height="17"/>
    </entry>
    <entry id="252" name="ko:K11819" type="ortholog" reaction="rn:R08170"
        link="http://www.kegg.jp/dbget-bin/www_bget?K11819">
        <graphics name="K11819" fgcolor="#000000" bgcolor="#FFFFFF"
             type="rectangle" x="682" y="408" width="46" height="17"/>
    </entry>
    <entry id="253" name="ko:K11868" type="ortholog" reaction="rn:R04093"
        link="http://www.kegg.jp/dbget-bin/www_bget?K11868">
        <graphics name="K11868" fgcolor="#000000" bgcolor="#FFFFFF"
             type="rectangle" x="875" y="426" width="46" height="17"/>
    </entry>
    <entry id="255" name="cpd:C00463" type="compound"
        link="http://www.kegg.jp/dbget-bin/www_bget?C00463">
        <graphics name="C00463" fgcolor="#000000" bgcolor="#FFFFFF"
             type="circle" x="894" y="569" width="8" height="8"/>
    </entry>
    <entry id="256" name="path:hsa00400" type="map"
        link="http://www.kegg.jp/dbget-bin/www_bget?hsa00400">
        <graphics name="Phenylalanine, tyrosine and tryptophan biosynthesis" fgcolor="#000000" bgcolor="#FFFFFF"
             type="roundrectangle" x="796" y="570" width="79" height="34"/>
    </entry>
    <entry id="257" name="ko:K11812 ko:K11813" type="ortholog" reaction="rn:R08160"
        link="http://www.kegg.jp/dbget-bin/www_bget?K11812+K11813">
        <graphics name="K11812..." fgcolor="#000000" bgcolor="#FFFFFF"
             type="rectangle" x="694" y="377" width="46" height="17"/>
    </entry>
    <entry id="258" name="cpd:C16517" type="compound"
        link="http://www.kegg.jp/dbget-bin/www_bget?C16517">
        <graphics name="C16517" fgcolor="#000000" bgcolor="#FFFFFF"
             type="circle" x="587" y="470" width="8" height="8"/>
    </entry>
    <entry id="260" name="ko:K11821" type="ortholog" reaction="rn:R08167"
        link="http://www.kegg.jp/dbget-bin/www_bget?K11821">
        <graphics name="K11821" fgcolor="#000000" bgcolor="#FFFFFF"
             type="rectangle" x="682" y="471" width="46" height="17"/>
    </entry>
    <entry id="261" name="ko:K11820" type="ortholog" reaction="rn:R08164"
        link="http://www.kegg.jp/dbget-bin/www_bget?K11820">
        <graphics name="K11820" fgcolor="#000000" bgcolor="#FFFFFF"
             type="rectangle" x="587" y="437" width="46" height="17"/>
    </entry>
    <entry id="266" name="ko:K03782" type="ortholog" reaction="rn:R02670"
        link="http://www.kegg.jp/dbget-bin/www_bget?K03782">
        <graphics name="K03782" fgcolor="#000000" bgcolor="#FFFFFF"
             type="rectangle" x="771" y="716" width="46" height="17"/>
    </entry>
    <entry id="267" name="ko:K11816" type="ortholog" reaction="rn:R10181"
        link="http://www.kegg.jp/dbget-bin/www_bget?K11816">
        <graphics name="K11816" fgcolor="#000000" bgcolor="#FFFFFF"
             type="rectangle" x="1098" y="358" width="46" height="17"/>
    </entry>
    <entry id="268" name="ko:K16903" type="ortholog" reaction="rn:R10180"
        link="http://www.kegg.jp/dbget-bin/www_bget?K16903">
        <graphics name="K16903" fgcolor="#000000" bgcolor="#FFFFFF"
             type="rectangle" x="642" y="295" width="46" height="17"/>
    </entry>
    <entry id="269" name="ko:K16901 ko:K16902" type="ortholog" reaction="rn:R09517"
        link="http://www.kegg.jp/dbget-bin/www_bget?K16901+K16902">
        <graphics name="K16901..." fgcolor="#000000" bgcolor="#FFFFFF"
             type="rectangle" x="649" y="692" width="46" height="17"/>
    </entry>
    <entry id="270" name="cpd:C00331" type="compound"
        link="http://www.kegg.jp/dbget-bin/www_bget?C00331">
        <graphics name="C00331" fgcolor="#000000" bgcolor="#FFFFFF"
             type="circle" x="821" y="275" width="8" height="8"/>
    </entry>
    <entry id="271" name="path:map00362" type="map"
        link="http://www.kegg.jp/dbget-bin/www_bget?map00362">
        <graphics name="Benzoate degradation" fgcolor="#000000" bgcolor="#FFFFFF"
             type="roundrectangle" x="907" y="923" width="122" height="25"/>
    </entry>
    <relation entry1="84" entry2="85" type="ECrel">
        <subtype name="compound" value="155"/>
    </relation>
    <relation entry1="85" entry2="132" type="ECrel">
        <subtype name="compound" value="156"/>
    </relation>
    <relation entry1="88" entry2="132" type="ECrel">
        <subtype name="compound" value="157"/>
    </relation>
    <relation entry1="88" entry2="110" type="ECrel">
        <subtype name="compound" value="178"/>
    </relation>
    <relation entry1="87" entry2="88" type="ECrel">
        <subtype name="compound" value="178"/>
    </relation>
    <relation entry1="87" entry2="110" type="ECrel">
        <subtype name="compound" value="178"/>
    </relation>
    <relation entry1="105" entry2="106" type="ECrel">
        <subtype name="compound" value="219"/>
    </relation>
    <relation entry1="105" entry2="113" type="ECrel">
        <subtype name="compound" value="171"/>
    </relation>
    <relation entry1="104" entry2="105" type="ECrel">
        <subtype name="compound" value="171"/>
    </relation>
    <relation entry1="93" entry2="105" type="ECrel">
        <subtype name="compound" value="171"/>
    </relation>
    <relation entry1="104" entry2="113" type="ECrel">
        <subtype name="compound" value="171"/>
    </relation>
    <relation entry1="93" entry2="113" type="ECrel">
        <subtype name="compound" value="171"/>
    </relation>
    <relation entry1="93" entry2="104" type="ECrel">
        <subtype name="compound" value="171"/>
    </relation>
    <relation entry1="104" entry2="107" type="ECrel">
        <subtype name="compound" value="194"/>
    </relation>
    <relation entry1="104" entry2="112" type="ECrel">
        <subtype name="compound" value="194"/>
    </relation>
    <relation entry1="107" entry2="112" type="ECrel">
        <subtype name="compound" value="194"/>
    </relation>
    <relation entry1="102" entry2="107" type="ECrel">
        <subtype name="compound" value="189"/>
    </relation>
    <relation entry1="107" entry2="14" type="ECrel">
        <subtype name="compound" value="189"/>
    </relation>
    <relation entry1="102" entry2="14" type="ECrel">
        <subtype name="compound" value="189"/>
    </relation>
    <relation entry1="101" entry2="102" type="ECrel">
        <subtype name="compound" value="188"/>
    </relation>
    <relation entry1="98" entry2="99" type="ECrel">
        <subtype name="compound" value="183"/>
    </relation>
    <relation entry1="97" entry2="98" type="ECrel">
        <subtype name="compound" value="182"/>
    </relation>
    <relation entry1="30" entry2="97" type="ECrel">
        <subtype name="compound" value="181"/>
    </relation>
    <relation entry1="96" entry2="30" type="ECrel">
        <subtype name="compound" value="180"/>
    </relation>
    <relation entry1="108" entry2="110" type="ECrel">
        <subtype name="compound" value="179"/>
    </relation>
    <relation entry1="76" entry2="110" type="ECrel">
        <subtype name="compound" value="179"/>
    </relation>
    <relation entry1="76" entry2="108" type="ECrel">
        <subtype name="compound" value="179"/>
    </relation>
    <relation entry1="126" entry2="140" type="ECrel">
        <subtype name="compound" value="210"/>
    </relation>
    <relation entry1="126" entry2="147" type="ECrel">
        <subtype name="compound" value="210"/>
    </relation>
    <relation entry1="122" entry2="140" type="ECrel">
        <subtype name="compound" value="211"/>
    </relation>
    <relation entry1="122" entry2="147" type="ECrel">
        <subtype name="compound" value="211"/>
    </relation>
    <relation entry1="122" entry2="150" type="ECrel">
        <subtype name="compound" value="211"/>
    </relation>
    <relation entry1="140" entry2="150" type="ECrel">
        <subtype name="compound" value="211"/>
    </relation>
    <relation entry1="147" entry2="150" type="ECrel">
        <subtype name="compound" value="211"/>
    </relation>
    <relation entry1="123" entry2="134" type="ECrel">
        <subtype name="compound" value="199"/>
    </relation>
    <relation entry1="123" entry2="133" type="ECrel">
        <subtype name="compound" value="199"/>
    </relation>
    <relation entry1="83" entry2="133" type="ECrel">
        <subtype name="compound" value="200"/>
    </relation>
    <relation entry1="83" entry2="134" type="ECrel">
        <subtype name="compound" value="200"/>
    </relation>
    <relation entry1="81" entry2="87" type="ECrel">
        <subtype name="compound" value="198"/>
    </relation>
    <relation entry1="87" entry2="149" type="ECrel">
        <subtype name="compound" value="198"/>
    </relation>
    <relation entry1="82" entry2="87" type="ECrel">
        <subtype name="compound" value="198"/>
    </relation>
    <relation entry1="87" entry2="123" type="ECrel">
        <subtype name="compound" value="198"/>
    </relation>
    <relation entry1="81" entry2="149" type="ECrel">
        <subtype name="compound" value="198"/>
    </relation>
    <relation entry1="81" entry2="82" type="ECrel">
        <subtype name="compound" value="198"/>
    </relation>
    <relation entry1="81" entry2="123" type="ECrel">
        <subtype name="compound" value="198"/>
    </relation>
    <relation entry1="82" entry2="149" type="ECrel">
        <subtype name="compound" value="198"/>
    </relation>
    <relation entry1="123" entry2="149" type="ECrel">
        <subtype name="compound" value="198"/>
    </relation>
    <relation entry1="82" entry2="123" type="ECrel">
        <subtype name="compound" value="198"/>
    </relation>
    <relation entry1="79" entry2="81" type="ECrel">
        <subtype name="compound" value="203"/>
    </relation>
    <relation entry1="78" entry2="79" type="ECrel">
        <subtype name="compound" value="204"/>
    </relation>
    <relation entry1="77" entry2="79" type="ECrel">
        <subtype name="compound" value="204"/>
    </relation>
    <relation entry1="77" entry2="78" type="ECrel">
        <subtype name="compound" value="204"/>
    </relation>
    <relation entry1="93" entry2="103" type="ECrel">
        <subtype name="compound" value="172"/>
    </relation>
    <relation entry1="103" entry2="108" type="ECrel">
        <subtype name="compound" value="172"/>
    </relation>
    <relation entry1="93" entry2="108" type="ECrel">
        <subtype name="compound" value="172"/>
    </relation>
    <relation entry1="103" entry2="106" type="ECrel">
        <subtype name="compound" value="221"/>
    </relation>
    <relation entry1="110" entry2="122" type="ECrel">
        <subtype name="compound" value="179"/>
    </relation>
    <relation entry1="76" entry2="122" type="ECrel">
        <subtype name="compound" value="179"/>
    </relation>
    <relation entry1="108" entry2="122" type="ECrel">
        <subtype name="compound" value="179"/>
    </relation>
    <relation entry1="93" entry2="72" type="ECrel">
        <subtype name="compound" value="172"/>
    </relation>
    <relation entry1="103" entry2="72" type="ECrel">
        <subtype name="compound" value="172"/>
    </relation>
    <relation entry1="110" entry2="72" type="ECrel">
        <subtype name="compound" value="179"/>
    </relation>
    <relation entry1="76" entry2="72" type="ECrel">
        <subtype name="compound" value="179"/>
    </relation>
    <relation entry1="122" entry2="72" type="ECrel">
        <subtype name="compound" value="179"/>
    </relation>
    <relation entry1="96" entry2="131" type="maplink">
        <subtype name="compound" value="168"/>
    </relation>
    <relation entry1="110" entry2="129" type="maplink">
        <subtype name="compound" value="179"/>
    </relation>
    <relation entry1="76" entry2="129" type="maplink">
        <subtype name="compound" value="179"/>
    </relation>
    <relation entry1="108" entry2="129" type="maplink">
        <subtype name="compound" value="179"/>
    </relation>
    <relation entry1="122" entry2="129" type="maplink">
        <subtype name="compound" value="179"/>
    </relation>
    <relation entry1="72" entry2="129" type="maplink">
        <subtype name="compound" value="179"/>
    </relation>
    <relation entry1="148" entry2="106" type="maplink">
        <subtype name="compound" value="219"/>
    </relation>
    <relation entry1="148" entry2="105" type="maplink">
        <subtype name="compound" value="219"/>
    </relation>
    <relation entry1="76" entry2="140" type="ECrel">
        <subtype name="compound" value="270"/>
    </relation>
    <relation entry1="76" entry2="147" type="ECrel">
        <subtype name="compound" value="270"/>
    </relation>
    <reaction id="72" name="rn:R00678" type="irreversible">
        <substrate id="179" name="cpd:C00078"/>
        <product id="172" name="cpd:C02700"/>
    </reaction>
    <reaction id="76" name="rn:R00677" type="irreversible">
        <substrate id="179" name="cpd:C00078"/>
        <product id="270" name="cpd:C00331"/>
    </reaction>
    <reaction id="77" name="rn:R03628" type="irreversible">
        <substrate id="204" name="cpd:C01598"/>
        <product id="206" name="cpd:C05642"/>
    </reaction>
    <reaction id="78" name="rn:R03629" type="irreversible">
        <substrate id="204" name="cpd:C01598"/>
        <product id="205" name="cpd:C05643"/>
    </reaction>
    <reaction id="79" name="rn:R03130" type="irreversible">
        <substrate id="203" name="cpd:C00978"/>
        <product id="204" name="cpd:C01598"/>
    </reaction>
    <reaction id="81" name="rn:R02911" type="irreversible">
        <substrate id="198" name="cpd:C00780"/>
        <product id="203" name="cpd:C00978"/>
    </reaction>
    <reaction id="82" name="rn:R02909" type="irreversible">
        <substrate id="198" name="cpd:C00780"/>
        <product id="202" name="cpd:C05647"/>
    </reaction>
    <reaction id="83" name="rn:R04905" type="irreversible">
        <substrate id="200" name="cpd:C05635"/>
        <product id="212" name="cpd:C05660"/>
    </reaction>
    <reaction id="84" name="rn:R04908" type="irreversible">
        <substrate id="155" name="cpd:C05638"/>
        <product id="153" name="cpd:C05639"/>
    </reaction>
    <reaction id="85" name="rn:R04909" type="irreversible">
        <substrate id="156" name="cpd:C05651"/>
        <product id="155" name="cpd:C05638"/>
    </reaction>
    <reaction id="87" name="rn:R02701" type="irreversible">
        <substrate id="178" name="cpd:C00643"/>
        <product id="198" name="cpd:C00780"/>
    </reaction>
    <reaction id="88" name="rn:R02702" type="irreversible">
        <substrate id="178" name="cpd:C00643"/>
        <product id="157" name="cpd:C05648"/>
    </reaction>
    <reaction id="93" name="rn:R01959" type="irreversible">
        <substrate id="172" name="cpd:C02700"/>
        <product id="171" name="cpd:C00328"/>
    </reaction>
    <reaction id="96" name="rn:R00238" type="irreversible">
        <substrate id="180" name="cpd:C00332"/>
        <product id="168" name="cpd:C00024"/>
    </reaction>
    <reaction id="30" name="rn:R01975" type="irreversible">
        <substrate id="181" name="cpd:C01144"/>
        <product id="180" name="cpd:C00332"/>
    </reaction>
    <reaction id="97" name="rn:R03026" type="irreversible">
        <substrate id="182" name="cpd:C00877"/>
        <product id="181" name="cpd:C01144"/>
    </reaction>
    <reaction id="98" name="rn:R02488" type="irreversible">
        <substrate id="183" name="cpd:C00527"/>
        <product id="182" name="cpd:C00877"/>
    </reaction>
    <reaction id="99" name="rn:R01933" type="irreversible">
        <substrate id="184" name="cpd:C00322"/>
        <product id="183" name="cpd:C00527"/>
    </reaction>
    <reaction id="101" name="rn:R04323" type="irreversible">
        <substrate id="188" name="cpd:C04409"/>
        <product id="186" name="cpd:C03824"/>
    </reaction>
    <reaction id="102" name="rn:R02665" type="irreversible">
        <substrate id="189" name="cpd:C00632"/>
        <product id="188" name="cpd:C04409"/>
    </reaction>
    <reaction id="103" name="rn:R03936" type="irreversible">
        <substrate id="172" name="cpd:C02700"/>
        <product id="221" name="cpd:C05653"/>
    </reaction>
    <reaction id="104" name="rn:R01960" type="irreversible">
        <substrate id="171" name="cpd:C00328"/>
        <product id="194" name="cpd:C03227"/>
    </reaction>
    <reaction id="105" name="rn:R00987" type="irreversible">
        <substrate id="171" name="cpd:C00328"/>
        <product id="219" name="cpd:C00108"/>
    </reaction>
    <reaction id="106" name="rn:R00988" type="irreversible">
        <substrate id="221" name="cpd:C05653"/>
        <product id="219" name="cpd:C00108"/>
    </reaction>
    <reaction id="107" name="rn:R02668" type="irreversible">
        <substrate id="194" name="cpd:C03227"/>
        <product id="189" name="cpd:C00632"/>
    </reaction>
    <reaction id="108" name="rn:R00678" type="irreversible">
        <substrate id="179" name="cpd:C00078"/>
        <product id="172" name="cpd:C02700"/>
    </reaction>
    <reaction id="110" name="rn:R01814" type="irreversible">
        <substrate id="179" name="cpd:C00078"/>
        <product id="178" name="cpd:C00643"/>
    </reaction>
    <reaction id="14" name="rn:R02670" type="irreversible">
        <substrate id="189" name="cpd:C00632"/>
        <product id="197" name="cpd:C05640"/>
    </reaction>
    <reaction id="112" name="rn:R04171" type="irreversible">
        <substrate id="194" name="cpd:C03227"/>
        <product id="191" name="cpd:C05645"/>
    </reaction>
    <reaction id="113" name="rn:R01956" type="irreversible">
        <substrate id="171" name="cpd:C00328"/>
        <product id="170" name="cpd:C01252"/>
    </reaction>
    <reaction id="115" name="rn:R04907" type="irreversible">
        <substrate id="193" name="cpd:C05636"/>
        <product id="192" name="cpd:C05637"/>
    </reaction>
    <reaction id="122" name="rn:R00685" type="irreversible">
        <substrate id="179" name="cpd:C00078"/>
        <product id="211" name="cpd:C00398"/>
    </reaction>
    <reaction id="123" name="rn:R02908" type="irreversible">
        <substrate id="198" name="cpd:C00780"/>
        <product id="199" name="cpd:C05634"/>
    </reaction>
    <reaction id="126" name="rn:R02678" type="irreversible">
        <substrate id="210" name="cpd:C00637"/>
        <product id="209" name="cpd:C00954"/>
    </reaction>
    <reaction id="132" name="rn:R04911" type="irreversible">
        <substrate id="157" name="cpd:C05648"/>
        <product id="156" name="cpd:C05651"/>
    </reaction>
    <reaction id="133" name="rn:R04903" type="irreversible">
        <substrate id="199" name="cpd:C05634"/>
        <product id="200" name="cpd:C05635"/>
    </reaction>
    <reaction id="134" name="rn:R04904" type="irreversible">
        <substrate id="199" name="cpd:C05634"/>
        <product id="200" name="cpd:C05635"/>
    </reaction>
    <reaction id="140" name="rn:R02173" type="irreversible">
        <substrate id="211" name="cpd:C00398"/>
        <product id="210" name="cpd:C00637"/>
    </reaction>
    <reaction id="147" name="rn:R02173" type="irreversible">
        <substrate id="211" name="cpd:C00398"/>
        <product id="210" name="cpd:C00637"/>
    </reaction>
    <reaction id="149" name="rn:R02910" type="irreversible">
        <substrate id="198" name="cpd:C00780"/>
        <product id="222" name="cpd:C06212"/>
    </reaction>
    <reaction id="150" name="rn:R02174" type="irreversible">
        <substrate id="211" name="cpd:C00398"/>
        <product id="223" name="cpd:C06213"/>
    </reaction>
</pathway>
