<?xml version="1.0"?>
<!DOCTYPE pathway SYSTEM "http://www.kegg.jp/kegg/xml/KGML_v0.7.1_.dtd">
<!-- Creation date: Jul 10, 2014 16:03:34 +0900 (GMT+09:00) -->
<pathway name="path:hsa00520" org="hsa" number="00520"
         title="Amino sugar and nucleotide sugar metabolism"
         image="http://www.kegg.jp/kegg/pathway/hsa/hsa00520.png"
         link="http://www.kegg.jp/kegg-bin/show_pathway?hsa00520">
    <entry id="2" name="hsa:55577" type="gene" reaction="rn:R01201"
        link="http://www.kegg.jp/dbget-bin/www_bget?hsa:55577">
        <graphics name="NAGK, GNK, HSA242910" fgcolor="#000000" bgcolor="#BFFFBF"
             type="rectangle" x="361" y="225" width="46" height="17"/>
    </entry>
    <entry id="4" name="hsa:5238" type="gene" reaction="rn:R08193"
        link="http://www.kegg.jp/dbget-bin/www_bget?hsa:5238">
        <graphics name="PGM3, AGM1, PAGM, PGM_3" fgcolor="#000000" bgcolor="#BFFFBF"
             type="rectangle" x="508" y="225" width="46" height="17"/>
    </entry>
    <entry id="6" name="hsa:6675 hsa:91373" type="gene" reaction="rn:R00416"
        link="http://www.kegg.jp/dbget-bin/www_bget?hsa:6675+hsa:91373">
        <graphics name="UAP1, AGX, AGX1, AGX2, SPAG2..." fgcolor="#000000" bgcolor="#BFFFBF"
             type="rectangle" x="626" y="222" width="46" height="17"/>
    </entry>
    <entry id="8" name="hsa:10020" type="gene" reaction="rn:R00414"
        link="http://www.kegg.jp/dbget-bin/www_bget?hsa:10020">
        <graphics name="GNE, DMRV, GLCNE, IBM2, NM, Uae1" fgcolor="#000000" bgcolor="#BFFFBF"
             type="rectangle" x="764" y="225" width="46" height="17"/>
    </entry>
    <entry id="10" name="hsa:10020" type="gene" reaction="rn:R02705"
        link="http://www.kegg.jp/dbget-bin/www_bget?hsa:10020">
        <graphics name="GNE, DMRV, GLCNE, IBM2, NM, Uae1" fgcolor="#000000" bgcolor="#BFFFBF"
             type="rectangle" x="870" y="225" width="46" height="17"/>
    </entry>
    <entry id="12" name="hsa:54187" type="gene" reaction="rn:R04435"
        link="http://www.kegg.jp/dbget-bin/www_bget?hsa:54187">
        <graphics name="NANS, HEL-S-100, SAS" fgcolor="#000000" bgcolor="#BFFFBF"
             type="rectangle" x="994" y="225" width="46" height="17"/>
    </entry>
    <entry id="14" name="hsa:140838" type="gene" reaction="rn:R01805"
        link="http://www.kegg.jp/dbget-bin/www_bget?hsa:140838">
        <graphics name="NANP, C20orf147, HDHD4, dJ694B14.3" fgcolor="#000000" bgcolor="#BFFFBF"
             type="rectangle" x="1137" y="223" width="46" height="17"/>
    </entry>
    <entry id="17" name="hsa:10007 hsa:132789" type="gene" reaction="rn:R00765"
        link="http://www.kegg.jp/dbget-bin/www_bget?hsa:10007+hsa:132789">
        <graphics name="GNPDA1, GNP1, GNPDA, GNPI, GPI, HLN..." fgcolor="#000000" bgcolor="#BFFFBF"
             type="rectangle" x="415" y="400" width="46" height="17"/>
    </entry>
    <entry id="19" name="hsa:51005" type="gene" reaction="rn:R02059"
        link="http://www.kegg.jp/dbget-bin/www_bget?hsa:51005">
        <graphics name="AMDHD2" fgcolor="#000000" bgcolor="#BFFFBF"
             type="rectangle" x="412" y="268" width="46" height="17"/>
    </entry>
    <entry id="21" name="ko:K03431" type="ortholog" reaction="rn:R02060"
        link="http://www.kegg.jp/dbget-bin/www_bget?K03431">
        <graphics name="K03431" fgcolor="#000000" bgcolor="#FFFFFF"
             type="rectangle" x="530" y="334" width="46" height="17"/>
    </entry>
    <entry id="23" name="ko:K04042" type="ortholog" reaction="rn:R05332"
        link="http://www.kegg.jp/dbget-bin/www_bget?K04042">
        <graphics name="K04042" fgcolor="#000000" bgcolor="#FFFFFF"
             type="rectangle" x="578" y="278" width="46" height="17"/>
    </entry>
    <entry id="25" name="hsa:2673 hsa:9945" type="gene" reaction="rn:R00768"
        link="http://www.kegg.jp/dbget-bin/www_bget?hsa:2673+hsa:9945">
        <graphics name="GFPT1, CMSTA1, GFA, GFAT, GFAT_1, GFAT1, GFAT1m, GFPT, GFPT1L, MSLG..." fgcolor="#000000" bgcolor="#BFFFBF"
             type="rectangle" x="462" y="420" width="46" height="17"/>
    </entry>
    <entry id="34" name="hsa:64841" type="gene" reaction="rn:R02058"
        link="http://www.kegg.jp/dbget-bin/www_bget?hsa:64841">
        <graphics name="GNPNAT1, GNPNAT, Gpnat1" fgcolor="#000000" bgcolor="#BFFFBF"
             type="rectangle" x="458" y="289" width="46" height="17"/>
    </entry>
    <entry id="38" name="ko:K01791" type="ortholog" reaction="rn:R00420"
        link="http://www.kegg.jp/dbget-bin/www_bget?K01791">
        <graphics name="K01791" fgcolor="#000000" bgcolor="#FFFFFF"
             type="rectangle" x="764" y="337" width="46" height="17"/>
    </entry>
    <entry id="39" name="ko:K02472" type="ortholog" reaction="rn:R03317"
        link="http://www.kegg.jp/dbget-bin/www_bget?K02472">
        <graphics name="K02472" fgcolor="#000000" bgcolor="#FFFFFF"
             type="rectangle" x="862" y="337" width="46" height="17"/>
    </entry>
    <entry id="40" name="ko:K02473" type="ortholog" reaction="rn:R00418"
        link="http://www.kegg.jp/dbget-bin/www_bget?K02473">
        <graphics name="K02473" fgcolor="#000000" bgcolor="#FFFFFF"
             type="rectangle" x="764" y="447" width="46" height="17"/>
    </entry>
    <entry id="45" name="ko:K00790" type="ortholog" reaction="rn:R00660"
        link="http://www.kegg.jp/dbget-bin/www_bget?K00790">
        <graphics name="K00790" fgcolor="#000000" bgcolor="#FFFFFF"
             type="rectangle" x="764" y="489" width="46" height="17"/>
    </entry>
    <entry id="46" name="ko:K00075" type="ortholog" reaction="rn:R03191 rn:R03192"
        link="http://www.kegg.jp/dbget-bin/www_bget?K00075">
        <graphics name="K00075" fgcolor="#000000" bgcolor="#FFFFFF"
             type="rectangle" x="859" y="490" width="46" height="17"/>
    </entry>
    <entry id="49" name="hsa:54187" type="gene" reaction="rn:R01804"
        link="http://www.kegg.jp/dbget-bin/www_bget?hsa:54187">
        <graphics name="NANS, HEL-S-100, SAS" fgcolor="#000000" bgcolor="#BFFFBF"
             type="rectangle" x="994" y="189" width="46" height="17"/>
    </entry>
    <entry id="51" name="ko:K01788 ko:K13967" type="ortholog" reaction="rn:R02087"
        link="http://www.kegg.jp/dbget-bin/www_bget?K01788+K13967">
        <graphics name="K01788..." fgcolor="#000000" bgcolor="#FFFFFF"
             type="rectangle" x="578" y="178" width="46" height="17"/>
    </entry>
    <entry id="53" name="ko:K02777 ko:K11191 ko:K11192" type="ortholog" reaction="rn:R08559"
        link="http://www.kegg.jp/dbget-bin/www_bget?K02777+K11191+K11192">
        <graphics name="K02777..." fgcolor="#000000" bgcolor="#FFFFFF"
             type="rectangle" x="361" y="116" width="46" height="17"/>
    </entry>
    <entry id="55" name="ko:K07106" type="ortholog" reaction="rn:R08555"
        link="http://www.kegg.jp/dbget-bin/www_bget?K07106">
        <graphics name="K07106" fgcolor="#000000" bgcolor="#FFFFFF"
             type="rectangle" x="435" y="161" width="46" height="17"/>
    </entry>
    <entry id="56" name="path:map00540" type="map"
        link="http://www.kegg.jp/dbget-bin/www_bget?map00540">
        <graphics name="Lipopolysaccharide biosynthesis" fgcolor="#000000" bgcolor="#FFFFFF"
             type="roundrectangle" x="653" y="411" width="109" height="34"/>
    </entry>
    <entry id="58" name="ko:K13015" type="ortholog" reaction="rn:R00421"
        link="http://www.kegg.jp/dbget-bin/www_bget?K13015">
        <graphics name="K13015" fgcolor="#000000" bgcolor="#FFFFFF"
             type="rectangle" x="764" y="393" width="46" height="17"/>
    </entry>
    <entry id="61" name="path:hsa00051" type="map"
        link="http://www.kegg.jp/dbget-bin/www_bget?hsa00051">
        <graphics name="Fructose and mannose metabolism" fgcolor="#000000" bgcolor="#FFFFFF"
             type="roundrectangle" x="155" y="449" width="125" height="34"/>
    </entry>
    <entry id="63" name="hsa:5973" type="gene" reaction="rn:R01207"
        link="http://www.kegg.jp/dbget-bin/www_bget?hsa:5973">
        <graphics name="RENBP, RBP, RNBP" fgcolor="#000000" bgcolor="#BFFFBF"
             type="rectangle" x="578" y="138" width="46" height="17"/>
    </entry>
    <entry id="65" name="ko:K15855" type="ortholog" reaction="rn:R01966"
        link="http://www.kegg.jp/dbget-bin/www_bget?K15855">
        <graphics name="K15855" fgcolor="#000000" bgcolor="#FFFFFF"
             type="rectangle" x="231" y="337" width="46" height="17"/>
    </entry>
    <entry id="67" name="hsa:3073 hsa:3074" type="gene" reaction="rn:R00022"
        link="http://www.kegg.jp/dbget-bin/www_bget?hsa:3073+hsa:3074">
        <graphics name="HEXA, TSD..." fgcolor="#000000" bgcolor="#BFFFBF"
             type="rectangle" x="231" y="225" width="46" height="17"/>
    </entry>
    <entry id="69" name="hsa:1118 hsa:27159" type="gene" reaction="rn:R02334"
        link="http://www.kegg.jp/dbget-bin/www_bget?hsa:1118+hsa:27159">
        <graphics name="CHIT1, CHI3, CHIT, CHITD..." fgcolor="#000000" bgcolor="#BFFFBF"
             type="rectangle" x="120" y="225" width="46" height="17"/>
    </entry>
    <entry id="71" name="ko:K01452" type="ortholog" reaction="rn:R02333"
        link="http://www.kegg.jp/dbget-bin/www_bget?K01452">
        <graphics name="K01452" fgcolor="#000000" bgcolor="#FFFFFF"
             type="rectangle" x="64" y="267" width="46" height="17"/>
    </entry>
    <entry id="73" name="ko:K01233" type="ortholog" reaction="rn:R02833"
        link="http://www.kegg.jp/dbget-bin/www_bget?K01233">
        <graphics name="K01233" fgcolor="#000000" bgcolor="#FFFFFF"
             type="rectangle" x="120" y="337" width="46" height="17"/>
    </entry>
    <entry id="74" name="hsa:80896" type="gene" reaction="rn:R01811"
        link="http://www.kegg.jp/dbget-bin/www_bget?hsa:80896">
        <graphics name="NPL, C112, C1orf13, NAL, NPL1" fgcolor="#000000" bgcolor="#BFFFBF"
             type="rectangle" x="1032" y="267" width="46" height="17"/>
    </entry>
    <entry id="75" name="path:hsa00010" type="map"
        link="http://www.kegg.jp/dbget-bin/www_bget?hsa00010">
        <graphics name="Glycolysis / Gluconeogenesis" fgcolor="#000000" bgcolor="#FFFFFF"
             type="roundrectangle" x="604" y="450" width="155" height="25"/>
    </entry>
    <entry id="76" name="path:hsa00520" type="map"
        link="http://www.kegg.jp/dbget-bin/www_bget?hsa00520">
        <graphics name="TITLE:Amino sugar and nucleotide sugar metabolism" fgcolor="#000000" bgcolor="#FFFFFF"
             type="roundrectangle" x="250" y="58" width="419" height="25"/>
    </entry>
    <entry id="78" name="hsa:3098 hsa:3099 hsa:3101 hsa:80201" type="gene" reaction="rn:R03920"
        link="http://www.kegg.jp/dbget-bin/www_bget?hsa:3098+hsa:3099+hsa:3101+hsa:80201">
        <graphics name="HK1, HK1-ta, HK1-tb, HK1-tc, HKD, HKI, HMSNR, HXK1..." fgcolor="#000000" bgcolor="#BFFFBF"
             type="rectangle" x="361" y="438" width="46" height="17"/>
    </entry>
    <entry id="79" name="ko:K00847" type="ortholog" reaction="rn:R03920"
        link="http://www.kegg.jp/dbget-bin/www_bget?K00847">
        <graphics name="K00847" fgcolor="#000000" bgcolor="#FFFFFF"
             type="rectangle" x="361" y="459" width="46" height="17"/>
    </entry>
    <entry id="81" name="hsa:1118 hsa:27159" type="gene" reaction="rn:R01206"
        link="http://www.kegg.jp/dbget-bin/www_bget?hsa:1118+hsa:27159">
        <graphics name="CHIT1, CHI3, CHIT, CHITD..." fgcolor="#000000" bgcolor="#BFFFBF"
             type="rectangle" x="120" y="188" width="46" height="17"/>
    </entry>
    <entry id="83" name="ko:K02763 ko:K02764 ko:K02765" type="ortholog" reaction="rn:R02631"
        link="http://www.kegg.jp/dbget-bin/www_bget?K02763+K02764+K02765">
        <graphics name="K02763..." fgcolor="#000000" bgcolor="#FFFFFF"
             type="rectangle" x="361" y="383" width="46" height="17"/>
    </entry>
    <entry id="85" name="ko:K02802 ko:K02803 ko:K02804" type="ortholog" reaction="rn:R05199"
        link="http://www.kegg.jp/dbget-bin/www_bget?K02802+K02803+K02804">
        <graphics name="K02802..." fgcolor="#000000" bgcolor="#FFFFFF"
             type="rectangle" x="361" y="180" width="46" height="17"/>
    </entry>
    <entry id="86" name="hsa:3098 hsa:3099 hsa:3101 hsa:80201" type="gene" reaction="rn:R01961"
        link="http://www.kegg.jp/dbget-bin/www_bget?hsa:3098+hsa:3099+hsa:3101+hsa:80201">
        <graphics name="HK1, HK1-ta, HK1-tb, HK1-tc, HKD, HKI, HMSNR, HXK1..." fgcolor="#000000" bgcolor="#BFFFBF"
             type="rectangle" x="361" y="326" width="46" height="17"/>
    </entry>
    <entry id="88" name="ko:K02474" type="ortholog" reaction="rn:R06894"
        link="http://www.kegg.jp/dbget-bin/www_bget?K02474">
        <graphics name="K02474" fgcolor="#000000" bgcolor="#FFFFFF"
             type="rectangle" x="859" y="447" width="46" height="17"/>
    </entry>
    <entry id="90" name="ko:K00698" type="ortholog" reaction="rn:R02335"
        link="http://www.kegg.jp/dbget-bin/www_bget?K00698">
        <graphics name="K00698" fgcolor="#000000" bgcolor="#FFFFFF"
             type="rectangle" x="764" y="251" width="46" height="17"/>
    </entry>
    <entry id="91" name="path:hsa00524" type="map"
        link="http://www.kegg.jp/dbget-bin/www_bget?hsa00524">
        <graphics name="Butirosin and neomycin biosynthesis" fgcolor="#000000" bgcolor="#FFFFFF"
             type="roundrectangle" x="638" y="368" width="80" height="45"/>
    </entry>
    <entry id="92" name="cpd:C00357" type="compound"
        link="http://www.kegg.jp/dbget-bin/www_bget?C00357">
        <graphics name="C00357" fgcolor="#000000" bgcolor="#FFFFFF"
             type="circle" x="435" y="224" width="8" height="8"/>
    </entry>
    <entry id="93" name="cpd:C00140" type="compound"
        link="http://www.kegg.jp/dbget-bin/www_bget?C00140">
        <graphics name="C00140" fgcolor="#000000" bgcolor="#FFFFFF"
             type="circle" x="292" y="224" width="8" height="8"/>
    </entry>
    <entry id="94" name="cpd:C04501" type="compound"
        link="http://www.kegg.jp/dbget-bin/www_bget?C04501">
        <graphics name="C04501" fgcolor="#000000" bgcolor="#FFFFFF"
             type="circle" x="578" y="224" width="8" height="8"/>
    </entry>
    <entry id="95" name="cpd:C00043" type="compound"
        link="http://www.kegg.jp/dbget-bin/www_bget?C00043">
        <graphics name="C00043" fgcolor="#000000" bgcolor="#FFFFFF"
             type="circle" x="721" y="224" width="8" height="8"/>
    </entry>
    <entry id="96" name="cpd:C00645" type="compound"
        link="http://www.kegg.jp/dbget-bin/www_bget?C00645">
        <graphics name="C00645" fgcolor="#000000" bgcolor="#FFFFFF"
             type="circle" x="819" y="224" width="8" height="8"/>
    </entry>
    <entry id="97" name="cpd:C04257" type="compound"
        link="http://www.kegg.jp/dbget-bin/www_bget?C04257">
        <graphics name="C04257" fgcolor="#000000" bgcolor="#FFFFFF"
             type="circle" x="924" y="224" width="8" height="8"/>
    </entry>
    <entry id="98" name="cpd:C06241" type="compound"
        link="http://www.kegg.jp/dbget-bin/www_bget?C06241">
        <graphics name="C06241" fgcolor="#000000" bgcolor="#FFFFFF"
             type="circle" x="1066" y="224" width="8" height="8"/>
    </entry>
    <entry id="99" name="cpd:C05345" type="compound"
        link="http://www.kegg.jp/dbget-bin/www_bget?C05345">
        <graphics name="C05345" fgcolor="#000000" bgcolor="#FFFFFF"
             type="circle" x="435" y="448" width="8" height="8"/>
    </entry>
    <entry id="100" name="cpd:C00352" type="compound"
        link="http://www.kegg.jp/dbget-bin/www_bget?C00352">
        <graphics name="C00352" fgcolor="#000000" bgcolor="#FFFFFF"
             type="circle" x="435" y="336" width="8" height="8"/>
    </entry>
    <entry id="101" name="cpd:C06156" type="compound"
        link="http://www.kegg.jp/dbget-bin/www_bget?C06156">
        <graphics name="C06156" fgcolor="#000000" bgcolor="#FFFFFF"
             type="circle" x="578" y="333" width="8" height="8"/>
    </entry>
    <entry id="102" name="cpd:C13952" type="compound"
        link="http://www.kegg.jp/dbget-bin/www_bget?C13952">
        <graphics name="C13952" fgcolor="#000000" bgcolor="#FFFFFF"
             type="circle" x="916" y="446" width="8" height="8"/>
    </entry>
    <entry id="103" name="cpd:C06240" type="compound"
        link="http://www.kegg.jp/dbget-bin/www_bget?C06240">
        <graphics name="C06240" fgcolor="#000000" bgcolor="#FFFFFF"
             type="circle" x="916" y="336" width="8" height="8"/>
    </entry>
    <entry id="104" name="cpd:C04631" type="compound"
        link="http://www.kegg.jp/dbget-bin/www_bget?C04631">
        <graphics name="C04631" fgcolor="#000000" bgcolor="#FFFFFF"
             type="circle" x="816" y="489" width="8" height="8"/>
    </entry>
    <entry id="105" name="cpd:C01050" type="compound"
        link="http://www.kegg.jp/dbget-bin/www_bget?C01050">
        <graphics name="C01050" fgcolor="#000000" bgcolor="#FFFFFF"
             type="circle" x="916" y="489" width="8" height="8"/>
    </entry>
    <entry id="106" name="cpd:C16698" type="compound"
        link="http://www.kegg.jp/dbget-bin/www_bget?C16698">
        <graphics name="C16698" fgcolor="#000000" bgcolor="#FFFFFF"
             type="circle" x="435" y="115" width="8" height="8"/>
    </entry>
    <entry id="107" name="cpd:C02713" type="compound"
        link="http://www.kegg.jp/dbget-bin/www_bget?C02713">
        <graphics name="C02713" fgcolor="#000000" bgcolor="#FFFFFF"
             type="circle" x="292" y="115" width="8" height="8"/>
    </entry>
    <entry id="112" name="hsa:55907" type="gene" reaction="rn:R01117"
        link="http://www.kegg.jp/dbget-bin/www_bget?hsa:55907">
        <graphics name="CMAS, CSS" fgcolor="#000000" bgcolor="#BFFFBF"
             type="rectangle" x="1283" y="224" width="46" height="17"/>
    </entry>
    <entry id="115" name="ko:K08080" type="ortholog" reaction="rn:R01115"
        link="http://www.kegg.jp/dbget-bin/www_bget?K08080">
        <graphics name="K08080" fgcolor="#000000" bgcolor="#FFFFFF"
             type="rectangle" x="1354" y="288" width="46" height="17"/>
    </entry>
    <entry id="116" name="ko:K08080" type="ortholog" reaction="rn:R01803"
        link="http://www.kegg.jp/dbget-bin/www_bget?K08080">
        <graphics name="K08080" fgcolor="#000000" bgcolor="#FFFFFF"
             type="rectangle" x="1213" y="288" width="46" height="17"/>
    </entry>
    <entry id="117" name="hsa:1727 hsa:51700 hsa:51706" type="gene" reaction="rn:R00100"
        link="http://www.kegg.jp/dbget-bin/www_bget?hsa:1727+hsa:51700+hsa:51706">
        <graphics name="CYB5R3, B5R, DIA1..." fgcolor="#000000" bgcolor="#BFFFBF"
             type="rectangle" x="1283" y="288" width="46" height="17"/>
    </entry>
    <entry id="119" name="hsa:55907" type="gene" reaction="rn:R04215"
        link="http://www.kegg.jp/dbget-bin/www_bget?hsa:55907">
        <graphics name="CMAS, CSS" fgcolor="#000000" bgcolor="#BFFFBF"
             type="rectangle" x="1283" y="344" width="46" height="17"/>
    </entry>
    <entry id="120" name="cpd:C00270" type="compound"
        link="http://www.kegg.jp/dbget-bin/www_bget?C00270">
        <graphics name="C00270" fgcolor="#000000" bgcolor="#FFFFFF"
             type="circle" x="1210" y="224" width="8" height="8"/>
    </entry>
    <entry id="121" name="cpd:C00128" type="compound"
        link="http://www.kegg.jp/dbget-bin/www_bget?C00128">
        <graphics name="C00128" fgcolor="#000000" bgcolor="#FFFFFF"
             type="circle" x="1353" y="224" width="8" height="8"/>
    </entry>
    <entry id="122" name="cpd:C03410" type="compound"
        link="http://www.kegg.jp/dbget-bin/www_bget?C03410">
        <graphics name="C03410" fgcolor="#000000" bgcolor="#FFFFFF"
             type="circle" x="1210" y="343" width="8" height="8"/>
    </entry>
    <entry id="123" name="cpd:C03691" type="compound"
        link="http://www.kegg.jp/dbget-bin/www_bget?C03691">
        <graphics name="C03691" fgcolor="#000000" bgcolor="#FFFFFF"
             type="circle" x="1353" y="343" width="8" height="8"/>
    </entry>
    <entry id="124" name="cpd:C00999" type="compound"
        link="http://www.kegg.jp/dbget-bin/www_bget?C00999">
        <graphics name="C00999" fgcolor="#000000" bgcolor="#FFFFFF"
             type="circle" x="1283" y="257" width="8" height="8"/>
    </entry>
    <entry id="125" name="cpd:C00996" type="compound"
        link="http://www.kegg.jp/dbget-bin/www_bget?C00996">
        <graphics name="C00996" fgcolor="#000000" bgcolor="#FFFFFF"
             type="circle" x="1283" y="313" width="8" height="8"/>
    </entry>
    <entry id="126" name="cpd:C04573" type="compound"
        link="http://www.kegg.jp/dbget-bin/www_bget?C04573">
        <graphics name="C04573" fgcolor="#000000" bgcolor="#FFFFFF"
             type="circle" x="816" y="392" width="8" height="8"/>
    </entry>
    <entry id="127" name="cpd:C06023" type="compound"
        link="http://www.kegg.jp/dbget-bin/www_bget?C06023">
        <graphics name="C06023" fgcolor="#000000" bgcolor="#FFFFFF"
             type="circle" x="178" y="336" width="8" height="8"/>
    </entry>
    <entry id="128" name="cpd:C00461" type="compound"
        link="http://www.kegg.jp/dbget-bin/www_bget?C00461">
        <graphics name="C00461" fgcolor="#000000" bgcolor="#FFFFFF"
             type="circle" x="64" y="224" width="8" height="8"/>
    </entry>
    <entry id="129" name="cpd:C00734" type="compound"
        link="http://www.kegg.jp/dbget-bin/www_bget?C00734">
        <graphics name="C00734" fgcolor="#000000" bgcolor="#FFFFFF"
             type="circle" x="64" y="336" width="8" height="8"/>
    </entry>
    <entry id="130" name="cpd:C01674" type="compound"
        link="http://www.kegg.jp/dbget-bin/www_bget?C01674">
        <graphics name="C01674" fgcolor="#000000" bgcolor="#FFFFFF"
             type="circle" x="178" y="224" width="8" height="8"/>
    </entry>
    <entry id="131" name="cpd:C00329" type="compound"
        link="http://www.kegg.jp/dbget-bin/www_bget?C00329">
        <graphics name="C00329" fgcolor="#000000" bgcolor="#FFFFFF"
             type="circle" x="292" y="336" width="8" height="8"/>
    </entry>
    <entry id="132" name="cpd:C00203" type="compound"
        link="http://www.kegg.jp/dbget-bin/www_bget?C00203">
        <graphics name="C00203" fgcolor="#000000" bgcolor="#FFFFFF"
             type="circle" x="816" y="446" width="8" height="8"/>
    </entry>
    <entry id="133" name="cpd:C00329" type="compound"
        link="http://www.kegg.jp/dbget-bin/www_bget?C00329">
        <graphics name="C00329" fgcolor="#000000" bgcolor="#FFFFFF"
             type="circle" x="292" y="383" width="8" height="8"/>
    </entry>
    <entry id="134" name="cpd:C00140" type="compound"
        link="http://www.kegg.jp/dbget-bin/www_bget?C00140">
        <graphics name="C00140" fgcolor="#000000" bgcolor="#FFFFFF"
             type="circle" x="271" y="179" width="8" height="8"/>
    </entry>
    <entry id="135" name="cpd:C02336" type="compound"
        link="http://www.kegg.jp/dbget-bin/www_bget?C02336">
        <graphics name="C02336" fgcolor="#000000" bgcolor="#FFFFFF"
             type="circle" x="292" y="448" width="8" height="8"/>
    </entry>
    <entry id="136" name="cpd:C00461" type="compound"
        link="http://www.kegg.jp/dbget-bin/www_bget?C00461">
        <graphics name="C00461" fgcolor="#000000" bgcolor="#FFFFFF"
             type="circle" x="805" y="251" width="8" height="8"/>
    </entry>
    <entry id="137" name="cpd:C01170" type="compound"
        link="http://www.kegg.jp/dbget-bin/www_bget?C01170">
        <graphics name="C01170" fgcolor="#000000" bgcolor="#FFFFFF"
             type="circle" x="816" y="336" width="8" height="8"/>
    </entry>
    <entry id="140" name="ko:K13016 ko:K13020" type="ortholog" reaction="rn:R10140"
        link="http://www.kegg.jp/dbget-bin/www_bget?K13016+K13020">
        <graphics name="K13016..." fgcolor="#000000" bgcolor="#FFFFFF"
             type="rectangle" x="962" y="391" width="46" height="17"/>
    </entry>
    <entry id="141" name="cpd:C20395" type="compound"
        link="http://www.kegg.jp/dbget-bin/www_bget?C20395">
        <graphics name="C20395" fgcolor="#000000" bgcolor="#FFFFFF"
             type="circle" x="1020" y="390" width="8" height="8"/>
    </entry>
    <entry id="143" name="ko:K13017" type="ortholog" reaction="rn:R10141"
        link="http://www.kegg.jp/dbget-bin/www_bget?K13017">
        <graphics name="K13017" fgcolor="#000000" bgcolor="#FFFFFF"
             type="rectangle" x="1065" y="390" width="46" height="17"/>
    </entry>
    <entry id="144" name="cpd:C20359" type="compound"
        link="http://www.kegg.jp/dbget-bin/www_bget?C20359">
        <graphics name="C20359" fgcolor="#000000" bgcolor="#FFFFFF"
             type="circle" x="1115" y="390" width="8" height="8"/>
    </entry>
    <entry id="146" name="ko:K13018" type="ortholog" reaction="rn:R10100"
        link="http://www.kegg.jp/dbget-bin/www_bget?K13018">
        <graphics name="K13018" fgcolor="#000000" bgcolor="#FFFFFF"
             type="rectangle" x="1161" y="391" width="46" height="17"/>
    </entry>
    <entry id="147" name="cpd:C19725" type="compound"
        link="http://www.kegg.jp/dbget-bin/www_bget?C19725">
        <graphics name="C19725" fgcolor="#000000" bgcolor="#FFFFFF"
             type="circle" x="1210" y="390" width="8" height="8"/>
    </entry>
    <entry id="149" name="ko:K13019" type="ortholog" reaction="rn:R09600"
        link="http://www.kegg.jp/dbget-bin/www_bget?K13019">
        <graphics name="K13019" fgcolor="#000000" bgcolor="#FFFFFF"
             type="rectangle" x="1256" y="391" width="46" height="17"/>
    </entry>
    <entry id="150" name="cpd:C19745" type="compound"
        link="http://www.kegg.jp/dbget-bin/www_bget?C19745">
        <graphics name="C19745" fgcolor="#000000" bgcolor="#FFFFFF"
             type="circle" x="1305" y="390" width="8" height="8"/>
    </entry>
    <entry id="152" name="ko:K15894" type="ortholog" reaction="rn:R09697"
        link="http://www.kegg.jp/dbget-bin/www_bget?K15894">
        <graphics name="K15894" fgcolor="#000000" bgcolor="#FFFFFF"
             type="rectangle" x="764" y="530" width="46" height="17"/>
    </entry>
    <entry id="155" name="cpd:C19823" type="compound"
        link="http://www.kegg.jp/dbget-bin/www_bget?C19823">
        <graphics name="C19823" fgcolor="#000000" bgcolor="#FFFFFF"
             type="circle" x="818" y="530" width="8" height="8"/>
    </entry>
    <entry id="156" name="ko:K15895" type="ortholog" reaction="rn:R09825"
        link="http://www.kegg.jp/dbget-bin/www_bget?K15895">
        <graphics name="K15895" fgcolor="#000000" bgcolor="#FFFFFF"
             type="rectangle" x="863" y="530" width="46" height="17"/>
    </entry>
    <entry id="157" name="cpd:C19961" type="compound"
        link="http://www.kegg.jp/dbget-bin/www_bget?C19961">
        <graphics name="C19961" fgcolor="#000000" bgcolor="#FFFFFF"
             type="circle" x="916" y="530" width="8" height="8"/>
    </entry>
    <entry id="158" name="ko:K15896" type="ortholog" reaction="rn:R09842"
        link="http://www.kegg.jp/dbget-bin/www_bget?K15896">
        <graphics name="K15896" fgcolor="#000000" bgcolor="#FFFFFF"
             type="rectangle" x="964" y="530" width="46" height="17"/>
    </entry>
    <entry id="159" name="cpd:C19971" type="compound"
        link="http://www.kegg.jp/dbget-bin/www_bget?C19971">
        <graphics name="C19971" fgcolor="#000000" bgcolor="#FFFFFF"
             type="circle" x="1021" y="530" width="8" height="8"/>
    </entry>
    <entry id="161" name="ko:K15897" type="ortholog" reaction="rn:R09834"
        link="http://www.kegg.jp/dbget-bin/www_bget?K15897">
        <graphics name="K15897" fgcolor="#000000" bgcolor="#FFFFFF"
             type="rectangle" x="1061" y="530" width="46" height="17"/>
    </entry>
    <entry id="162" name="cpd:C19972" type="compound"
        link="http://www.kegg.jp/dbget-bin/www_bget?C19972">
        <graphics name="C19972" fgcolor="#000000" bgcolor="#FFFFFF"
             type="circle" x="1120" y="530" width="8" height="8"/>
    </entry>
    <entry id="164" name="ko:K15898" type="ortholog" reaction="rn:R09841"
        link="http://www.kegg.jp/dbget-bin/www_bget?K15898">
        <graphics name="K15898" fgcolor="#000000" bgcolor="#FFFFFF"
             type="rectangle" x="1162" y="531" width="46" height="17"/>
    </entry>
    <entry id="165" name="cpd:C20082" type="compound"
        link="http://www.kegg.jp/dbget-bin/www_bget?C20082">
        <graphics name="C20082" fgcolor="#000000" bgcolor="#FFFFFF"
             type="circle" x="1210" y="530" width="8" height="8"/>
    </entry>
    <entry id="166" name="cpd:C20083" type="compound"
        link="http://www.kegg.jp/dbget-bin/www_bget?C20083">
        <graphics name="C20083" fgcolor="#000000" bgcolor="#FFFFFF"
             type="circle" x="1353" y="530" width="8" height="8"/>
    </entry>
    <entry id="168" name="ko:K15899" type="ortholog" reaction="rn:R09843"
        link="http://www.kegg.jp/dbget-bin/www_bget?K15899">
        <graphics name="K15899" fgcolor="#000000" bgcolor="#FFFFFF"
             type="rectangle" x="1283" y="531" width="46" height="17"/>
    </entry>
    <entry id="172" name="ko:K12451" type="ortholog" reaction="rn:R08705"
        link="http://www.kegg.jp/dbget-bin/www_bget?K12451">
        <graphics name="K12451" fgcolor="#000000" bgcolor="#FFFFFF"
             type="rectangle" x="1091" y="1019" width="46" height="17"/>
    </entry>
    <entry id="174" name="ko:K12451" type="ortholog" reaction="rn:R08704"
        link="http://www.kegg.jp/dbget-bin/www_bget?K12451">
        <graphics name="K12451" fgcolor="#000000" bgcolor="#FFFFFF"
             type="rectangle" x="970" y="1019" width="46" height="17"/>
    </entry>
    <entry id="177" name="ko:K16190" type="ortholog" reaction="rn:R01476"
        link="http://www.kegg.jp/dbget-bin/www_bget?K16190">
        <graphics name="K16190" fgcolor="#000000" bgcolor="#FFFFFF"
             type="rectangle" x="361" y="909" width="46" height="17"/>
    </entry>
    <entry id="183" name="ko:K12450" type="ortholog" reaction="rn:R00293"
        link="http://www.kegg.jp/dbget-bin/www_bget?K12450">
        <graphics name="K12450" fgcolor="#000000" bgcolor="#FFFFFF"
             type="rectangle" x="866" y="1018" width="46" height="17"/>
    </entry>
    <entry id="186" name="hsa:2592" type="gene" reaction="rn:R00955"
        link="http://www.kegg.jp/dbget-bin/www_bget?hsa:2592">
        <graphics name="GALT" fgcolor="#000000" bgcolor="#BFFFBF"
             type="rectangle" x="651" y="1075" width="46" height="17"/>
    </entry>
    <entry id="188" name="hsa:2582" type="gene" reaction="rn:R00291"
        link="http://www.kegg.jp/dbget-bin/www_bget?hsa:2582">
        <graphics name="GALE, SDR1E1" fgcolor="#000000" bgcolor="#BFFFBF"
             type="rectangle" x="721" y="1075" width="46" height="17"/>
    </entry>
    <entry id="190" name="hsa:7358" type="gene" reaction="rn:R00286"
        link="http://www.kegg.jp/dbget-bin/www_bget?hsa:7358">
        <graphics name="UGDH, GDH, UDP-GlcDH, UDPGDH, UGD" fgcolor="#000000" bgcolor="#BFFFBF"
             type="rectangle" x="721" y="941" width="46" height="17"/>
    </entry>
    <entry id="192" name="hsa:80146" type="gene" reaction="rn:R01384"
        link="http://www.kegg.jp/dbget-bin/www_bget?hsa:80146">
        <graphics name="UXS1, SDR6E1, UGD" fgcolor="#000000" bgcolor="#BFFFBF"
             type="rectangle" x="692" y="795" width="46" height="17"/>
    </entry>
    <entry id="194" name="ko:K12448" type="ortholog" reaction="rn:R01473"
        link="http://www.kegg.jp/dbget-bin/www_bget?K12448">
        <graphics name="K12448" fgcolor="#000000" bgcolor="#FFFFFF"
             type="rectangle" x="718" y="707" width="46" height="17"/>
    </entry>
    <entry id="195" name="hsa:4351" type="gene" reaction="rn:R01819"
        link="http://www.kegg.jp/dbget-bin/www_bget?hsa:4351">
        <graphics name="MPI, CDG1B, PMI, PMI1" fgcolor="#000000" bgcolor="#BFFFBF"
             type="rectangle" x="471" y="1075" width="46" height="17"/>
    </entry>
    <entry id="196" name="hsa:5372 hsa:5373" type="gene" reaction="rn:R01818"
        link="http://www.kegg.jp/dbget-bin/www_bget?hsa:5372+hsa:5373">
        <graphics name="PMM1, Sec53..." fgcolor="#000000" bgcolor="#BFFFBF"
             type="rectangle" x="508" y="1405" width="46" height="17"/>
    </entry>
    <entry id="198" name="hsa:5236 hsa:55276" type="gene" reaction="rn:R00959"
        link="http://www.kegg.jp/dbget-bin/www_bget?hsa:5236+hsa:55276">
        <graphics name="PGM1, CDG1T, GSD14..." fgcolor="#000000" bgcolor="#BFFFBF"
             type="rectangle" x="508" y="1010" width="46" height="17"/>
    </entry>
    <entry id="200" name="hsa:3098 hsa:3099 hsa:3101 hsa:80201" type="gene" reaction="rn:R01786"
        link="http://www.kegg.jp/dbget-bin/www_bget?hsa:3098+hsa:3099+hsa:3101+hsa:80201">
        <graphics name="HK1, HK1-ta, HK1-tb, HK1-tc, HKD, HKI, HMSNR, HXK1..." fgcolor="#000000" bgcolor="#BFFFBF"
             type="rectangle" x="361" y="1010" width="46" height="17"/>
    </entry>
    <entry id="202" name="hsa:2584 hsa:2585" type="gene" reaction="rn:R01092"
        link="http://www.kegg.jp/dbget-bin/www_bget?hsa:2584+hsa:2585">
        <graphics name="GALK1, GALK, GK1, HEL-S-19..." fgcolor="#000000" bgcolor="#BFFFBF"
             type="rectangle" x="421" y="1133" width="46" height="17"/>
    </entry>
    <entry id="205" name="hsa:29925 hsa:29926" type="gene" reaction="rn:R00885"
        link="http://www.kegg.jp/dbget-bin/www_bget?hsa:29925+hsa:29926">
        <graphics name="GMPPB, MDDGA14, MDDGB14, MDDGC14..." fgcolor="#000000" bgcolor="#BFFFBF"
             type="rectangle" x="651" y="1393" width="46" height="17"/>
    </entry>
    <entry id="207" name="hsa:8790" type="gene" reaction="rn:R01951"
        link="http://www.kegg.jp/dbget-bin/www_bget?hsa:8790">
        <graphics name="FPGT, GFPP" fgcolor="#000000" bgcolor="#BFFFBF"
             type="rectangle" x="651" y="1481" width="46" height="17"/>
    </entry>
    <entry id="209" name="hsa:197258" type="gene" reaction="rn:R03161"
        link="http://www.kegg.jp/dbget-bin/www_bget?hsa:197258">
        <graphics name="FUK, 1110046B12Rik" fgcolor="#000000" bgcolor="#BFFFBF"
             type="rectangle" x="421" y="1481" width="46" height="17"/>
    </entry>
    <entry id="210" name="path:map00523" type="map"
        link="http://www.kegg.jp/dbget-bin/www_bget?map00523">
        <graphics name="Polyketide sugar unit biosynthesis" fgcolor="#000000" bgcolor="#FFFFFF"
             type="roundrectangle" x="563" y="1080" width="116" height="34"/>
    </entry>
    <entry id="212" name="ko:K07806" type="ortholog" reaction="rn:R07659"
        link="http://www.kegg.jp/dbget-bin/www_bget?K07806">
        <graphics name="K07806" fgcolor="#000000" bgcolor="#FFFFFF"
             type="rectangle" x="970" y="905" width="46" height="17"/>
    </entry>
    <entry id="214" name="ko:K10011" type="ortholog" reaction="rn:R07660"
        link="http://www.kegg.jp/dbget-bin/www_bget?K10011">
        <graphics name="K10011" fgcolor="#000000" bgcolor="#FFFFFF"
             type="rectangle" x="1091" y="905" width="46" height="17"/>
    </entry>
    <entry id="216" name="ko:K10012" type="ortholog" reaction="rn:R07661"
        link="http://www.kegg.jp/dbget-bin/www_bget?K10012">
        <graphics name="K10012" fgcolor="#000000" bgcolor="#FFFFFF"
             type="rectangle" x="1213" y="905" width="46" height="17"/>
    </entry>
    <entry id="219" name="ko:K12446" type="ortholog" reaction="rn:R01754"
        link="http://www.kegg.jp/dbget-bin/www_bget?K12446">
        <graphics name="K12446" fgcolor="#000000" bgcolor="#FFFFFF"
             type="rectangle" x="361" y="641" width="46" height="17"/>
    </entry>
    <entry id="220" name="ko:K12447" type="ortholog" reaction="rn:R03077"
        link="http://www.kegg.jp/dbget-bin/www_bget?K12447">
        <graphics name="K12447" fgcolor="#000000" bgcolor="#FFFFFF"
             type="rectangle" x="651" y="641" width="46" height="17"/>
    </entry>
    <entry id="224" name="ko:K06118" type="ortholog" reaction="rn:R05775"
        link="http://www.kegg.jp/dbget-bin/www_bget?K06118">
        <graphics name="K06118" fgcolor="#000000" bgcolor="#FFFFFF"
             type="rectangle" x="776" y="1075" width="46" height="17"/>
    </entry>
    <entry id="225" name="path:hsa00040" type="map"
        link="http://www.kegg.jp/dbget-bin/www_bget?hsa00040">
        <graphics name="Pentose and glucuronate interconversions" fgcolor="#000000" bgcolor="#FFFFFF"
             type="roundrectangle" x="155" y="640" width="125" height="34"/>
    </entry>
    <entry id="226" name="path:hsa00052" type="map"
        link="http://www.kegg.jp/dbget-bin/www_bget?hsa00052">
        <graphics name="Galactose metabolism" fgcolor="#000000" bgcolor="#FFFFFF"
             type="roundrectangle" x="155" y="1132" width="126" height="24"/>
    </entry>
    <entry id="229" name="ko:K12449" type="ortholog" reaction="rn:R01386"
        link="http://www.kegg.jp/dbget-bin/www_bget?K12449">
        <graphics name="K12449" fgcolor="#000000" bgcolor="#FFFFFF"
             type="rectangle" x="772" y="820" width="46" height="17"/>
    </entry>
    <entry id="231" name="ko:K00066" type="ortholog" reaction="rn:R00880"
        link="http://www.kegg.jp/dbget-bin/www_bget?K00066">
        <graphics name="K00066" fgcolor="#000000" bgcolor="#FFFFFF"
             type="rectangle" x="786" y="1365" width="46" height="17"/>
    </entry>
    <entry id="232" name="path:hsa00010" type="map"
        link="http://www.kegg.jp/dbget-bin/www_bget?hsa00010">
        <graphics name="Glycolysis / Gluconeogenesis" fgcolor="#000000" bgcolor="#FFFFFF"
             type="roundrectangle" x="155" y="958" width="125" height="34"/>
    </entry>
    <entry id="236" name="hsa:5236 hsa:55276" type="gene" reaction="rn:R00959"
        link="http://www.kegg.jp/dbget-bin/www_bget?hsa:5236+hsa:55276">
        <graphics name="PGM1, CDG1T, GSD14..." fgcolor="#000000" bgcolor="#BFFFBF"
             type="rectangle" x="508" y="1551" width="46" height="17"/>
    </entry>
    <entry id="238" name="hsa:3098 hsa:3099 hsa:3101 hsa:80201" type="gene" reaction="rn:R01786"
        link="http://www.kegg.jp/dbget-bin/www_bget?hsa:3098+hsa:3099+hsa:3101+hsa:80201">
        <graphics name="HK1, HK1-ta, HK1-tb, HK1-tc, HKD, HKI, HMSNR, HXK1..." fgcolor="#000000" bgcolor="#BFFFBF"
             type="rectangle" x="361" y="1551" width="46" height="17"/>
    </entry>
    <entry id="239" name="path:hsa00500" type="map"
        link="http://www.kegg.jp/dbget-bin/www_bget?hsa00500">
        <graphics name="Starch and sucrose metabolism" fgcolor="#000000" bgcolor="#FFFFFF"
             type="roundrectangle" x="842" y="1565" width="104" height="34"/>
    </entry>
    <entry id="241" name="path:hsa00051" type="map"
        link="http://www.kegg.jp/dbget-bin/www_bget?hsa00051">
        <graphics name="Fructose and mannose metabolism" fgcolor="#000000" bgcolor="#FFFFFF"
             type="roundrectangle" x="1099" y="1364" width="179" height="25"/>
    </entry>
    <entry id="243" name="ko:K00978" type="ortholog" reaction="rn:R00956"
        link="http://www.kegg.jp/dbget-bin/www_bget?K00978">
        <graphics name="K00978" fgcolor="#000000" bgcolor="#FFFFFF"
             type="rectangle" x="651" y="1642" width="46" height="17"/>
    </entry>
    <entry id="247" name="ko:K12454" type="ortholog" reaction="rn:R04266"
        link="http://www.kegg.jp/dbget-bin/www_bget?K12454">
        <graphics name="K12454" fgcolor="#000000" bgcolor="#FFFFFF"
             type="rectangle" x="1064" y="1642" width="46" height="17"/>
    </entry>
    <entry id="248" name="hsa:2762" type="gene" reaction="rn:R00888"
        link="http://www.kegg.jp/dbget-bin/www_bget?hsa:2762">
        <graphics name="GMDS, GMD, SDR3E1" fgcolor="#000000" bgcolor="#BFFFBF"
             type="rectangle" x="786" y="1404" width="46" height="17"/>
    </entry>
    <entry id="250" name="hsa:7264" type="gene" reaction="rn:R05692"
        link="http://www.kegg.jp/dbget-bin/www_bget?hsa:7264">
        <graphics name="TSTA3, FX, P35B, SDR4E1" fgcolor="#000000" bgcolor="#BFFFBF"
             type="rectangle" x="786" y="1481" width="46" height="17"/>
    </entry>
    <entry id="255" name="path:hsa00500" type="map"
        link="http://www.kegg.jp/dbget-bin/www_bget?hsa00500">
        <graphics name="Starch and sucrose metabolism" fgcolor="#000000" bgcolor="#FFFFFF"
             type="roundrectangle" x="654" y="1320" width="104" height="34"/>
    </entry>
    <entry id="256" name="ko:K12449" type="ortholog" reaction="rn:R01384"
        link="http://www.kegg.jp/dbget-bin/www_bget?K12449">
        <graphics name="K12449" fgcolor="#000000" bgcolor="#FFFFFF"
             type="rectangle" x="742" y="795" width="46" height="17"/>
    </entry>
    <entry id="260" name="ko:K10046" type="ortholog" reaction="rn:R00889"
        link="http://www.kegg.jp/dbget-bin/www_bget?K10046">
        <graphics name="K10046" fgcolor="#000000" bgcolor="#FFFFFF"
             type="rectangle" x="786" y="1324" width="46" height="17"/>
    </entry>
    <entry id="262" name="ko:K10046" type="ortholog" reaction="rn:R07672"
        link="http://www.kegg.jp/dbget-bin/www_bget?K10046">
        <graphics name="K10046" fgcolor="#000000" bgcolor="#FFFFFF"
             type="rectangle" x="786" y="1285" width="46" height="17"/>
    </entry>
    <entry id="263" name="path:hsa00053" type="map"
        link="http://www.kegg.jp/dbget-bin/www_bget?hsa00053">
        <graphics name="Ascorbate and aldarate metabolism" fgcolor="#000000" bgcolor="#FFFFFF"
             type="roundrectangle" x="998" y="1323" width="129" height="34"/>
    </entry>
    <entry id="264" name="ko:K12453" type="ortholog" reaction="rn:R04265"
        link="http://www.kegg.jp/dbget-bin/www_bget?K12453">
        <graphics name="K12453" fgcolor="#000000" bgcolor="#FFFFFF"
             type="rectangle" x="960" y="1642" width="46" height="17"/>
    </entry>
    <entry id="265" name="hsa:2821" type="gene" reaction="rn:R02740"
        link="http://www.kegg.jp/dbget-bin/www_bget?hsa:2821">
        <graphics name="GPI, AMF, GNPI, NLK, PGI, PHI, SA-36, SA36" fgcolor="#000000" bgcolor="#BFFFBF"
             type="rectangle" x="436" y="797" width="46" height="17"/>
    </entry>
    <entry id="266" name="hsa:3098 hsa:3099 hsa:3101 hsa:80201" type="gene" reaction="rn:R01326"
        link="http://www.kegg.jp/dbget-bin/www_bget?hsa:3098+hsa:3099+hsa:3101+hsa:80201">
        <graphics name="HK1, HK1-ta, HK1-tb, HK1-tc, HKD, HKI, HMSNR, HXK1..." fgcolor="#000000" bgcolor="#BFFFBF"
             type="rectangle" x="361" y="1389" width="46" height="17"/>
    </entry>
    <entry id="269" name="ko:K12455" type="ortholog" reaction="rn:R08711"
        link="http://www.kegg.jp/dbget-bin/www_bget?K12455">
        <graphics name="K12455" fgcolor="#000000" bgcolor="#FFFFFF"
             type="rectangle" x="960" y="1535" width="46" height="17"/>
    </entry>
    <entry id="271" name="ko:K15857" type="ortholog" reaction="rn:R08708"
        link="http://www.kegg.jp/dbget-bin/www_bget?K15857">
        <graphics name="K15857" fgcolor="#000000" bgcolor="#FFFFFF"
             type="rectangle" x="960" y="1590" width="46" height="17"/>
    </entry>
    <entry id="273" name="ko:K15858" type="ortholog" reaction="rn:R08709 rn:R08710"
        link="http://www.kegg.jp/dbget-bin/www_bget?K15858">
        <graphics name="K15858" fgcolor="#000000" bgcolor="#FFFFFF"
             type="rectangle" x="1064" y="1590" width="46" height="17"/>
    </entry>
    <entry id="275" name="ko:K08679" type="ortholog" reaction="rn:R01385"
        link="http://www.kegg.jp/dbget-bin/www_bget?K08679">
        <graphics name="K08679" fgcolor="#000000" bgcolor="#FFFFFF"
             type="rectangle" x="837" y="1075" width="46" height="17"/>
    </entry>
    <entry id="279" name="ko:K15856" type="ortholog" reaction="rn:R03397 rn:R03399"
        link="http://www.kegg.jp/dbget-bin/www_bget?K15856">
        <graphics name="K15856" fgcolor="#000000" bgcolor="#FFFFFF"
             type="rectangle" x="928" y="1433" width="46" height="17"/>
    </entry>
    <entry id="281" name="hsa:7360" type="gene" reaction="rn:R00289"
        link="http://www.kegg.jp/dbget-bin/www_bget?hsa:7360">
        <graphics name="UGP2, UDPG, UDPGP, UDPGP2, UGP1, UGPP1, UGPP2, pHC379" fgcolor="#000000" bgcolor="#BFFFBF"
             type="rectangle" x="651" y="989" width="46" height="17"/>
    </entry>
    <entry id="283" name="ko:K02793 ko:K02794 ko:K02795 ko:K02796" type="ortholog" reaction="rn:R02630"
        link="http://www.kegg.jp/dbget-bin/www_bget?K02793+K02794+K02795+K02796">
        <graphics name="K02793..." fgcolor="#000000" bgcolor="#FFFFFF"
             type="rectangle" x="361" y="1348" width="46" height="17"/>
    </entry>
    <entry id="285" name="ko:K11194 ko:K11195 ko:K11196 ko:K02771" type="ortholog" reaction="rn:R08860"
        link="http://www.kegg.jp/dbget-bin/www_bget?K11194+K11195+K11196+K02771">
        <graphics name="K11194..." fgcolor="#000000" bgcolor="#FFFFFF"
             type="rectangle" x="421" y="1442" width="46" height="17"/>
    </entry>
    <entry id="287" name="ko:K02777 ko:K02778 ko:K02779" type="ortholog" reaction="rn:R02738"
        link="http://www.kegg.jp/dbget-bin/www_bget?K02777+K02778+K02779">
        <graphics name="K02777..." fgcolor="#000000" bgcolor="#FFFFFF"
             type="rectangle" x="361" y="1521" width="46" height="17"/>
    </entry>
    <entry id="288" name="path:hsa00010" type="map"
        link="http://www.kegg.jp/dbget-bin/www_bget?hsa00010">
        <graphics name="Glycolysis / Gluconeogenesis" fgcolor="#000000" bgcolor="#FFFFFF"
             type="roundrectangle" x="155" y="1520" width="125" height="34"/>
    </entry>
    <entry id="291" name="ko:K02777 ko:K02778 ko:K02779" type="ortholog" reaction="rn:R02738"
        link="http://www.kegg.jp/dbget-bin/www_bget?K02777+K02778+K02779">
        <graphics name="K02777..." fgcolor="#000000" bgcolor="#FFFFFF"
             type="rectangle" x="361" y="960" width="46" height="17"/>
    </entry>
    <entry id="292" name="path:hsa00051" type="map"
        link="http://www.kegg.jp/dbget-bin/www_bget?hsa00051">
        <graphics name="Fructose and mannose metabolism" fgcolor="#000000" bgcolor="#FFFFFF"
             type="roundrectangle" x="155" y="1400" width="125" height="34"/>
    </entry>
    <entry id="293" name="ko:K01709" type="ortholog" reaction="rn:R02426"
        link="http://www.kegg.jp/dbget-bin/www_bget?K01709">
        <graphics name="K01709" fgcolor="#000000" bgcolor="#FFFFFF"
             type="rectangle" x="766" y="1642" width="46" height="17"/>
    </entry>
    <entry id="296" name="ko:K00975" type="ortholog" reaction="rn:R00948"
        link="http://www.kegg.jp/dbget-bin/www_bget?K00975">
        <graphics name="K00975" fgcolor="#000000" bgcolor="#FFFFFF"
             type="rectangle" x="651" y="1722" width="46" height="17"/>
    </entry>
    <entry id="297" name="hsa:2645" type="gene" reaction="rn:R01786"
        link="http://www.kegg.jp/dbget-bin/www_bget?hsa:2645">
        <graphics name="GCK, FGQTL3, GK, GLK, HHF3, HK4, HKIV, HXKP, LGLK, MODY2" fgcolor="#000000" bgcolor="#BFFFBF"
             type="rectangle" x="339" y="1572" width="46" height="17"/>
    </entry>
    <entry id="298" name="hsa:2645" type="gene" reaction="rn:R01786"
        link="http://www.kegg.jp/dbget-bin/www_bget?hsa:2645">
        <graphics name="GCK, FGQTL3, GK, GLK, HHF3, HK4, HKIV, HXKP, LGLK, MODY2" fgcolor="#000000" bgcolor="#BFFFBF"
             type="rectangle" x="339" y="1031" width="46" height="17"/>
    </entry>
    <entry id="299" name="path:hsa00500" type="map"
        link="http://www.kegg.jp/dbget-bin/www_bget?hsa00500">
        <graphics name="Starch and sucrose metabolism" fgcolor="#000000" bgcolor="#FFFFFF"
             type="roundrectangle" x="871" y="1721" width="162" height="25"/>
    </entry>
    <entry id="300" name="ko:K00886" type="ortholog" reaction="rn:R02189"
        link="http://www.kegg.jp/dbget-bin/www_bget?K00886">
        <graphics name="K00886" fgcolor="#000000" bgcolor="#FFFFFF"
             type="rectangle" x="387" y="1572" width="46" height="17"/>
    </entry>
    <entry id="301" name="ko:K00886" type="ortholog" reaction="rn:R02189"
        link="http://www.kegg.jp/dbget-bin/www_bget?K00886">
        <graphics name="K00886" fgcolor="#000000" bgcolor="#FFFFFF"
             type="rectangle" x="387" y="1031" width="46" height="17"/>
    </entry>
    <entry id="305" name="ko:K13648" type="ortholog" reaction="rn:R05191"
        link="http://www.kegg.jp/dbget-bin/www_bget?K13648">
        <graphics name="K13648" fgcolor="#000000" bgcolor="#FFFFFF"
             type="rectangle" x="876" y="1253" width="46" height="17"/>
    </entry>
    <entry id="310" name="ko:K01209 ko:K15921" type="ortholog" reaction="rn:R01762"
        link="http://www.kegg.jp/dbget-bin/www_bget?K01209+K15921">
        <graphics name="K01209..." fgcolor="#000000" bgcolor="#FFFFFF"
             type="rectangle" x="577" y="687" width="46" height="17"/>
    </entry>
    <entry id="312" name="ko:K01198 ko:K15920" type="ortholog" reaction="rn:R01433"
        link="http://www.kegg.jp/dbget-bin/www_bget?K01198+K15920">
        <graphics name="K01198..." fgcolor="#000000" bgcolor="#FFFFFF"
             type="rectangle" x="931" y="753" width="46" height="17"/>
    </entry>
    <entry id="314" name="ko:K00770" type="ortholog" reaction="rn:R03928"
        link="http://www.kegg.jp/dbget-bin/www_bget?K00770">
        <graphics name="K00770" fgcolor="#000000" bgcolor="#FFFFFF"
             type="rectangle" x="772" y="752" width="46" height="17"/>
    </entry>
    <entry id="317" name="ko:K10011" type="ortholog" reaction="rn:R07658"
        link="http://www.kegg.jp/dbget-bin/www_bget?K10011">
        <graphics name="K10011" fgcolor="#000000" bgcolor="#FFFFFF"
             type="rectangle" x="859" y="904" width="46" height="17"/>
    </entry>
    <entry id="318" name="path:hsa00040" type="map"
        link="http://www.kegg.jp/dbget-bin/www_bget?hsa00040">
        <graphics name="Pentose and glucuronate interconversions" fgcolor="#000000" bgcolor="#FFFFFF"
             type="roundrectangle" x="155" y="1243" width="125" height="34"/>
    </entry>
    <entry id="319" name="path:hsa00053" type="map"
        link="http://www.kegg.jp/dbget-bin/www_bget?hsa00053">
        <graphics name="Ascorbate and aldarate metabolism" fgcolor="#000000" bgcolor="#FFFFFF"
             type="roundrectangle" x="925" y="965" width="129" height="34"/>
    </entry>
    <entry id="320" name="ko:K12452 ko:K00523" type="ortholog" reaction="rn:R03391 rn:R03392"
        link="http://www.kegg.jp/dbget-bin/www_bget?K12452+K00523">
        <graphics name="K12452..." fgcolor="#000000" bgcolor="#FFFFFF"
             type="rectangle" x="862" y="1642" width="46" height="17"/>
    </entry>
    <entry id="321" name="path:hsa00510" type="map"
        link="http://www.kegg.jp/dbget-bin/www_bget?hsa00510">
        <graphics name="N-Glycan biosynthesis" fgcolor="#000000" bgcolor="#FFFFFF"
             type="roundrectangle" x="1069" y="1146" width="121" height="25"/>
    </entry>
    <entry id="322" name="cpd:C02199" type="compound"
        link="http://www.kegg.jp/dbget-bin/www_bget?C02199">
        <graphics name="C02199" fgcolor="#000000" bgcolor="#FFFFFF"
             type="circle" x="1157" y="1018" width="8" height="8"/>
    </entry>
    <entry id="323" name="cpd:C17328" type="compound"
        link="http://www.kegg.jp/dbget-bin/www_bget?C17328">
        <graphics name="C17328" fgcolor="#000000" bgcolor="#FFFFFF"
             type="circle" x="1037" y="1018" width="8" height="8"/>
    </entry>
    <entry id="324" name="cpd:C04089" type="compound"
        link="http://www.kegg.jp/dbget-bin/www_bget?C04089">
        <graphics name="C04089" fgcolor="#000000" bgcolor="#FFFFFF"
             type="circle" x="916" y="1018" width="8" height="8"/>
    </entry>
    <entry id="325" name="cpd:C00029" type="compound"
        link="http://www.kegg.jp/dbget-bin/www_bget?C00029">
        <graphics name="C00029" fgcolor="#000000" bgcolor="#FFFFFF"
             type="circle" x="721" y="1020" width="8" height="8"/>
    </entry>
    <entry id="326" name="cpd:C00191" type="compound"
        link="http://www.kegg.jp/dbget-bin/www_bget?C00191">
        <graphics name="C00191" fgcolor="#000000" bgcolor="#FFFFFF"
             type="circle" x="292" y="908" width="8" height="8"/>
    </entry>
    <entry id="327" name="cpd:C05385" type="compound"
        link="http://www.kegg.jp/dbget-bin/www_bget?C05385">
        <graphics name="C05385" fgcolor="#000000" bgcolor="#FFFFFF"
             type="circle" x="578" y="908" width="8" height="8"/>
    </entry>
    <entry id="328" name="cpd:C00167" type="compound"
        link="http://www.kegg.jp/dbget-bin/www_bget?C00167">
        <graphics name="C00167" fgcolor="#000000" bgcolor="#FFFFFF"
             type="circle" x="721" y="908" width="8" height="8"/>
    </entry>
    <entry id="329" name="cpd:C00333" type="compound"
        link="http://www.kegg.jp/dbget-bin/www_bget?C00333">
        <graphics name="C00333" fgcolor="#000000" bgcolor="#FFFFFF"
             type="circle" x="292" y="1244" width="8" height="8"/>
    </entry>
    <entry id="330" name="cpd:C04037" type="compound"
        link="http://www.kegg.jp/dbget-bin/www_bget?C04037">
        <graphics name="C04037" fgcolor="#000000" bgcolor="#FFFFFF"
             type="circle" x="578" y="1244" width="8" height="8"/>
    </entry>
    <entry id="331" name="cpd:C00617" type="compound"
        link="http://www.kegg.jp/dbget-bin/www_bget?C00617">
        <graphics name="C00617" fgcolor="#000000" bgcolor="#FFFFFF"
             type="circle" x="723" y="1245" width="8" height="8"/>
    </entry>
    <entry id="332" name="cpd:C00190" type="compound"
        link="http://www.kegg.jp/dbget-bin/www_bget?C00190">
        <graphics name="C00190" fgcolor="#000000" bgcolor="#FFFFFF"
             type="circle" x="717" y="752" width="8" height="8"/>
    </entry>
    <entry id="333" name="cpd:C00935" type="compound"
        link="http://www.kegg.jp/dbget-bin/www_bget?C00935">
        <graphics name="C00935" fgcolor="#000000" bgcolor="#FFFFFF"
             type="circle" x="716" y="640" width="8" height="8"/>
    </entry>
    <entry id="334" name="cpd:C00668" type="compound"
        link="http://www.kegg.jp/dbget-bin/www_bget?C00668">
        <graphics name="C00668" fgcolor="#000000" bgcolor="#FFFFFF"
             type="circle" x="432" y="1020" width="8" height="8"/>
    </entry>
    <entry id="335" name="cpd:C00267" type="compound"
        link="http://www.kegg.jp/dbget-bin/www_bget?C00267">
        <graphics name="C00267" fgcolor="#000000" bgcolor="#FFFFFF"
             type="circle" x="292" y="1020" width="8" height="8"/>
    </entry>
    <entry id="336" name="cpd:C16155" type="compound"
        link="http://www.kegg.jp/dbget-bin/www_bget?C16155">
        <graphics name="C16155" fgcolor="#000000" bgcolor="#FFFFFF"
             type="circle" x="916" y="904" width="8" height="8"/>
    </entry>
    <entry id="337" name="cpd:C16153" type="compound"
        link="http://www.kegg.jp/dbget-bin/www_bget?C16153">
        <graphics name="C16153" fgcolor="#000000" bgcolor="#FFFFFF"
             type="circle" x="1037" y="904" width="8" height="8"/>
    </entry>
    <entry id="338" name="cpd:C16154" type="compound"
        link="http://www.kegg.jp/dbget-bin/www_bget?C16154">
        <graphics name="C16154" fgcolor="#000000" bgcolor="#FFFFFF"
             type="circle" x="1157" y="904" width="8" height="8"/>
    </entry>
    <entry id="339" name="cpd:C16156" type="compound"
        link="http://www.kegg.jp/dbget-bin/www_bget?C16156">
        <graphics name="C16156" fgcolor="#000000" bgcolor="#FFFFFF"
             type="circle" x="1277" y="904" width="8" height="8"/>
    </entry>
    <entry id="340" name="cpd:C00259" type="compound"
        link="http://www.kegg.jp/dbget-bin/www_bget?C00259">
        <graphics name="C00259" fgcolor="#000000" bgcolor="#FFFFFF"
             type="circle" x="292" y="640" width="8" height="8"/>
    </entry>
    <entry id="341" name="cpd:C03906" type="compound"
        link="http://www.kegg.jp/dbget-bin/www_bget?C03906">
        <graphics name="C03906" fgcolor="#000000" bgcolor="#FFFFFF"
             type="circle" x="578" y="640" width="8" height="8"/>
    </entry>
    <entry id="342" name="cpd:C03737" type="compound"
        link="http://www.kegg.jp/dbget-bin/www_bget?C03737">
        <graphics name="C03737" fgcolor="#000000" bgcolor="#FFFFFF"
             type="circle" x="578" y="752" width="8" height="8"/>
    </entry>
    <entry id="343" name="cpd:C11521" type="compound"
        link="http://www.kegg.jp/dbget-bin/www_bget?C11521">
        <graphics name="C11521" fgcolor="#000000" bgcolor="#FFFFFF"
             type="circle" x="776" y="1132" width="8" height="8"/>
    </entry>
    <entry id="344" name="cpd:C01623" type="compound"
        link="http://www.kegg.jp/dbget-bin/www_bget?C01623">
        <graphics name="C01623" fgcolor="#000000" bgcolor="#FFFFFF"
             type="circle" x="916" y="819" width="8" height="8"/>
    </entry>
    <entry id="345" name="cpd:C00976" type="compound"
        link="http://www.kegg.jp/dbget-bin/www_bget?C00976">
        <graphics name="C00976" fgcolor="#000000" bgcolor="#FFFFFF"
             type="circle" x="864" y="1364" width="8" height="8"/>
    </entry>
    <entry id="346" name="cpd:C00394" type="compound"
        link="http://www.kegg.jp/dbget-bin/www_bget?C00394">
        <graphics name="C00394" fgcolor="#000000" bgcolor="#FFFFFF"
             type="circle" x="721" y="1561" width="8" height="8"/>
    </entry>
    <entry id="347" name="cpd:C00668" type="compound"
        link="http://www.kegg.jp/dbget-bin/www_bget?C00668">
        <graphics name="C00668" fgcolor="#000000" bgcolor="#FFFFFF"
             type="circle" x="435" y="1561" width="8" height="8"/>
    </entry>
    <entry id="348" name="cpd:C00267" type="compound"
        link="http://www.kegg.jp/dbget-bin/www_bget?C00267">
        <graphics name="C00267" fgcolor="#000000" bgcolor="#FFFFFF"
             type="circle" x="292" y="1561" width="8" height="8"/>
    </entry>
    <entry id="349" name="cpd:C04297" type="compound"
        link="http://www.kegg.jp/dbget-bin/www_bget?C04297">
        <graphics name="C04297" fgcolor="#000000" bgcolor="#FFFFFF"
             type="circle" x="917" y="1641" width="8" height="8"/>
    </entry>
    <entry id="350" name="cpd:C03598" type="compound"
        link="http://www.kegg.jp/dbget-bin/www_bget?C03598">
        <graphics name="C03598" fgcolor="#000000" bgcolor="#FFFFFF"
             type="circle" x="1015" y="1641" width="8" height="8"/>
    </entry>
    <entry id="351" name="cpd:C03599" type="compound"
        link="http://www.kegg.jp/dbget-bin/www_bget?C03599">
        <graphics name="C03599" fgcolor="#000000" bgcolor="#FFFFFF"
             type="circle" x="1113" y="1641" width="8" height="8"/>
    </entry>
    <entry id="352" name="cpd:C00446" type="compound"
        link="http://www.kegg.jp/dbget-bin/www_bget?C00446">
        <graphics name="C00446" fgcolor="#000000" bgcolor="#FFFFFF"
             type="circle" x="578" y="1132" width="8" height="8"/>
    </entry>
    <entry id="353" name="cpd:C00052" type="compound"
        link="http://www.kegg.jp/dbget-bin/www_bget?C00052">
        <graphics name="C00052" fgcolor="#000000" bgcolor="#FFFFFF"
             type="circle" x="721" y="1132" width="8" height="8"/>
    </entry>
    <entry id="354" name="cpd:C00984" type="compound"
        link="http://www.kegg.jp/dbget-bin/www_bget?C00984">
        <graphics name="C00984" fgcolor="#000000" bgcolor="#FFFFFF"
             type="circle" x="292" y="1132" width="8" height="8"/>
    </entry>
    <entry id="355" name="cpd:C00103" type="compound"
        link="http://www.kegg.jp/dbget-bin/www_bget?C00103">
        <graphics name="C00103" fgcolor="#000000" bgcolor="#FFFFFF"
             type="circle" x="578" y="1020" width="8" height="8"/>
    </entry>
    <entry id="356" name="cpd:C00159" type="compound"
        link="http://www.kegg.jp/dbget-bin/www_bget?C00159">
        <graphics name="C00159" fgcolor="#000000" bgcolor="#FFFFFF"
             type="circle" x="292" y="1399" width="8" height="8"/>
    </entry>
    <entry id="357" name="cpd:C00636" type="compound"
        link="http://www.kegg.jp/dbget-bin/www_bget?C00636">
        <graphics name="C00636" fgcolor="#000000" bgcolor="#FFFFFF"
             type="circle" x="578" y="1403" width="8" height="8"/>
    </entry>
    <entry id="358" name="cpd:C00096" type="compound"
        link="http://www.kegg.jp/dbget-bin/www_bget?C00096">
        <graphics name="C00096" fgcolor="#000000" bgcolor="#FFFFFF"
             type="circle" x="721" y="1403" width="8" height="8"/>
    </entry>
    <entry id="359" name="cpd:C00103" type="compound"
        link="http://www.kegg.jp/dbget-bin/www_bget?C00103">
        <graphics name="C00103" fgcolor="#000000" bgcolor="#FFFFFF"
             type="circle" x="578" y="1561" width="8" height="8"/>
    </entry>
    <entry id="360" name="cpd:C00325" type="compound"
        link="http://www.kegg.jp/dbget-bin/www_bget?C00325">
        <graphics name="C00325" fgcolor="#000000" bgcolor="#FFFFFF"
             type="circle" x="721" y="1480" width="8" height="8"/>
    </entry>
    <entry id="361" name="cpd:C02985" type="compound"
        link="http://www.kegg.jp/dbget-bin/www_bget?C02985">
        <graphics name="C02985" fgcolor="#000000" bgcolor="#FFFFFF"
             type="circle" x="578" y="1480" width="8" height="8"/>
    </entry>
    <entry id="362" name="cpd:C01019" type="compound"
        link="http://www.kegg.jp/dbget-bin/www_bget?C01019">
        <graphics name="C01019" fgcolor="#000000" bgcolor="#FFFFFF"
             type="circle" x="292" y="1480" width="8" height="8"/>
    </entry>
    <entry id="363" name="cpd:C03117" type="compound"
        link="http://www.kegg.jp/dbget-bin/www_bget?C03117">
        <graphics name="C03117" fgcolor="#000000" bgcolor="#FFFFFF"
             type="circle" x="1006" y="1403" width="8" height="8"/>
    </entry>
    <entry id="364" name="cpd:C02977" type="compound"
        link="http://www.kegg.jp/dbget-bin/www_bget?C02977">
        <graphics name="C02977" fgcolor="#000000" bgcolor="#FFFFFF"
             type="circle" x="1006" y="1461" width="8" height="8"/>
    </entry>
    <entry id="365" name="cpd:C01222" type="compound"
        link="http://www.kegg.jp/dbget-bin/www_bget?C01222">
        <graphics name="C01222" fgcolor="#000000" bgcolor="#FFFFFF"
             type="circle" x="864" y="1403" width="8" height="8"/>
    </entry>
    <entry id="366" name="cpd:C02280" type="compound"
        link="http://www.kegg.jp/dbget-bin/www_bget?C02280">
        <graphics name="C02280" fgcolor="#000000" bgcolor="#FFFFFF"
             type="circle" x="864" y="1323" width="8" height="8"/>
    </entry>
    <entry id="367" name="cpd:C15925" type="compound"
        link="http://www.kegg.jp/dbget-bin/www_bget?C15925">
        <graphics name="C15925" fgcolor="#000000" bgcolor="#FFFFFF"
             type="circle" x="864" y="1284" width="8" height="8"/>
    </entry>
    <entry id="368" name="cpd:C01788" type="compound"
        link="http://www.kegg.jp/dbget-bin/www_bget?C01788">
        <graphics name="C01788" fgcolor="#000000" bgcolor="#FFFFFF"
             type="circle" x="1015" y="1535" width="8" height="8"/>
    </entry>
    <entry id="369" name="cpd:C17327" type="compound"
        link="http://www.kegg.jp/dbget-bin/www_bget?C17327">
        <graphics name="C17327" fgcolor="#000000" bgcolor="#FFFFFF"
             type="circle" x="1113" y="1589" width="8" height="8"/>
    </entry>
    <entry id="370" name="cpd:C00031" type="compound"
        link="http://www.kegg.jp/dbget-bin/www_bget?C00031">
        <graphics name="C00031" fgcolor="#000000" bgcolor="#FFFFFF"
             type="circle" x="292" y="959" width="8" height="8"/>
    </entry>
    <entry id="371" name="cpd:C00275" type="compound"
        link="http://www.kegg.jp/dbget-bin/www_bget?C00275">
        <graphics name="C00275" fgcolor="#000000" bgcolor="#FFFFFF"
             type="circle" x="435" y="1399" width="8" height="8"/>
    </entry>
    <entry id="372" name="cpd:C00159" type="compound"
        link="http://www.kegg.jp/dbget-bin/www_bget?C00159">
        <graphics name="C00159" fgcolor="#000000" bgcolor="#FFFFFF"
             type="circle" x="292" y="1346" width="8" height="8"/>
    </entry>
    <entry id="373" name="cpd:C01019" type="compound"
        link="http://www.kegg.jp/dbget-bin/www_bget?C01019">
        <graphics name="C01019" fgcolor="#000000" bgcolor="#FFFFFF"
             type="circle" x="292" y="1442" width="8" height="8"/>
    </entry>
    <entry id="374" name="cpd:C00031" type="compound"
        link="http://www.kegg.jp/dbget-bin/www_bget?C00031">
        <graphics name="C00031" fgcolor="#000000" bgcolor="#FFFFFF"
             type="circle" x="292" y="1521" width="8" height="8"/>
    </entry>
    <entry id="375" name="cpd:C01219" type="compound"
        link="http://www.kegg.jp/dbget-bin/www_bget?C01219">
        <graphics name="C01219" fgcolor="#000000" bgcolor="#FFFFFF"
             type="circle" x="819" y="1641" width="8" height="8"/>
    </entry>
    <entry id="376" name="cpd:C00498" type="compound"
        link="http://www.kegg.jp/dbget-bin/www_bget?C00498">
        <graphics name="C00498" fgcolor="#000000" bgcolor="#FFFFFF"
             type="circle" x="721" y="1721" width="8" height="8"/>
    </entry>
    <entry id="377" name="cpd:C00714" type="compound"
        link="http://www.kegg.jp/dbget-bin/www_bget?C00714">
        <graphics name="C00714" fgcolor="#000000" bgcolor="#FFFFFF"
             type="circle" x="947" y="1253" width="8" height="8"/>
    </entry>
    <entry id="378" name="cpd:C02474" type="compound"
        link="http://www.kegg.jp/dbget-bin/www_bget?C02474">
        <graphics name="C02474" fgcolor="#000000" bgcolor="#FFFFFF"
             type="circle" x="864" y="637" width="8" height="8"/>
    </entry>
    <entry id="379" name="cpd:C00181" type="compound"
        link="http://www.kegg.jp/dbget-bin/www_bget?C00181">
        <graphics name="C00181" fgcolor="#000000" bgcolor="#FFFFFF"
             type="circle" x="1005" y="752" width="8" height="8"/>
    </entry>
    <entry id="380" name="cpd:C02352" type="compound"
        link="http://www.kegg.jp/dbget-bin/www_bget?C02352">
        <graphics name="C02352" fgcolor="#000000" bgcolor="#FFFFFF"
             type="circle" x="862" y="752" width="8" height="8"/>
    </entry>
    <entry id="381" name="cpd:C02330" type="compound"
        link="http://www.kegg.jp/dbget-bin/www_bget?C02330">
        <graphics name="C02330" fgcolor="#000000" bgcolor="#FFFFFF"
             type="circle" x="916" y="860" width="8" height="8"/>
    </entry>
    <entry id="382" name="cpd:C17326" type="compound"
        link="http://www.kegg.jp/dbget-bin/www_bget?C17326">
        <graphics name="C17326" fgcolor="#000000" bgcolor="#FFFFFF"
             type="circle" x="1015" y="1589" width="8" height="8"/>
    </entry>
    <entry id="383" name="cpd:C00501" type="compound"
        link="http://www.kegg.jp/dbget-bin/www_bget?C00501">
        <graphics name="C00501" fgcolor="#000000" bgcolor="#FFFFFF"
             type="circle" x="721" y="1641" width="8" height="8"/>
    </entry>
    <entry id="384" name="ko:K12447" type="ortholog" reaction="rn:R01381"
        link="http://www.kegg.jp/dbget-bin/www_bget?K12447">
        <graphics name="K12447" fgcolor="#000000" bgcolor="#FFFFFF"
             type="rectangle" x="652" y="919" width="46" height="17"/>
    </entry>
    <entry id="386" name="ko:K13010" type="ortholog" reaction="rn:R10460"
        link="http://www.kegg.jp/dbget-bin/www_bget?K13010">
        <graphics name="K13010" fgcolor="#000000" bgcolor="#FFFFFF"
             type="rectangle" x="928" y="1491" width="46" height="17"/>
    </entry>
    <entry id="387" name="cpd:C20638" type="compound"
        link="http://www.kegg.jp/dbget-bin/www_bget?C20638">
        <graphics name="C20638" fgcolor="#000000" bgcolor="#FFFFFF"
             type="circle" x="1006" y="1491" width="8" height="8"/>
    </entry>
    <entry id="389" name="ko:K17939" type="ortholog" reaction="rn:R10514"
        link="http://www.kegg.jp/dbget-bin/www_bget?K17939">
        <graphics name="K17939" fgcolor="#000000" bgcolor="#FFFFFF"
             type="rectangle" x="1049" y="1491" width="46" height="17"/>
    </entry>
    <entry id="390" name="cpd:C20672" type="compound"
        link="http://www.kegg.jp/dbget-bin/www_bget?C20672">
        <graphics name="C20672" fgcolor="#000000" bgcolor="#FFFFFF"
             type="circle" x="1104" y="1490" width="8" height="8"/>
    </entry>
    <entry id="391" name="cpd:C04613" type="compound"
        link="http://www.kegg.jp/dbget-bin/www_bget?C04613">
        <graphics name="C04613" fgcolor="#000000" bgcolor="#FFFFFF"
             type="circle" x="818" y="578" width="8" height="8"/>
    </entry>
    <entry id="393" name="cpd:C04630" type="compound"
        link="http://www.kegg.jp/dbget-bin/www_bget?C04630">
        <graphics name="C04630" fgcolor="#000000" bgcolor="#FFFFFF"
             type="circle" x="916" y="578" width="8" height="8"/>
    </entry>
    <entry id="395" name="cpd:C20357" type="compound"
        link="http://www.kegg.jp/dbget-bin/www_bget?C20357">
        <graphics name="C20357" fgcolor="#000000" bgcolor="#FFFFFF"
             type="circle" x="1021" y="578" width="8" height="8"/>
    </entry>
    <entry id="398" name="cpd:C20424" type="compound"
        link="http://www.kegg.jp/dbget-bin/www_bget?C20424">
        <graphics name="C20424" fgcolor="#000000" bgcolor="#FFFFFF"
             type="circle" x="1120" y="578" width="8" height="8"/>
    </entry>
    <entry id="399" name="cpd:C20418" type="compound"
        link="http://www.kegg.jp/dbget-bin/www_bget?C20418">
        <graphics name="C20418" fgcolor="#000000" bgcolor="#FFFFFF"
             type="circle" x="1210" y="578" width="8" height="8"/>
    </entry>
    <entry id="401" name="cpd:C20419" type="compound"
        link="http://www.kegg.jp/dbget-bin/www_bget?C20419">
        <graphics name="C20419" fgcolor="#000000" bgcolor="#FFFFFF"
             type="circle" x="1353" y="578" width="8" height="8"/>
    </entry>
    <entry id="402" name="ko:K15912" type="ortholog" reaction="rn:R10266"
        link="http://www.kegg.jp/dbget-bin/www_bget?K15912">
        <graphics name="K15912" fgcolor="#000000" bgcolor="#FFFFFF"
             type="rectangle" x="764" y="579" width="46" height="17"/>
    </entry>
    <entry id="403" name="ko:K15910" type="ortholog" reaction="rn:R04529"
        link="http://www.kegg.jp/dbget-bin/www_bget?K15910">
        <graphics name="K15910" fgcolor="#000000" bgcolor="#FFFFFF"
             type="rectangle" x="863" y="579" width="46" height="17"/>
    </entry>
    <entry id="404" name="ko:K15913" type="ortholog" reaction="rn:R10099"
        link="http://www.kegg.jp/dbget-bin/www_bget?K15913">
        <graphics name="K15913" fgcolor="#000000" bgcolor="#FFFFFF"
             type="rectangle" x="964" y="579" width="46" height="17"/>
    </entry>
    <entry id="405" name="ko:K18429" type="ortholog" reaction="rn:R10187"
        link="http://www.kegg.jp/dbget-bin/www_bget?K18429">
        <graphics name="K18429" fgcolor="#000000" bgcolor="#FFFFFF"
             type="rectangle" x="1061" y="579" width="46" height="17"/>
    </entry>
    <entry id="406" name="ko:K18430" type="ortholog" reaction="rn:R10304"
        link="http://www.kegg.jp/dbget-bin/www_bget?K18430">
        <graphics name="K18430" fgcolor="#000000" bgcolor="#FFFFFF"
             type="rectangle" x="1162" y="579" width="46" height="17"/>
    </entry>
    <entry id="407" name="ko:K18431" type="ortholog" reaction="rn:R10182"
        link="http://www.kegg.jp/dbget-bin/www_bget?K18431">
        <graphics name="K18431" fgcolor="#000000" bgcolor="#FFFFFF"
             type="rectangle" x="1283" y="579" width="46" height="17"/>
    </entry>
    <entry id="408" name="path:map00550" type="map"
        link="http://www.kegg.jp/dbget-bin/www_bget?map00550">
        <graphics name="Peptidoglycan biosynthesis" fgcolor="#000000" bgcolor="#FFFFFF"
             type="roundrectangle" x="1117" y="460" width="152" height="25"/>
    </entry>
    <entry id="409" name="path:hsa00471" type="map"
        link="http://www.kegg.jp/dbget-bin/www_bget?hsa00471">
        <graphics name="D-Glutamine and D-glutamate metabolism" fgcolor="#000000" bgcolor="#FFFFFF"
             type="roundrectangle" x="1117" y="489" width="152" height="25"/>
    </entry>
    <relation entry1="69" entry2="67" type="ECrel">
        <subtype name="compound" value="130"/>
    </relation>
    <relation entry1="81" entry2="67" type="ECrel">
        <subtype name="compound" value="93"/>
    </relation>
    <relation entry1="81" entry2="2" type="ECrel">
        <subtype name="compound" value="93"/>
    </relation>
    <relation entry1="81" entry2="63" type="ECrel">
        <subtype name="compound" value="93"/>
    </relation>
    <relation entry1="67" entry2="2" type="ECrel">
        <subtype name="compound" value="93"/>
    </relation>
    <relation entry1="67" entry2="63" type="ECrel">
        <subtype name="compound" value="93"/>
    </relation>
    <relation entry1="2" entry2="63" type="ECrel">
        <subtype name="compound" value="93"/>
    </relation>
    <relation entry1="2" entry2="19" type="ECrel">
        <subtype name="compound" value="92"/>
    </relation>
    <relation entry1="2" entry2="34" type="ECrel">
        <subtype name="compound" value="92"/>
    </relation>
    <relation entry1="2" entry2="4" type="ECrel">
        <subtype name="compound" value="92"/>
    </relation>
    <relation entry1="19" entry2="4" type="ECrel">
        <subtype name="compound" value="92"/>
    </relation>
    <relation entry1="34" entry2="4" type="ECrel">
        <subtype name="compound" value="92"/>
    </relation>
    <relation entry1="4" entry2="6" type="ECrel">
        <subtype name="compound" value="94"/>
    </relation>
    <relation entry1="6" entry2="8" type="ECrel">
        <subtype name="compound" value="95"/>
    </relation>
    <relation entry1="63" entry2="8" type="ECrel">
        <subtype name="compound" value="96"/>
    </relation>
    <relation entry1="63" entry2="74" type="ECrel">
        <subtype name="compound" value="96"/>
    </relation>
    <relation entry1="63" entry2="10" type="ECrel">
        <subtype name="compound" value="96"/>
    </relation>
    <relation entry1="63" entry2="49" type="ECrel">
        <subtype name="compound" value="96"/>
    </relation>
    <relation entry1="8" entry2="74" type="ECrel">
        <subtype name="compound" value="96"/>
    </relation>
    <relation entry1="8" entry2="10" type="ECrel">
        <subtype name="compound" value="96"/>
    </relation>
    <relation entry1="8" entry2="49" type="ECrel">
        <subtype name="compound" value="96"/>
    </relation>
    <relation entry1="74" entry2="10" type="ECrel">
        <subtype name="compound" value="96"/>
    </relation>
    <relation entry1="74" entry2="49" type="ECrel">
        <subtype name="compound" value="96"/>
    </relation>
    <relation entry1="10" entry2="49" type="ECrel">
        <subtype name="compound" value="96"/>
    </relation>
    <relation entry1="12" entry2="10" type="ECrel">
        <subtype name="compound" value="97"/>
    </relation>
    <relation entry1="12" entry2="14" type="ECrel">
        <subtype name="compound" value="98"/>
    </relation>
    <relation entry1="49" entry2="14" type="ECrel">
        <subtype name="compound" value="120"/>
    </relation>
    <relation entry1="49" entry2="112" type="ECrel">
        <subtype name="compound" value="120"/>
    </relation>
    <relation entry1="14" entry2="112" type="ECrel">
        <subtype name="compound" value="120"/>
    </relation>
    <relation entry1="34" entry2="86" type="ECrel">
        <subtype name="compound" value="100"/>
    </relation>
    <relation entry1="34" entry2="17" type="ECrel">
        <subtype name="compound" value="100"/>
    </relation>
    <relation entry1="34" entry2="25" type="ECrel">
        <subtype name="compound" value="100"/>
    </relation>
    <relation entry1="19" entry2="86" type="ECrel">
        <subtype name="compound" value="100"/>
    </relation>
    <relation entry1="19" entry2="17" type="ECrel">
        <subtype name="compound" value="100"/>
    </relation>
    <relation entry1="19" entry2="25" type="ECrel">
        <subtype name="compound" value="100"/>
    </relation>
    <relation entry1="86" entry2="17" type="ECrel">
        <subtype name="compound" value="100"/>
    </relation>
    <relation entry1="86" entry2="25" type="ECrel">
        <subtype name="compound" value="100"/>
    </relation>
    <relation entry1="61" entry2="78" type="maplink">
        <subtype name="compound" value="135"/>
    </relation>
    <relation entry1="25" entry2="78" type="ECrel">
        <subtype name="compound" value="99"/>
    </relation>
    <relation entry1="25" entry2="75" type="maplink">
        <subtype name="compound" value="99"/>
    </relation>
    <relation entry1="25" entry2="265" type="ECrel">
        <subtype name="compound" value="99"/>
    </relation>
    <relation entry1="25" entry2="195" type="ECrel">
        <subtype name="compound" value="99"/>
    </relation>
    <relation entry1="17" entry2="78" type="ECrel">
        <subtype name="compound" value="99"/>
    </relation>
    <relation entry1="17" entry2="75" type="maplink">
        <subtype name="compound" value="99"/>
    </relation>
    <relation entry1="17" entry2="265" type="ECrel">
        <subtype name="compound" value="99"/>
    </relation>
    <relation entry1="17" entry2="195" type="ECrel">
        <subtype name="compound" value="99"/>
    </relation>
    <relation entry1="78" entry2="75" type="maplink">
        <subtype name="compound" value="99"/>
    </relation>
    <relation entry1="78" entry2="265" type="ECrel">
        <subtype name="compound" value="99"/>
    </relation>
    <relation entry1="78" entry2="195" type="ECrel">
        <subtype name="compound" value="99"/>
    </relation>
    <relation entry1="75" entry2="265" type="maplink">
        <subtype name="compound" value="99"/>
    </relation>
    <relation entry1="75" entry2="195" type="maplink">
        <subtype name="compound" value="99"/>
    </relation>
    <relation entry1="265" entry2="195" type="ECrel">
        <subtype name="compound" value="99"/>
    </relation>
    <relation entry1="409" entry2="408" type="maplink">
        <subtype name="compound" value="105"/>
    </relation>
    <relation entry1="192" entry2="190" type="ECrel">
        <subtype name="compound" value="328"/>
    </relation>
    <relation entry1="232" entry2="200" type="maplink">
        <subtype name="compound" value="335"/>
    </relation>
    <relation entry1="232" entry2="298" type="maplink">
        <subtype name="compound" value="335"/>
    </relation>
    <relation entry1="265" entry2="200" type="ECrel">
        <subtype name="compound" value="334"/>
    </relation>
    <relation entry1="265" entry2="298" type="ECrel">
        <subtype name="compound" value="334"/>
    </relation>
    <relation entry1="265" entry2="198" type="ECrel">
        <subtype name="compound" value="334"/>
    </relation>
    <relation entry1="200" entry2="198" type="ECrel">
        <subtype name="compound" value="334"/>
    </relation>
    <relation entry1="298" entry2="198" type="ECrel">
        <subtype name="compound" value="334"/>
    </relation>
    <relation entry1="198" entry2="210" type="maplink">
        <subtype name="compound" value="355"/>
    </relation>
    <relation entry1="198" entry2="186" type="ECrel">
        <subtype name="compound" value="355"/>
    </relation>
    <relation entry1="198" entry2="281" type="ECrel">
        <subtype name="compound" value="355"/>
    </relation>
    <relation entry1="210" entry2="186" type="maplink">
        <subtype name="compound" value="355"/>
    </relation>
    <relation entry1="210" entry2="281" type="maplink">
        <subtype name="compound" value="355"/>
    </relation>
    <relation entry1="186" entry2="281" type="ECrel">
        <subtype name="compound" value="355"/>
    </relation>
    <relation entry1="190" entry2="281" type="ECrel">
        <subtype name="compound" value="325"/>
    </relation>
    <relation entry1="190" entry2="186" type="ECrel">
        <subtype name="compound" value="325"/>
    </relation>
    <relation entry1="190" entry2="188" type="ECrel">
        <subtype name="compound" value="325"/>
    </relation>
    <relation entry1="281" entry2="186" type="ECrel">
        <subtype name="compound" value="325"/>
    </relation>
    <relation entry1="281" entry2="188" type="ECrel">
        <subtype name="compound" value="325"/>
    </relation>
    <relation entry1="186" entry2="188" type="ECrel">
        <subtype name="compound" value="325"/>
    </relation>
    <relation entry1="226" entry2="202" type="maplink">
        <subtype name="compound" value="354"/>
    </relation>
    <relation entry1="186" entry2="202" type="ECrel">
        <subtype name="compound" value="352"/>
    </relation>
    <relation entry1="188" entry2="186" type="ECrel">
        <subtype name="compound" value="353"/>
    </relation>
    <relation entry1="292" entry2="266" type="maplink">
        <subtype name="compound" value="356"/>
    </relation>
    <relation entry1="195" entry2="266" type="ECrel">
        <subtype name="compound" value="371"/>
    </relation>
    <relation entry1="195" entry2="196" type="ECrel">
        <subtype name="compound" value="371"/>
    </relation>
    <relation entry1="266" entry2="196" type="ECrel">
        <subtype name="compound" value="371"/>
    </relation>
    <relation entry1="196" entry2="205" type="ECrel">
        <subtype name="compound" value="357"/>
    </relation>
    <relation entry1="205" entry2="248" type="ECrel">
        <subtype name="compound" value="358"/>
    </relation>
    <relation entry1="248" entry2="250" type="ECrel">
        <subtype name="compound" value="365"/>
    </relation>
    <relation entry1="292" entry2="209" type="maplink">
        <subtype name="compound" value="362"/>
    </relation>
    <relation entry1="209" entry2="207" type="ECrel">
        <subtype name="compound" value="361"/>
    </relation>
    <relation entry1="207" entry2="250" type="ECrel">
        <subtype name="compound" value="360"/>
    </relation>
    <relation entry1="288" entry2="238" type="maplink">
        <subtype name="compound" value="348"/>
    </relation>
    <relation entry1="288" entry2="297" type="maplink">
        <subtype name="compound" value="348"/>
    </relation>
    <relation entry1="238" entry2="236" type="ECrel">
        <subtype name="compound" value="347"/>
    </relation>
    <relation entry1="297" entry2="236" type="ECrel">
        <subtype name="compound" value="347"/>
    </relation>
    <relation entry1="188" entry2="319" type="maplink">
        <subtype name="compound" value="325"/>
    </relation>
    <relation entry1="186" entry2="319" type="maplink">
        <subtype name="compound" value="325"/>
    </relation>
    <relation entry1="281" entry2="319" type="maplink">
        <subtype name="compound" value="325"/>
    </relation>
    <relation entry1="190" entry2="319" type="maplink">
        <subtype name="compound" value="325"/>
    </relation>
    <relation entry1="6" entry2="56" type="maplink">
        <subtype name="compound" value="95"/>
    </relation>
    <relation entry1="6" entry2="91" type="maplink">
        <subtype name="compound" value="95"/>
    </relation>
    <relation entry1="8" entry2="56" type="maplink">
        <subtype name="compound" value="95"/>
    </relation>
    <relation entry1="8" entry2="91" type="maplink">
        <subtype name="compound" value="95"/>
    </relation>
    <relation entry1="56" entry2="91" type="maplink">
        <subtype name="compound" value="95"/>
    </relation>
    <reaction id="2" name="rn:R01201" type="irreversible">
        <substrate id="93" name="cpd:C00140"/>
        <product id="92" name="cpd:C00357"/>
    </reaction>
    <reaction id="4" name="rn:R08193" type="reversible">
        <substrate id="92" name="cpd:C00357"/>
        <product id="94" name="cpd:C04501"/>
    </reaction>
    <reaction id="6" name="rn:R00416" type="irreversible">
        <substrate id="94" name="cpd:C04501"/>
        <product id="95" name="cpd:C00043"/>
    </reaction>
    <reaction id="8" name="rn:R00414" type="irreversible">
        <substrate id="95" name="cpd:C00043"/>
        <product id="96" name="cpd:C00645"/>
    </reaction>
    <reaction id="10" name="rn:R02705" type="irreversible">
        <substrate id="96" name="cpd:C00645"/>
        <product id="97" name="cpd:C04257"/>
    </reaction>
    <reaction id="12" name="rn:R04435" type="reversible">
        <substrate id="98" name="cpd:C06241"/>
        <product id="97" name="cpd:C04257"/>
    </reaction>
    <reaction id="14" name="rn:R01805" type="irreversible">
        <substrate id="98" name="cpd:C06241"/>
        <product id="120" name="cpd:C00270"/>
    </reaction>
    <reaction id="112" name="rn:R01117" type="reversible">
        <substrate id="120" name="cpd:C00270"/>
        <product id="121" name="cpd:C00128"/>
    </reaction>
    <reaction id="186" name="rn:R00955" type="reversible">
        <substrate id="352" name="cpd:C00446"/>
        <substrate id="325" name="cpd:C00029"/>
        <product id="355" name="cpd:C00103"/>
        <product id="353" name="cpd:C00052"/>
    </reaction>
    <reaction id="188" name="rn:R00291" type="reversible">
        <substrate id="325" name="cpd:C00029"/>
        <product id="353" name="cpd:C00052"/>
    </reaction>
    <reaction id="281" name="rn:R00289" type="reversible">
        <substrate id="355" name="cpd:C00103"/>
        <product id="325" name="cpd:C00029"/>
    </reaction>
    <reaction id="190" name="rn:R00286" type="irreversible">
        <substrate id="325" name="cpd:C00029"/>
        <product id="328" name="cpd:C00167"/>
    </reaction>
    <reaction id="192" name="rn:R01384" type="irreversible">
        <substrate id="328" name="cpd:C00167"/>
        <product id="332" name="cpd:C00190"/>
    </reaction>
    <reaction id="17" name="rn:R00765" type="irreversible">
        <substrate id="100" name="cpd:C00352"/>
        <product id="99" name="cpd:C00085"/>
    </reaction>
    <reaction id="19" name="rn:R02059" type="reversible">
        <substrate id="92" name="cpd:C00357"/>
        <product id="100" name="cpd:C00352"/>
    </reaction>
    <reaction id="195" name="rn:R01819" type="reversible">
        <substrate id="371" name="cpd:C00275"/>
        <product id="99" name="cpd:C05345"/>
    </reaction>
    <reaction id="196" name="rn:R01818" type="reversible">
        <substrate id="371" name="cpd:C00275"/>
        <product id="357" name="cpd:C00636"/>
    </reaction>
    <reaction id="248" name="rn:R00888" type="reversible">
        <substrate id="358" name="cpd:C00096"/>
        <product id="365" name="cpd:C01222"/>
    </reaction>
    <reaction id="198" name="rn:R00959" type="reversible">
        <substrate id="355" name="cpd:C00103"/>
        <product id="334" name="cpd:C00668"/>
    </reaction>
    <reaction id="25" name="rn:R00768" type="irreversible">
        <substrate id="99" name="cpd:C00085"/>
        <product id="100" name="cpd:C00352"/>
    </reaction>
    <reaction id="200" name="rn:R01786" type="irreversible">
        <substrate id="335" name="cpd:C00267"/>
        <product id="334" name="cpd:C00668"/>
    </reaction>
    <reaction id="202" name="rn:R01092" type="irreversible">
        <substrate id="354" name="cpd:C00984"/>
        <product id="352" name="cpd:C00446"/>
    </reaction>
    <reaction id="205" name="rn:R00885" type="reversible">
        <substrate id="357" name="cpd:C00636"/>
        <product id="358" name="cpd:C00096"/>
    </reaction>
    <reaction id="250" name="rn:R05692" type="reversible">
        <substrate id="360" name="cpd:C00325"/>
        <product id="365" name="cpd:C01222"/>
    </reaction>
    <reaction id="207" name="rn:R01951" type="reversible">
        <substrate id="361" name="cpd:C02985"/>
        <product id="360" name="cpd:C00325"/>
    </reaction>
    <reaction id="209" name="rn:R03161" type="irreversible">
        <substrate id="362" name="cpd:C01019"/>
        <product id="361" name="cpd:C02985"/>
    </reaction>
    <reaction id="34" name="rn:R02058" type="irreversible">
        <substrate id="100" name="cpd:C00352"/>
        <product id="92" name="cpd:C00357"/>
    </reaction>
    <reaction id="74" name="rn:R01811" type="irreversible">
        <substrate id="120" name="cpd:C00270"/>
        <product id="96" name="cpd:C00645"/>
    </reaction>
    <reaction id="49" name="rn:R01804" type="irreversible">
        <substrate id="96" name="cpd:C00645"/>
        <product id="120" name="cpd:C00270"/>
    </reaction>
    <reaction id="63" name="rn:R01207" type="reversible">
        <substrate id="93" name="cpd:C00140"/>
        <product id="96" name="cpd:C00645"/>
    </reaction>
    <reaction id="119" name="rn:R04215" type="reversible">
        <substrate id="122" name="cpd:C03410"/>
        <product id="123" name="cpd:C03691"/>
    </reaction>
    <reaction id="117" name="rn:R00100" type="irreversible">
        <substrate id="125" name="cpd:C00996"/>
        <product id="124" name="cpd:C00999"/>
    </reaction>
    <reaction id="236" name="rn:R00959" type="reversible">
        <substrate id="359" name="cpd:C00103"/>
        <product id="347" name="cpd:C00668"/>
    </reaction>
    <reaction id="238" name="rn:R01786" type="irreversible">
        <substrate id="348" name="cpd:C00267"/>
        <product id="347" name="cpd:C00668"/>
    </reaction>
    <reaction id="67" name="rn:R00022" type="irreversible">
        <substrate id="130" name="cpd:C01674"/>
        <product id="93" name="cpd:C00140"/>
    </reaction>
    <reaction id="81" name="rn:R01206" type="irreversible">
        <substrate id="128" name="cpd:C00461"/>
        <product id="93" name="cpd:C00140"/>
    </reaction>
    <reaction id="69" name="rn:R02334" type="irreversible">
        <substrate id="128" name="cpd:C00461"/>
        <product id="130" name="cpd:C00461"/>
    </reaction>
    <reaction id="265" name="rn:R02740" type="reversible">
        <substrate id="334" name="cpd:C00668"/>
        <product id="99" name="cpd:C05345"/>
    </reaction>
    <reaction id="266" name="rn:R01326" type="irreversible">
        <substrate id="356" name="cpd:C00159"/>
        <product id="371" name="cpd:C00275"/>
    </reaction>
    <reaction id="78" name="rn:R03920" type="irreversible">
        <substrate id="135" name="cpd:C02336"/>
        <product id="99" name="cpd:C05345"/>
    </reaction>
    <reaction id="86" name="rn:R01961" type="irreversible">
        <substrate id="131" name="cpd:C00329"/>
        <product id="100" name="cpd:C00352"/>
    </reaction>
    <reaction id="297" name="rn:R01786" type="irreversible">
        <substrate id="348" name="cpd:C00267"/>
        <product id="347" name="cpd:C00668"/>
    </reaction>
    <reaction id="298" name="rn:R01786" type="irreversible">
        <substrate id="335" name="cpd:C00267"/>
        <product id="334" name="cpd:C00668"/>
    </reaction>
</pathway>
