<?xml version="1.0"?>
<!DOCTYPE pathway SYSTEM "http://www.kegg.jp/kegg/xml/KGML_v0.7.1_.dtd">
<!-- Creation date: Jun 29, 2012 14:34:58 +0900 (GMT+09:00) -->
<pathway name="path:hsa00601" org="hsa" number="00601"
         title="Glycosphingolipid biosynthesis - lacto and neolacto series"
         image="http://www.kegg.jp/kegg/pathway/hsa/hsa00601.png"
         link="http://www.kegg.jp/kegg-bin/show_pathway?hsa00601">
    <entry id="37" name="hsa:10331" type="gene" reaction="rn:R05974"
        link="http://www.kegg.jp/dbget-bin/www_bget?hsa:10331">
        <graphics name="B3GNT3, B3GAL-T8, B3GN-T3, B3GNT-3, HP10328, TMEM3, beta3Gn-T3" fgcolor="#000000" bgcolor="#BFFFBF"
             type="rectangle" x="500" y="618" width="46" height="17"/>
    </entry>
    <entry id="38" name="hsa:10690" type="gene" reaction="rn:R06230"
        link="http://www.kegg.jp/dbget-bin/www_bget?hsa:10690">
        <graphics name="FUT9, Fuc-TIX" fgcolor="#000000" bgcolor="#BFFFBF"
             type="rectangle" x="783" y="543" width="46" height="17"/>
    </entry>
    <entry id="39" name="hsa:10690" type="gene" reaction="rn:R06224"
        link="http://www.kegg.jp/dbget-bin/www_bget?hsa:10690">
        <graphics name="FUT9, Fuc-TIX" fgcolor="#000000" bgcolor="#BFFFBF"
             type="rectangle" x="393" y="914" width="46" height="17"/>
    </entry>
    <entry id="40" name="hsa:10690" type="gene" reaction="rn:R06222"
        link="http://www.kegg.jp/dbget-bin/www_bget?hsa:10690">
        <graphics name="FUT9, Fuc-TIX" fgcolor="#000000" bgcolor="#BFFFBF"
             type="rectangle" x="393" y="843" width="46" height="17"/>
    </entry>
    <entry id="41" name="hsa:10690" type="gene" reaction="rn:R06227"
        link="http://www.kegg.jp/dbget-bin/www_bget?hsa:10690">
        <graphics name="FUT9, Fuc-TIX" fgcolor="#000000" bgcolor="#BFFFBF"
             type="rectangle" x="853" y="843" width="46" height="17"/>
    </entry>
    <entry id="42" name="hsa:2526" type="gene" reaction="rn:R06221"
        link="http://www.kegg.jp/dbget-bin/www_bget?hsa:2526">
        <graphics name="FUT4, CD15, ELFT, FCT3A, FUC-TIV, FUTIV, LeX, SSEA-1" fgcolor="#000000" bgcolor="#BFFFBF"
             type="rectangle" x="563" y="862" width="46" height="17"/>
    </entry>
    <entry id="43" name="hsa:2525 hsa:2527 hsa:2528" type="gene" reaction="rn:R06221"
        link="http://www.kegg.jp/dbget-bin/www_bget?hsa:2525+hsa:2527+hsa:2528">
        <graphics name="FUT3, CD174, FT3B, FucT-III, LE, Les..." fgcolor="#000000" bgcolor="#BFFFBF"
             type="rectangle" x="537" y="843" width="46" height="17"/>
    </entry>
    <entry id="44" name="hsa:2525 hsa:2527 hsa:2528" type="gene" reaction="rn:R06222"
        link="http://www.kegg.jp/dbget-bin/www_bget?hsa:2525+hsa:2527+hsa:2528">
        <graphics name="FUT3, CD174, FT3B, FucT-III, LE, Les..." fgcolor="#000000" bgcolor="#BFFFBF"
             type="rectangle" x="343" y="843" width="46" height="17"/>
    </entry>
    <entry id="45" name="hsa:2525 hsa:2527 hsa:2528" type="gene" reaction="rn:R06224"
        link="http://www.kegg.jp/dbget-bin/www_bget?hsa:2525+hsa:2527+hsa:2528">
        <graphics name="FUT3, CD174, FT3B, FucT-III, LE, Les..." fgcolor="#000000" bgcolor="#BFFFBF"
             type="rectangle" x="343" y="914" width="46" height="17"/>
    </entry>
    <entry id="46" name="hsa:2525 hsa:2527 hsa:2528" type="gene" reaction="rn:R06230"
        link="http://www.kegg.jp/dbget-bin/www_bget?hsa:2525+hsa:2527+hsa:2528">
        <graphics name="FUT3, CD174, FT3B, FucT-III, LE, Les..." fgcolor="#000000" bgcolor="#BFFFBF"
             type="rectangle" x="735" y="543" width="46" height="17"/>
    </entry>
    <entry id="47" name="hsa:2525 hsa:2527 hsa:2528" type="gene" reaction="rn:R06227"
        link="http://www.kegg.jp/dbget-bin/www_bget?hsa:2525+hsa:2527+hsa:2528">
        <graphics name="FUT3, CD174, FT3B, FucT-III, LE, Les..." fgcolor="#000000" bgcolor="#BFFFBF"
             type="rectangle" x="803" y="843" width="46" height="17"/>
    </entry>
    <entry id="48" name="hsa:8702" type="gene" reaction="rn:R06033"
        link="http://www.kegg.jp/dbget-bin/www_bget?hsa:8702">
        <graphics name="B4GALT4, B4Gal-T4, beta4Gal-T4" fgcolor="#000000" bgcolor="#BFFFBF"
             type="rectangle" x="850" y="411" width="46" height="17"/>
    </entry>
    <entry id="49" name="hsa:8703" type="gene" reaction="rn:R06033"
        link="http://www.kegg.jp/dbget-bin/www_bget?hsa:8703">
        <graphics name="B4GALT3, beta4Gal-T3" fgcolor="#000000" bgcolor="#BFFFBF"
             type="rectangle" x="800" y="411" width="46" height="17"/>
    </entry>
    <entry id="50" name="hsa:8702" type="gene" reaction="rn:R05977"
        link="http://www.kegg.jp/dbget-bin/www_bget?hsa:8702">
        <graphics name="B4GALT4, B4Gal-T4, beta4Gal-T4" fgcolor="#000000" bgcolor="#BFFFBF"
             type="rectangle" x="523" y="203" width="46" height="17"/>
    </entry>
    <entry id="51" name="hsa:8703" type="gene" reaction="rn:R05977"
        link="http://www.kegg.jp/dbget-bin/www_bget?hsa:8703">
        <graphics name="B4GALT3, beta4Gal-T3" fgcolor="#000000" bgcolor="#BFFFBF"
             type="rectangle" x="475" y="203" width="46" height="17"/>
    </entry>
    <entry id="52" name="hsa:8704" type="gene" reaction="rn:R05977"
        link="http://www.kegg.jp/dbget-bin/www_bget?hsa:8704">
        <graphics name="B4GALT2, B4Gal-T2, B4Gal-T3, beta4Gal-T2" fgcolor="#000000" bgcolor="#BFFFBF"
             type="rectangle" x="523" y="182" width="46" height="17"/>
    </entry>
    <entry id="53" name="hsa:10331 hsa:79369" type="gene" reaction="rn:R05975"
        link="http://www.kegg.jp/dbget-bin/www_bget?hsa:10331+hsa:79369">
        <graphics name="B3GNT3, B3GAL-T8, B3GN-T3, B3GNT-3, HP10328, TMEM3, beta3Gn-T3..." fgcolor="#000000" bgcolor="#BFFFBF"
             type="rectangle" x="762" y="343" width="46" height="17"/>
    </entry>
    <entry id="54" name="hsa:2526" type="gene" reaction="rn:R06039"
        link="http://www.kegg.jp/dbget-bin/www_bget?hsa:2526">
        <graphics name="FUT4, CD15, ELFT, FCT3A, FUC-TIV, FUTIV, LeX, SSEA-1" fgcolor="#000000" bgcolor="#BFFFBF"
             type="rectangle" x="369" y="791" width="46" height="17"/>
    </entry>
    <entry id="55" name="hsa:2526" type="gene" reaction="rn:R06038"
        link="http://www.kegg.jp/dbget-bin/www_bget?hsa:2526">
        <graphics name="FUT4, CD15, ELFT, FCT3A, FUC-TIV, FUTIV, LeX, SSEA-1" fgcolor="#000000" bgcolor="#BFFFBF"
             type="rectangle" x="563" y="791" width="46" height="17"/>
    </entry>
    <entry id="56" name="hsa:2526" type="gene" reaction="rn:R06076"
        link="http://www.kegg.jp/dbget-bin/www_bget?hsa:2526">
        <graphics name="FUT4, CD15, ELFT, FCT3A, FUC-TIV, FUTIV, LeX, SSEA-1" fgcolor="#000000" bgcolor="#BFFFBF"
             type="rectangle" x="829" y="791" width="46" height="17"/>
    </entry>
    <entry id="57" name="hsa:2526" type="gene" reaction="rn:R06095"
        link="http://www.kegg.jp/dbget-bin/www_bget?hsa:2526">
        <graphics name="FUT4, CD15, ELFT, FCT3A, FUC-TIV, FUTIV, LeX, SSEA-1" fgcolor="#000000" bgcolor="#BFFFBF"
             type="rectangle" x="563" y="454" width="46" height="17"/>
    </entry>
    <entry id="58" name="hsa:2526 hsa:2529" type="gene" reaction="rn:R06075"
        link="http://www.kegg.jp/dbget-bin/www_bget?hsa:2526+hsa:2529">
        <graphics name="FUT4, CD15, ELFT, FCT3A, FUC-TIV, FUTIV, LeX, SSEA-1..." fgcolor="#000000" bgcolor="#BFFFBF"
             type="rectangle" x="762" y="268" width="46" height="17"/>
    </entry>
    <entry id="59" name="hsa:2526" type="gene" reaction="rn:R06025"
        link="http://www.kegg.jp/dbget-bin/www_bget?hsa:2526">
        <graphics name="FUT4, CD15, ELFT, FCT3A, FUC-TIV, FUTIV, LeX, SSEA-1" fgcolor="#000000" bgcolor="#BFFFBF"
             type="rectangle" x="500" y="346" width="46" height="17"/>
    </entry>
    <entry id="60" name="hsa:2525 hsa:2527 hsa:2528" type="gene" reaction="rn:R06038"
        link="http://www.kegg.jp/dbget-bin/www_bget?hsa:2525+hsa:2527+hsa:2528">
        <graphics name="FUT3, CD174, FT3B, FucT-III, LE, Les..." fgcolor="#000000" bgcolor="#BFFFBF"
             type="rectangle" x="537" y="772" width="46" height="17"/>
    </entry>
    <entry id="61" name="hsa:2525 hsa:2527 hsa:2528" type="gene" reaction="rn:R06039"
        link="http://www.kegg.jp/dbget-bin/www_bget?hsa:2525+hsa:2527+hsa:2528">
        <graphics name="FUT3, CD174, FT3B, FucT-III, LE, Les..." fgcolor="#000000" bgcolor="#BFFFBF"
             type="rectangle" x="343" y="772" width="46" height="17"/>
    </entry>
    <entry id="62" name="hsa:2525 hsa:2527 hsa:2528" type="gene" reaction="rn:R06076"
        link="http://www.kegg.jp/dbget-bin/www_bget?hsa:2525+hsa:2527+hsa:2528">
        <graphics name="FUT3, CD174, FT3B, FucT-III, LE, Les..." fgcolor="#000000" bgcolor="#BFFFBF"
             type="rectangle" x="803" y="772" width="46" height="17"/>
    </entry>
    <entry id="63" name="hsa:2525 hsa:2527 hsa:2528" type="gene" reaction="rn:R06095"
        link="http://www.kegg.jp/dbget-bin/www_bget?hsa:2525+hsa:2527+hsa:2528">
        <graphics name="FUT3, CD174, FT3B, FucT-III, LE, Les..." fgcolor="#000000" bgcolor="#BFFFBF"
             type="rectangle" x="537" y="435" width="46" height="17"/>
    </entry>
    <entry id="64" name="hsa:2525 hsa:2527 hsa:2528" type="gene" reaction="rn:R06025"
        link="http://www.kegg.jp/dbget-bin/www_bget?hsa:2525+hsa:2527+hsa:2528">
        <graphics name="FUT3, CD174, FT3B, FucT-III, LE, Les..." fgcolor="#000000" bgcolor="#BFFFBF"
             type="rectangle" x="475" y="325" width="46" height="17"/>
    </entry>
    <entry id="65" name="gl:G00078" type="compound"
        link="http://www.kegg.jp/dbget-bin/www_bget?G00078">
        <graphics name="G00078" fgcolor="#000000" bgcolor="#FFFFFF"
             type="circle" x="982" y="679" width="8" height="8"/>
    </entry>
    <entry id="66" name="gl:G00057" type="compound"
        link="http://www.kegg.jp/dbget-bin/www_bget?G00057">
        <graphics name="G00057" fgcolor="#000000" bgcolor="#FFFFFF"
             type="circle" x="431" y="482" width="8" height="8"/>
    </entry>
    <entry id="67" name="gl:G00090" type="compound"
        link="http://www.kegg.jp/dbget-bin/www_bget?G00090">
        <graphics name="G00090" fgcolor="#000000" bgcolor="#FFFFFF"
             type="circle" x="562" y="891" width="8" height="8"/>
    </entry>
    <entry id="68" name="gl:G00091" type="compound"
        link="http://www.kegg.jp/dbget-bin/www_bget?G00091">
        <graphics name="G00091" fgcolor="#000000" bgcolor="#FFFFFF"
             type="circle" x="485" y="820" width="8" height="8"/>
    </entry>
    <entry id="69" name="gl:G00089" type="compound"
        link="http://www.kegg.jp/dbget-bin/www_bget?G00089">
        <graphics name="G00089" fgcolor="#000000" bgcolor="#FFFFFF"
             type="circle" x="562" y="820" width="8" height="8"/>
    </entry>
    <entry id="70" name="gl:G00088" type="compound"
        link="http://www.kegg.jp/dbget-bin/www_bget?G00088">
        <graphics name="G00088" fgcolor="#000000" bgcolor="#FFFFFF"
             type="circle" x="939" y="482" width="8" height="8"/>
    </entry>
    <entry id="71" name="gl:G00087" type="compound"
        link="http://www.kegg.jp/dbget-bin/www_bget?G00087">
        <graphics name="G00087" fgcolor="#000000" bgcolor="#FFFFFF"
             type="circle" x="939" y="553" width="8" height="8"/>
    </entry>
    <entry id="72" name="gl:G00086" type="compound"
        link="http://www.kegg.jp/dbget-bin/www_bget?G00086">
        <graphics name="G00086" fgcolor="#000000" bgcolor="#FFFFFF"
             type="circle" x="368" y="962" width="8" height="8"/>
    </entry>
    <entry id="73" name="gl:G00067" type="compound"
        link="http://www.kegg.jp/dbget-bin/www_bget?G00067">
        <graphics name="G00067" fgcolor="#000000" bgcolor="#FFFFFF"
             type="circle" x="828" y="607" width="8" height="8"/>
    </entry>
    <entry id="74" name="gl:G00085" type="compound"
        link="http://www.kegg.jp/dbget-bin/www_bget?G00085">
        <graphics name="G00085" fgcolor="#000000" bgcolor="#FFFFFF"
             type="circle" x="368" y="891" width="8" height="8"/>
    </entry>
    <entry id="75" name="gl:G00084" type="compound"
        link="http://www.kegg.jp/dbget-bin/www_bget?G00084">
        <graphics name="G00084" fgcolor="#000000" bgcolor="#FFFFFF"
             type="circle" x="368" y="820" width="8" height="8"/>
    </entry>
    <entry id="76" name="gl:G00069" type="compound"
        link="http://www.kegg.jp/dbget-bin/www_bget?G00069">
        <graphics name="G00069" fgcolor="#000000" bgcolor="#FFFFFF"
             type="circle" x="368" y="749" width="8" height="8"/>
    </entry>
    <entry id="77" name="gl:G00064" type="compound"
        link="http://www.kegg.jp/dbget-bin/www_bget?G00064">
        <graphics name="G00064" fgcolor="#000000" bgcolor="#FFFFFF"
             type="circle" x="694" y="181" width="8" height="8"/>
    </entry>
    <entry id="78" name="gl:G00062" type="compound"
        link="http://www.kegg.jp/dbget-bin/www_bget?G00062">
        <graphics name="G00062" fgcolor="#000000" bgcolor="#FFFFFF"
             type="circle" x="694" y="257" width="8" height="8"/>
    </entry>
    <entry id="79" name="gl:G00063" type="compound"
        link="http://www.kegg.jp/dbget-bin/www_bget?G00063">
        <graphics name="G00063" fgcolor="#000000" bgcolor="#FFFFFF"
             type="circle" x="825" y="257" width="8" height="8"/>
    </entry>
    <entry id="80" name="gl:G00066" type="compound"
        link="http://www.kegg.jp/dbget-bin/www_bget?G00066">
        <graphics name="G00066" fgcolor="#000000" bgcolor="#FFFFFF"
             type="circle" x="825" y="333" width="8" height="8"/>
    </entry>
    <entry id="81" name="gl:G00061" type="compound"
        link="http://www.kegg.jp/dbget-bin/www_bget?G00061">
        <graphics name="G00061" fgcolor="#000000" bgcolor="#FFFFFF"
             type="circle" x="694" y="299" width="8" height="8"/>
    </entry>
    <entry id="82" name="gl:G00060" type="compound"
        link="http://www.kegg.jp/dbget-bin/www_bget?G00060">
        <graphics name="G00060" fgcolor="#000000" bgcolor="#FFFFFF"
             type="circle" x="431" y="335" width="8" height="8"/>
    </entry>
    <entry id="83" name="gl:G00083" type="compound"
        link="http://www.kegg.jp/dbget-bin/www_bget?G00083">
        <graphics name="G00083" fgcolor="#000000" bgcolor="#FFFFFF"
             type="circle" x="939" y="749" width="8" height="8"/>
    </entry>
    <entry id="84" name="gl:G00080" type="compound"
        link="http://www.kegg.jp/dbget-bin/www_bget?G00080">
        <graphics name="G00080" fgcolor="#000000" bgcolor="#FFFFFF"
             type="circle" x="1057" y="749" width="8" height="8"/>
    </entry>
    <entry id="85" name="gl:G00075" type="compound"
        link="http://www.kegg.jp/dbget-bin/www_bget?G00075">
        <graphics name="G00075" fgcolor="#000000" bgcolor="#FFFFFF"
             type="circle" x="618" y="891" width="8" height="8"/>
    </entry>
    <entry id="86" name="gl:G00074" type="compound"
        link="http://www.kegg.jp/dbget-bin/www_bget?G00074">
        <graphics name="G00074" fgcolor="#000000" bgcolor="#FFFFFF"
             type="circle" x="694" y="891" width="8" height="8"/>
    </entry>
    <entry id="87" name="gl:G00073" type="compound"
        link="http://www.kegg.jp/dbget-bin/www_bget?G00073">
        <graphics name="G00073" fgcolor="#000000" bgcolor="#FFFFFF"
             type="circle" x="694" y="820" width="8" height="8"/>
    </entry>
    <entry id="88" name="gl:G00072" type="compound"
        link="http://www.kegg.jp/dbget-bin/www_bget?G00072">
        <graphics name="G00072" fgcolor="#000000" bgcolor="#FFFFFF"
             type="circle" x="694" y="749" width="8" height="8"/>
    </entry>
    <entry id="89" name="gl:G00071" type="compound"
        link="http://www.kegg.jp/dbget-bin/www_bget?G00071">
        <graphics name="G00071" fgcolor="#000000" bgcolor="#FFFFFF"
             type="circle" x="828" y="749" width="8" height="8"/>
    </entry>
    <entry id="90" name="gl:G00082" type="compound"
        link="http://www.kegg.jp/dbget-bin/www_bget?G00082">
        <graphics name="G00082" fgcolor="#000000" bgcolor="#FFFFFF"
             type="circle" x="828" y="891" width="8" height="8"/>
    </entry>
    <entry id="91" name="gl:G00081" type="compound"
        link="http://www.kegg.jp/dbget-bin/www_bget?G00081">
        <graphics name="G00081" fgcolor="#000000" bgcolor="#FFFFFF"
             type="circle" x="828" y="820" width="8" height="8"/>
    </entry>
    <entry id="92" name="gl:G00079" type="compound"
        link="http://www.kegg.jp/dbget-bin/www_bget?G00079">
        <graphics name="G00079" fgcolor="#000000" bgcolor="#FFFFFF"
             type="circle" x="982" y="749" width="8" height="8"/>
    </entry>
    <entry id="93" name="gl:G00092" type="compound"
        link="http://www.kegg.jp/dbget-bin/www_bget?G00092">
        <graphics name="G00092" fgcolor="#000000" bgcolor="#FFFFFF"
             type="circle" x="368" y="121" width="8" height="8"/>
    </entry>
    <entry id="94" name="gl:G00077" type="compound"
        link="http://www.kegg.jp/dbget-bin/www_bget?G00077">
        <graphics name="G00077" fgcolor="#000000" bgcolor="#FFFFFF"
             type="circle" x="982" y="607" width="8" height="8"/>
    </entry>
    <entry id="95" name="gl:G00068" type="compound"
        link="http://www.kegg.jp/dbget-bin/www_bget?G00068">
        <graphics name="G00068" fgcolor="#000000" bgcolor="#FFFFFF"
             type="circle" x="368" y="607" width="8" height="8"/>
    </entry>
    <entry id="96" name="gl:G00076" type="compound"
        link="http://www.kegg.jp/dbget-bin/www_bget?G00076">
        <graphics name="G00076" fgcolor="#000000" bgcolor="#FFFFFF"
             type="circle" x="694" y="553" width="8" height="8"/>
    </entry>
    <entry id="97" name="gl:G00056" type="compound"
        link="http://www.kegg.jp/dbget-bin/www_bget?G00056">
        <graphics name="G00056" fgcolor="#000000" bgcolor="#FFFFFF"
             type="circle" x="562" y="482" width="8" height="8"/>
    </entry>
    <entry id="98" name="gl:G00055" type="compound"
        link="http://www.kegg.jp/dbget-bin/www_bget?G00055">
        <graphics name="G00055" fgcolor="#000000" bgcolor="#FFFFFF"
             type="circle" x="562" y="411" width="8" height="8"/>
    </entry>
    <entry id="99" name="gl:G00052" type="compound"
        link="http://www.kegg.jp/dbget-bin/www_bget?G00052">
        <graphics name="G00052" fgcolor="#000000" bgcolor="#FFFFFF"
             type="circle" x="694" y="411" width="8" height="8"/>
    </entry>
    <entry id="100" name="gl:G00051" type="compound"
        link="http://www.kegg.jp/dbget-bin/www_bget?G00051">
        <graphics name="G00051" fgcolor="#000000" bgcolor="#FFFFFF"
             type="circle" x="694" y="340" width="8" height="8"/>
    </entry>
    <entry id="101" name="gl:G00050" type="compound"
        link="http://www.kegg.jp/dbget-bin/www_bget?G00050">
        <graphics name="G00050" fgcolor="#000000" bgcolor="#FFFFFF"
             type="circle" x="562" y="335" width="8" height="8"/>
    </entry>
    <entry id="102" name="gl:G00036" type="compound"
        link="http://www.kegg.jp/dbget-bin/www_bget?G00036">
        <graphics name="G00036" fgcolor="#000000" bgcolor="#FFFFFF"
             type="circle" x="368" y="192" width="8" height="8"/>
    </entry>
    <entry id="103" name="gl:G00054" type="compound"
        link="http://www.kegg.jp/dbget-bin/www_bget?G00054">
        <graphics name="G00054" fgcolor="#000000" bgcolor="#FFFFFF"
             type="circle" x="431" y="411" width="8" height="8"/>
    </entry>
    <entry id="104" name="gl:G00059" type="compound"
        link="http://www.kegg.jp/dbget-bin/www_bget?G00059">
        <graphics name="G00059" fgcolor="#000000" bgcolor="#FFFFFF"
             type="circle" x="355" y="553" width="8" height="8"/>
    </entry>
    <entry id="105" name="gl:G00058" type="compound"
        link="http://www.kegg.jp/dbget-bin/www_bget?G00058">
        <graphics name="G00058" fgcolor="#000000" bgcolor="#FFFFFF"
             type="circle" x="431" y="553" width="8" height="8"/>
    </entry>
    <entry id="107" name="hsa:10690" type="gene" reaction="rn:R06221"
        link="http://www.kegg.jp/dbget-bin/www_bget?hsa:10690">
        <graphics name="FUT9, Fuc-TIX" fgcolor="#000000" bgcolor="#BFFFBF"
             type="rectangle" x="587" y="843" width="46" height="17"/>
    </entry>
    <entry id="108" name="hsa:28" type="gene"
        link="http://www.kegg.jp/dbget-bin/www_bget?hsa:28">
        <graphics name="ABO, A3GALNT, A3GALT1, GTB, NAGAT" fgcolor="#000000" bgcolor="#BFFFBF"
             type="rectangle" x="1013" y="749" width="46" height="17"/>
    </entry>
    <entry id="109" name="hsa:28" type="gene" reaction="rn:R06191"
        link="http://www.kegg.jp/dbget-bin/www_bget?hsa:28">
        <graphics name="ABO, A3GALNT, A3GALT1, GTB, NAGAT" fgcolor="#000000" bgcolor="#BFFFBF"
             type="rectangle" x="662" y="890" width="46" height="17"/>
    </entry>
    <entry id="110" name="hsa:2523 hsa:2524" type="gene" reaction="rn:R06085 rn:R06086 rn:R06089 rn:R06090"
        link="http://www.kegg.jp/dbget-bin/www_bget?hsa:2523+hsa:2524">
        <graphics name="FUT1, H, HH, HSC..." fgcolor="#000000" bgcolor="#BFFFBF"
             type="rectangle" x="982" y="712" width="46" height="17"/>
    </entry>
    <entry id="112" name="hsa:10690" type="gene" reaction="rn:R06038"
        link="http://www.kegg.jp/dbget-bin/www_bget?hsa:10690">
        <graphics name="FUT9, Fuc-TIX" fgcolor="#000000" bgcolor="#BFFFBF"
             type="rectangle" x="587" y="772" width="46" height="17"/>
    </entry>
    <entry id="113" name="hsa:2526" type="gene" reaction="rn:R06222"
        link="http://www.kegg.jp/dbget-bin/www_bget?hsa:2526">
        <graphics name="FUT4, CD15, ELFT, FCT3A, FUC-TIV, FUTIV, LeX, SSEA-1" fgcolor="#000000" bgcolor="#BFFFBF"
             type="rectangle" x="369" y="862" width="46" height="17"/>
    </entry>
    <entry id="114" name="hsa:10690" type="gene" reaction="rn:R06039"
        link="http://www.kegg.jp/dbget-bin/www_bget?hsa:10690">
        <graphics name="FUT9, Fuc-TIX" fgcolor="#000000" bgcolor="#BFFFBF"
             type="rectangle" x="393" y="772" width="46" height="17"/>
    </entry>
    <entry id="115" name="hsa:2526" type="gene" reaction="rn:R06230"
        link="http://www.kegg.jp/dbget-bin/www_bget?hsa:2526">
        <graphics name="FUT4, CD15, ELFT, FCT3A, FUC-TIV, FUTIV, LeX, SSEA-1" fgcolor="#000000" bgcolor="#BFFFBF"
             type="rectangle" x="762" y="564" width="46" height="17"/>
    </entry>
    <entry id="116" name="hsa:10402" type="gene" reaction="rn:R06037"
        link="http://www.kegg.jp/dbget-bin/www_bget?hsa:10402">
        <graphics name="ST3GAL6, SIAT10, ST3GALVI" fgcolor="#000000" bgcolor="#BFFFBF"
             type="rectangle" x="884" y="483" width="46" height="17"/>
    </entry>
    <entry id="119" name="hsa:2526" type="gene" reaction="rn:R06224"
        link="http://www.kegg.jp/dbget-bin/www_bget?hsa:2526">
        <graphics name="FUT4, CD15, ELFT, FCT3A, FUC-TIV, FUTIV, LeX, SSEA-1" fgcolor="#000000" bgcolor="#BFFFBF"
             type="rectangle" x="369" y="933" width="46" height="17"/>
    </entry>
    <entry id="120" name="hsa:2526" type="gene" reaction="rn:R06227"
        link="http://www.kegg.jp/dbget-bin/www_bget?hsa:2526">
        <graphics name="FUT4, CD15, ELFT, FCT3A, FUC-TIV, FUTIV, LeX, SSEA-1" fgcolor="#000000" bgcolor="#BFFFBF"
             type="rectangle" x="829" y="862" width="46" height="17"/>
    </entry>
    <entry id="121" name="hsa:28" type="gene" reaction="rn:R06193"
        link="http://www.kegg.jp/dbget-bin/www_bget?hsa:28">
        <graphics name="ABO, A3GALNT, A3GALT1, GTB, NAGAT" fgcolor="#000000" bgcolor="#BFFFBF"
             type="rectangle" x="762" y="749" width="46" height="17"/>
    </entry>
    <entry id="122" name="hsa:2523 hsa:2524" type="gene" reaction="rn:R06041"
        link="http://www.kegg.jp/dbget-bin/www_bget?hsa:2523+hsa:2524">
        <graphics name="FUT1, H, HH, HSC..." fgcolor="#000000" bgcolor="#BFFFBF"
             type="rectangle" x="694" y="851" width="46" height="17"/>
    </entry>
    <entry id="123" name="hsa:10678 hsa:11041" type="gene" reaction="rn:R05974"
        link="http://www.kegg.jp/dbget-bin/www_bget?hsa:10678+hsa:11041">
        <graphics name="B3GNT2, B3GN-T2, B3GNT, B3GNT-2, B3GNT1, BETA3GNT, BGNT2, BGnT-2..." fgcolor="#000000" bgcolor="#BFFFBF"
             type="rectangle" x="500" y="597" width="46" height="17"/>
    </entry>
    <entry id="126" name="hsa:28" type="gene" reaction="rn:R06190"
        link="http://www.kegg.jp/dbget-bin/www_bget?hsa:28">
        <graphics name="ABO, A3GALNT, A3GALT1, GTB, NAGAT" fgcolor="#000000" bgcolor="#BFFFBF"
             type="rectangle" x="884" y="749" width="46" height="17"/>
    </entry>
    <entry id="127" name="hsa:2651" type="gene" reaction="rn:R06189"
        link="http://www.kegg.jp/dbget-bin/www_bget?hsa:2651">
        <graphics name="GCNT2, CCAT, CTRCT13, GCNT2C, GCNT5, IGNT, II, NACGT1, NAGCT1, ULG3, bA360O19.2, bA421M1.1" fgcolor="#000000" bgcolor="#BFFFBF"
             type="rectangle" x="884" y="607" width="46" height="17"/>
    </entry>
    <entry id="128" name="hsa:10690" type="gene" reaction="rn:R06076"
        link="http://www.kegg.jp/dbget-bin/www_bget?hsa:10690">
        <graphics name="FUT9, Fuc-TIX" fgcolor="#000000" bgcolor="#BFFFBF"
             type="rectangle" x="853" y="772" width="46" height="17"/>
    </entry>
    <entry id="130" name="hsa:6489" type="gene" reaction="rn:R06032"
        link="http://www.kegg.jp/dbget-bin/www_bget?hsa:6489">
        <graphics name="ST8SIA1, GD3S, SIAT8, SIAT8-A, SIAT8A, ST8SiaI" fgcolor="#000000" bgcolor="#BFFFBF"
             type="rectangle" x="693" y="220" width="46" height="17"/>
    </entry>
    <entry id="131" name="hsa:2525 hsa:2527 hsa:2528" type="gene" reaction="rn:R06075"
        link="http://www.kegg.jp/dbget-bin/www_bget?hsa:2525+hsa:2527+hsa:2528">
        <graphics name="FUT3, CD174, FT3B, FucT-III, LE, Les..." fgcolor="#000000" bgcolor="#BFFFBF"
             type="rectangle" x="762" y="247" width="46" height="17"/>
    </entry>
    <entry id="133" name="hsa:10402" type="gene" reaction="rn:R06026"
        link="http://www.kegg.jp/dbget-bin/www_bget?hsa:10402">
        <graphics name="ST3GAL6, SIAT10, ST3GALVI" fgcolor="#000000" bgcolor="#BFFFBF"
             type="rectangle" x="623" y="258" width="46" height="17"/>
    </entry>
    <entry id="134" name="hsa:10690" type="gene" reaction="rn:R06025"
        link="http://www.kegg.jp/dbget-bin/www_bget?hsa:10690">
        <graphics name="FUT9, Fuc-TIX" fgcolor="#000000" bgcolor="#BFFFBF"
             type="rectangle" x="523" y="325" width="46" height="17"/>
    </entry>
    <entry id="135" name="hsa:10678 hsa:11041" type="gene" reaction="rn:R05975"
        link="http://www.kegg.jp/dbget-bin/www_bget?hsa:10678+hsa:11041">
        <graphics name="B3GNT2, B3GN-T2, B3GNT, B3GNT-2, B3GNT1, BETA3GNT, BGNT2, BGnT-2..." fgcolor="#000000" bgcolor="#BFFFBF"
             type="rectangle" x="731" y="322" width="46" height="17"/>
    </entry>
    <entry id="136" name="hsa:2683" type="gene" reaction="rn:R06033"
        link="http://www.kegg.jp/dbget-bin/www_bget?hsa:2683">
        <graphics name="B4GALT1, B4GAL-T1, CDG2D, GGTB2, GT1, GTB, beta4Gal-T1" fgcolor="#000000" bgcolor="#BFFFBF"
             type="rectangle" x="824" y="392" width="46" height="17"/>
    </entry>
    <entry id="137" name="ko:K00743" type="ortholog" reaction="rn:R05978"
        link="http://www.kegg.jp/dbget-bin/www_bget?K00743">
        <graphics name="K00743" fgcolor="#000000" bgcolor="#FFFFFF"
             type="rectangle" x="623" y="345" width="46" height="17"/>
    </entry>
    <entry id="138" name="hsa:28" type="gene" reaction="rn:R06029"
        link="http://www.kegg.jp/dbget-bin/www_bget?hsa:28">
        <graphics name="ABO, A3GALNT, A3GALT1, GTB, NAGAT" fgcolor="#000000" bgcolor="#BFFFBF"
             type="rectangle" x="623" y="411" width="46" height="17"/>
    </entry>
    <entry id="139" name="hsa:2523 hsa:2524" type="gene" reaction="rn:R06024"
        link="http://www.kegg.jp/dbget-bin/www_bget?hsa:2523+hsa:2524">
        <graphics name="FUT1, H, HH, HSC..." fgcolor="#000000" bgcolor="#BFFFBF"
             type="rectangle" x="563" y="376" width="46" height="17"/>
    </entry>
    <entry id="140" name="hsa:2523 hsa:2524" type="gene" reaction="rn:R06027"
        link="http://www.kegg.jp/dbget-bin/www_bget?hsa:2523+hsa:2524">
        <graphics name="FUT1, H, HH, HSC..." fgcolor="#000000" bgcolor="#BFFFBF"
             type="rectangle" x="694" y="376" width="46" height="17"/>
    </entry>
    <entry id="141" name="hsa:84002" type="gene" reaction="rn:R05971"
        link="http://www.kegg.jp/dbget-bin/www_bget?hsa:84002">
        <graphics name="B3GNT5, B3GN-T5, beta3Gn-T5" fgcolor="#000000" bgcolor="#BFFFBF"
             type="rectangle" x="369" y="153" width="46" height="17"/>
    </entry>
    <entry id="142" name="hsa:10690" type="gene" reaction="rn:R06095"
        link="http://www.kegg.jp/dbget-bin/www_bget?hsa:10690">
        <graphics name="FUT9, Fuc-TIX" fgcolor="#000000" bgcolor="#BFFFBF"
             type="rectangle" x="587" y="435" width="46" height="17"/>
    </entry>
    <entry id="143" name="hsa:28" type="gene" reaction="rn:R06187"
        link="http://www.kegg.jp/dbget-bin/www_bget?hsa:28">
        <graphics name="ABO, A3GALNT, A3GALT1, GTB, NAGAT" fgcolor="#000000" bgcolor="#BFFFBF"
             type="rectangle" x="500" y="411" width="46" height="17"/>
    </entry>
    <entry id="144" name="hsa:2523 hsa:2524" type="gene" reaction="rn:R06035"
        link="http://www.kegg.jp/dbget-bin/www_bget?hsa:2523+hsa:2524">
        <graphics name="FUT1, H, HH, HSC..." fgcolor="#000000" bgcolor="#BFFFBF"
             type="rectangle" x="829" y="712" width="46" height="17"/>
    </entry>
    <entry id="145" name="hsa:28" type="gene" reaction="rn:R06197"
        link="http://www.kegg.jp/dbget-bin/www_bget?hsa:28">
        <graphics name="ABO, A3GALNT, A3GALT1, GTB, NAGAT" fgcolor="#000000" bgcolor="#BFFFBF"
             type="rectangle" x="398" y="553" width="46" height="17"/>
    </entry>
    <entry id="146" name="hsa:2683" type="gene" reaction="rn:R05977"
        link="http://www.kegg.jp/dbget-bin/www_bget?hsa:2683">
        <graphics name="B4GALT1, B4GAL-T1, CDG2D, GGTB2, GT1, GTB, beta4Gal-T1" fgcolor="#000000" bgcolor="#BFFFBF"
             type="rectangle" x="475" y="182" width="46" height="17"/>
    </entry>
    <entry id="147" name="hsa:2523 hsa:2524" type="gene" reaction="rn:R06031"
        link="http://www.kegg.jp/dbget-bin/www_bget?hsa:2523+hsa:2524">
        <graphics name="FUT1, H, HH, HSC..." fgcolor="#000000" bgcolor="#BFFFBF"
             type="rectangle" x="432" y="512" width="46" height="17"/>
    </entry>
    <entry id="148" name="path:hsa00600" type="map"
        link="http://www.kegg.jp/dbget-bin/www_bget?hsa00600">
        <graphics name="Sphingolipid metabolism" fgcolor="#000000" bgcolor="#FFFFFF"
             type="roundrectangle" x="246" y="120" width="80" height="34"/>
    </entry>
    <entry id="149" name="path:hsa00601" type="map"
        link="http://www.kegg.jp/dbget-bin/www_bget?hsa00601">
        <graphics name="TITLE:Glycosphingolipid biosynthesis - lacto and neolacto series" fgcolor="#000000" bgcolor="#FFFFFF"
             type="roundrectangle" x="291" y="58" width="501" height="25"/>
    </entry>
    <entry id="156" name="gl:G00037" type="compound"
        link="http://www.kegg.jp/dbget-bin/www_bget?G00037">
        <graphics name="G00037" fgcolor="#000000" bgcolor="#FFFFFF"
             type="circle" x="179" y="335" width="8" height="8"/>
    </entry>
    <entry id="157" name="hsa:8708" type="gene" reaction="rn:R06006"
        link="http://www.kegg.jp/dbget-bin/www_bget?hsa:8708">
        <graphics name="B3GALT1, beta3Gal-T1" fgcolor="#000000" bgcolor="#BFFFBF"
             type="rectangle" x="222" y="182" width="46" height="17"/>
    </entry>
    <entry id="158" name="hsa:8707" type="gene" reaction="rn:R06006"
        link="http://www.kegg.jp/dbget-bin/www_bget?hsa:8707">
        <graphics name="B3GALT2, BETA3GALT2, GLCT2, beta3Gal-T2" fgcolor="#000000" bgcolor="#BFFFBF"
             type="rectangle" x="270" y="182" width="46" height="17"/>
    </entry>
    <entry id="159" name="hsa:10317" type="gene" reaction="rn:R06006"
        link="http://www.kegg.jp/dbget-bin/www_bget?hsa:10317">
        <graphics name="B3GALT5, B3GalT-V, B3GalTx, B3T5, GLCT5, beta-1,3-GalTase_5, beta-3-Gx-T5, beta3Gal-T5" fgcolor="#000000" bgcolor="#BFFFBF"
             type="rectangle" x="247" y="203" width="46" height="17"/>
    </entry>
    <entry id="161" name="hsa:2523 hsa:2524" type="gene" reaction="rn:R06156"
        link="http://www.kegg.jp/dbget-bin/www_bget?hsa:2523+hsa:2524">
        <graphics name="FUT1, H, HH, HSC..." fgcolor="#000000" bgcolor="#BFFFBF"
             type="rectangle" x="180" y="376" width="46" height="17"/>
    </entry>
    <entry id="164" name="gl:G00038" type="compound"
        link="http://www.kegg.jp/dbget-bin/www_bget?G00038">
        <graphics name="G00038" fgcolor="#000000" bgcolor="#FFFFFF"
             type="circle" x="310" y="335" width="8" height="8"/>
    </entry>
    <entry id="166" name="hsa:2523 hsa:2524" type="gene" reaction="rn:R06170"
        link="http://www.kegg.jp/dbget-bin/www_bget?hsa:2523+hsa:2524">
        <graphics name="FUT1, H, HH, HSC..." fgcolor="#000000" bgcolor="#BFFFBF"
             type="rectangle" x="310" y="376" width="46" height="17"/>
    </entry>
    <entry id="167" name="ko:K00743" type="ortholog" reaction="rn:R06169"
        link="http://www.kegg.jp/dbget-bin/www_bget?K00743">
        <graphics name="K00743" fgcolor="#000000" bgcolor="#FFFFFF"
             type="rectangle" x="247" y="334" width="46" height="17"/>
    </entry>
    <entry id="168" name="hsa:28" type="gene" reaction="rn:R06168"
        link="http://www.kegg.jp/dbget-bin/www_bget?hsa:28">
        <graphics name="ABO, A3GALNT, A3GALT1, GTB, NAGAT" fgcolor="#000000" bgcolor="#BFFFBF"
             type="rectangle" x="247" y="411" width="46" height="17"/>
    </entry>
    <entry id="169" name="gl:G00039" type="compound"
        link="http://www.kegg.jp/dbget-bin/www_bget?G00039">
        <graphics name="G00039" fgcolor="#000000" bgcolor="#FFFFFF"
             type="circle" x="310" y="411" width="8" height="8"/>
    </entry>
    <entry id="170" name="gl:G00044" type="compound"
        link="http://www.kegg.jp/dbget-bin/www_bget?G00044">
        <graphics name="G00044" fgcolor="#000000" bgcolor="#FFFFFF"
             type="circle" x="179" y="411" width="8" height="8"/>
    </entry>
    <entry id="173" name="hsa:2525" type="gene" reaction="rn:R06163"
        link="http://www.kegg.jp/dbget-bin/www_bget?hsa:2525">
        <graphics name="FUT3, CD174, FT3B, FucT-III, LE, Les" fgcolor="#000000" bgcolor="#BFFFBF"
             type="rectangle" x="180" y="445" width="46" height="17"/>
    </entry>
    <entry id="174" name="hsa:2525" type="gene" reaction="rn:R06164"
        link="http://www.kegg.jp/dbget-bin/www_bget?hsa:2525">
        <graphics name="FUT3, CD174, FT3B, FucT-III, LE, Les" fgcolor="#000000" bgcolor="#BFFFBF"
             type="rectangle" x="310" y="445" width="46" height="17"/>
    </entry>
    <entry id="175" name="gl:G00040" type="compound"
        link="http://www.kegg.jp/dbget-bin/www_bget?G00040">
        <graphics name="G00040" fgcolor="#000000" bgcolor="#FFFFFF"
             type="circle" x="310" y="482" width="8" height="8"/>
    </entry>
    <entry id="176" name="gl:G00045" type="compound"
        link="http://www.kegg.jp/dbget-bin/www_bget?G00045">
        <graphics name="G00045" fgcolor="#000000" bgcolor="#FFFFFF"
             type="circle" x="179" y="482" width="8" height="8"/>
    </entry>
    <entry id="178" name="hsa:28" type="gene" reaction="rn:R06167"
        link="http://www.kegg.jp/dbget-bin/www_bget?hsa:28">
        <graphics name="ABO, A3GALNT, A3GALT1, GTB, NAGAT" fgcolor="#000000" bgcolor="#BFFFBF"
             type="rectangle" x="112" y="411" width="46" height="17"/>
    </entry>
    <entry id="179" name="gl:G00042" type="compound"
        link="http://www.kegg.jp/dbget-bin/www_bget?G00042">
        <graphics name="G00042" fgcolor="#000000" bgcolor="#FFFFFF"
             type="circle" x="47" y="411" width="8" height="8"/>
    </entry>
    <entry id="181" name="gl:G00043" type="compound"
        link="http://www.kegg.jp/dbget-bin/www_bget?G00043">
        <graphics name="G00043" fgcolor="#000000" bgcolor="#FFFFFF"
             type="circle" x="47" y="482" width="8" height="8"/>
    </entry>
    <entry id="182" name="hsa:2525" type="gene" reaction="rn:R06162"
        link="http://www.kegg.jp/dbget-bin/www_bget?hsa:2525">
        <graphics name="FUT3, CD174, FT3B, FucT-III, LE, Les" fgcolor="#000000" bgcolor="#BFFFBF"
             type="rectangle" x="47" y="445" width="46" height="17"/>
    </entry>
    <entry id="184" name="hsa:2525" type="gene" reaction="rn:R06155"
        link="http://www.kegg.jp/dbget-bin/www_bget?hsa:2525">
        <graphics name="FUT3, CD174, FT3B, FucT-III, LE, Les" fgcolor="#000000" bgcolor="#BFFFBF"
             type="rectangle" x="112" y="333" width="46" height="17"/>
    </entry>
    <entry id="185" name="gl:G00046" type="compound"
        link="http://www.kegg.jp/dbget-bin/www_bget?G00046">
        <graphics name="G00046" fgcolor="#000000" bgcolor="#FFFFFF"
             type="circle" x="47" y="335" width="8" height="8"/>
    </entry>
    <entry id="187" name="hsa:6487" type="gene" reaction="rn:R06153"
        link="http://www.kegg.jp/dbget-bin/www_bget?hsa:6487">
        <graphics name="ST3GAL3, EIEE15, MRT12, SIAT6, ST3GALII, ST3GalIII, ST3N" fgcolor="#000000" bgcolor="#BFFFBF"
             type="rectangle" x="247" y="247" width="46" height="17"/>
    </entry>
    <entry id="188" name="hsa:6484" type="gene" reaction="rn:R06153"
        link="http://www.kegg.jp/dbget-bin/www_bget?hsa:6484">
        <graphics name="ST3GAL4, CGS23, NANTA3, SAT3, SIAT4, SIAT4C, ST3GalIV, STZ" fgcolor="#000000" bgcolor="#BFFFBF"
             type="rectangle" x="247" y="268" width="46" height="17"/>
    </entry>
    <entry id="189" name="gl:G00047" type="compound"
        link="http://www.kegg.jp/dbget-bin/www_bget?G00047">
        <graphics name="G00047" fgcolor="#000000" bgcolor="#FFFFFF"
             type="circle" x="310" y="257" width="8" height="8"/>
    </entry>
    <entry id="191" name="gl:G00048" type="compound"
        link="http://www.kegg.jp/dbget-bin/www_bget?G00048">
        <graphics name="G00048" fgcolor="#000000" bgcolor="#FFFFFF"
             type="circle" x="431" y="257" width="8" height="8"/>
    </entry>
    <entry id="192" name="hsa:2525" type="gene" reaction="rn:R06165"
        link="http://www.kegg.jp/dbget-bin/www_bget?hsa:2525">
        <graphics name="FUT3, CD174, FT3B, FucT-III, LE, Les" fgcolor="#000000" bgcolor="#BFFFBF"
             type="rectangle" x="369" y="258" width="46" height="17"/>
    </entry>
    <entry id="193" name="hsa:28" type="gene" reaction="rn:R06167"
        link="http://www.kegg.jp/dbget-bin/www_bget?hsa:28">
        <graphics name="ABO, A3GALNT, A3GALT1, GTB, NAGAT" fgcolor="#66CC66" bgcolor="#FFFFFF"
             type="line" coords="253,1118,293,1118"/>
    </entry>
    <entry id="194" name="hsa:6484 hsa:6487" type="gene" reaction="rn:R06153"
        link="http://www.kegg.jp/dbget-bin/www_bget?hsa:6484+hsa:6487">
        <graphics name="ST3GAL4, CGS23, NANTA3, SAT3, SIAT4, SIAT4C, ST3GalIV, STZ..." fgcolor="#66CC66" bgcolor="#FFFFFF"
             type="line" coords="264,1074,294,1104"/>
    </entry>
    <entry id="195" name="hsa:28" type="gene" reaction="rn:R06169 rn:R06168"
        link="http://www.kegg.jp/dbget-bin/www_bget?hsa:28">
        <graphics name="ABO, A3GALNT, A3GALT1, GTB, NAGAT" fgcolor="#66CC66" bgcolor="#FFFFFF"
             type="line" coords="263,1160,293,1130"/>
    </entry>
    <entry id="196" name="hsa:2525" type="gene" reaction="rn:R06163"
        link="http://www.kegg.jp/dbget-bin/www_bget?hsa:2525">
        <graphics name="FUT3, CD174, FT3B, FucT-III, LE, Les" fgcolor="#66CC66" bgcolor="#FFFFFF"
             type="line" coords="311,1102,311,1072"/>
    </entry>
    <entry id="197" name="hsa:2523 hsa:2524" type="gene" reaction="rn:R06156 rn:R06170"
        link="http://www.kegg.jp/dbget-bin/www_bget?hsa:2523+hsa:2524">
        <graphics name="FUT1, H, HH, HSC..." fgcolor="#66CC66" bgcolor="#FFFFFF"
             type="line" coords="310,1133,310,1163"/>
    </entry>
    <entry id="198" name="hsa:10317 hsa:8707 hsa:8708" type="gene" reaction="rn:R06006"
        link="http://www.kegg.jp/dbget-bin/www_bget?hsa:10317+hsa:8707+hsa:8708">
        <graphics name="B3GALT5, B3GalT-V, B3GalTx, B3T5, GLCT5, beta-1,3-GalTase_5, beta-3-Gx-T5, beta3Gal-T5..." fgcolor="#66CC66" bgcolor="#FFFFFF"
             type="line" coords="333,1118,363,1118"/>
    </entry>
    <entry id="199" name="hsa:2525" type="gene" reaction="rn:R06165 rn:R06155 rn:R06164 rn:R06163 rn:R06162"
        link="http://www.kegg.jp/dbget-bin/www_bget?hsa:2525">
        <graphics name="FUT3, CD174, FT3B, FucT-III, LE, Les" fgcolor="#66CC66" bgcolor="#FFFFFF"
             type="line" coords="388,1102,388,1072"/>
    </entry>
    <entry id="200" name="hsa:84002" type="gene" reaction="rn:R05971"
        link="http://www.kegg.jp/dbget-bin/www_bget?hsa:84002">
        <graphics name="B3GNT5, B3GN-T5, beta3Gn-T5" fgcolor="#66CC66" bgcolor="#FFFFFF"
             type="line" coords="421,1118,451,1118"/>
    </entry>
    <entry id="203" name="hsa:28" type="gene" reaction="rn:R06187"
        link="http://www.kegg.jp/dbget-bin/www_bget?hsa:28">
        <graphics name="ABO, A3GALNT, A3GALT1, GTB, NAGAT" fgcolor="#66CC66" bgcolor="#FFFFFF"
             type="line" coords="478,1397,518,1397"/>
    </entry>
    <entry id="204" name="hsa:10331 hsa:10678 hsa:11041 hsa:79369" type="gene" reaction="rn:R05975"
        link="http://www.kegg.jp/dbget-bin/www_bget?hsa:10331+hsa:10678+hsa:11041+hsa:79369">
        <graphics name="B3GNT3, B3GAL-T8, B3GN-T3, B3GNT-3, HP10328, TMEM3, beta3Gn-T3..." fgcolor="#66CC66" bgcolor="#FFFFFF"
             type="line" coords="489,1353,519,1383"/>
    </entry>
    <entry id="205" name="hsa:10402" type="gene" reaction="rn:R06026"
        link="http://www.kegg.jp/dbget-bin/www_bget?hsa:10402">
        <graphics name="ST3GAL6, SIAT10, ST3GALVI" fgcolor="#66CC66" bgcolor="#FFFFFF"
             type="line" coords="488,1439,518,1409"/>
    </entry>
    <entry id="206" name="hsa:2651" type="gene" reaction="rn:R06189"
        link="http://www.kegg.jp/dbget-bin/www_bget?hsa:2651">
        <graphics name="GCNT2, CCAT, CTRCT13, GCNT2C, GCNT5, IGNT, II, NACGT1, NAGCT1, ULG3, bA360O19.2, bA421M1.1" fgcolor="#66CC66" bgcolor="#FFFFFF"
             type="line" coords="536,1380,536,1340"/>
    </entry>
    <entry id="207" name="hsa:2523 hsa:2524" type="gene" reaction="rn:R06024 rn:R06027"
        link="http://www.kegg.jp/dbget-bin/www_bget?hsa:2523+hsa:2524">
        <graphics name="FUT1, H, HH, HSC..." fgcolor="#66CC66" bgcolor="#FFFFFF"
             type="line" coords="542,1412,542,1452"/>
    </entry>
    <entry id="208" name="hsa:84002" type="gene" reaction="rn:R05977"
        link="http://www.kegg.jp/dbget-bin/www_bget?hsa:84002">
        <graphics name="B3GNT5, B3GN-T5, beta3Gn-T5" fgcolor="#66CC66" bgcolor="#FFFFFF"
             type="line" coords="558,1397,588,1397"/>
    </entry>
    <entry id="209" name="hsa:10690 hsa:2525 hsa:2526 hsa:2527 hsa:2528 hsa:2529" type="gene" reaction="rn:R06025 rn:R06075 rn:R06095 rn:R06230 rn:R06221 rn:R06224 rn:R06227"
        link="http://www.kegg.jp/dbget-bin/www_bget?hsa:10690+hsa:2525+hsa:2526+hsa:2527+hsa:2528+hsa:2529">
        <graphics name="FUT9, Fuc-TIX..." fgcolor="#66CC66" bgcolor="#FFFFFF"
             type="line" coords="619,1451,619,1411"/>
    </entry>
    <entry id="210" name="hsa:84002" type="gene" reaction="rn:R05971"
        link="http://www.kegg.jp/dbget-bin/www_bget?hsa:84002">
        <graphics name="B3GNT5, B3GN-T5, beta3Gn-T5" fgcolor="#66CC66" bgcolor="#FFFFFF"
             type="line" coords="646,1397,676,1397"/>
    </entry>
    <entry id="213" name="hsa:28" type="gene" reaction="rn:R05978 rn:R06029"
        link="http://www.kegg.jp/dbget-bin/www_bget?hsa:28">
        <graphics name="ABO, A3GALNT, A3GALT1, GTB, NAGAT" fgcolor="#66CC66" bgcolor="#FFFFFF"
             type="line" coords="534,1452,534,1412"/>
    </entry>
    <entry id="214" name="hsa:6489" type="gene" reaction="rn:R06032"
        link="http://www.kegg.jp/dbget-bin/www_bget?hsa:6489">
        <graphics name="ST8SIA1, GD3S, SIAT8, SIAT8-A, SIAT8A, ST8SiaI" fgcolor="#66CC66" bgcolor="#FFFFFF"
             type="line" coords="396,1441,426,1441"/>
    </entry>
    <entry id="216" name="hsa:2523 hsa:2524" type="gene" reaction="rn:R06031"
        link="http://www.kegg.jp/dbget-bin/www_bget?hsa:2523+hsa:2524">
        <graphics name="FUT1, H, HH, HSC..." fgcolor="#66CC66" bgcolor="#FFFFFF"
             type="line" coords="335,1417,350,1402"/>
    </entry>
    <entry id="217" name="hsa:28" type="gene" reaction="rn:R06197"
        link="http://www.kegg.jp/dbget-bin/www_bget?hsa:28">
        <graphics name="ABO, A3GALNT, A3GALT1, GTB, NAGAT" fgcolor="#66CC66" bgcolor="#FFFFFF"
             type="line" coords="336,1374,351,1389"/>
    </entry>
    <entry id="218" name="hsa:10690 hsa:2525 hsa:2526 hsa:2527 hsa:2528" type="gene" reaction="rn:R06038 rn:R06222 rn:R06076"
        link="http://www.kegg.jp/dbget-bin/www_bget?hsa:10690+hsa:2525+hsa:2526+hsa:2527+hsa:2528">
        <graphics name="FUT9, Fuc-TIX..." fgcolor="#66CC66" bgcolor="#FFFFFF"
             type="line" coords="412,1382,432,1362"/>
    </entry>
    <entry id="219" name="hsa:2683 hsa:8702 hsa:8703" type="gene" reaction="rn:R06033"
        link="http://www.kegg.jp/dbget-bin/www_bget?hsa:2683+hsa:8702+hsa:8703">
        <graphics name="B4GALT1, B4GAL-T1, CDG2D, GGTB2, GT1, GTB, beta4Gal-T1..." fgcolor="#66CC66" bgcolor="#FFFFFF"
             type="line" coords="403,1313,433,1343"/>
    </entry>
    <entry id="220" name="hsa:10402" type="gene" reaction="rn:R06037 rn:R06232"
        link="http://www.kegg.jp/dbget-bin/www_bget?hsa:10402">
        <graphics name="ST3GAL6, SIAT10, ST3GALVI" fgcolor="#66CC66" bgcolor="#FFFFFF"
             type="line" coords="384,1289,384,1259"/>
    </entry>
    <entry id="221" name="hsa:10331 hsa:10678 hsa:11041" type="gene" reaction="rn:R05974"
        link="http://www.kegg.jp/dbget-bin/www_bget?hsa:10331+hsa:10678+hsa:11041">
        <graphics name="B3GNT3, B3GAL-T8, B3GN-T3, B3GNT-3, HP10328, TMEM3, beta3Gn-T3..." fgcolor="#66CC66" bgcolor="#FFFFFF"
             type="line" coords="349,1274,369,1294"/>
    </entry>
    <entry id="222" name="hsa:10690 hsa:2525 hsa:2526 hsa:2527 hsa:2528" type="gene" reaction="rn:R06039"
        link="http://www.kegg.jp/dbget-bin/www_bget?hsa:10690+hsa:2525+hsa:2526+hsa:2527+hsa:2528">
        <graphics name="FUT9, Fuc-TIX..." fgcolor="#66CC66" bgcolor="#FFFFFF"
             type="line" coords="279,1288,294,1273"/>
    </entry>
    <entry id="225" name="hsa:28" type="gene" reaction="rn:R06193"
        link="http://www.kegg.jp/dbget-bin/www_bget?hsa:28">
        <graphics name="ABO, A3GALNT, A3GALT1, GTB, NAGAT" fgcolor="#66CC66" bgcolor="#FFFFFF"
             type="line" coords="348,1336,368,1316"/>
    </entry>
    <entry id="226" name="hsa:28" type="gene" reaction="rn:R06190"
        link="http://www.kegg.jp/dbget-bin/www_bget?hsa:28">
        <graphics name="ABO, A3GALNT, A3GALT1, GTB, NAGAT" fgcolor="#66CC66" bgcolor="#FFFFFF"
             type="line" coords="338,1306,368,1306"/>
    </entry>
    <entry id="227" name="hsa:2523 hsa:2524" type="gene" reaction="rn:R06035 rn:R06085 rn:R06090"
        link="http://www.kegg.jp/dbget-bin/www_bget?hsa:2523+hsa:2524">
        <graphics name="FUT1, H, HH, HSC..." fgcolor="#66CC66" bgcolor="#FFFFFF"
             type="line" coords="388,1351,388,1321"/>
    </entry>
    <entry id="229" name="hsa:2523 hsa:2524" type="gene" reaction="rn:R06041"
        link="http://www.kegg.jp/dbget-bin/www_bget?hsa:2523+hsa:2524">
        <graphics name="FUT1, H, HH, HSC..." fgcolor="#66CC66" bgcolor="#FFFFFF"
             type="line" coords="204,1364,219,1349"/>
    </entry>
    <entry id="230" name="hsa:28" type="gene" reaction="rn:R06191"
        link="http://www.kegg.jp/dbget-bin/www_bget?hsa:28">
        <graphics name="ABO, A3GALNT, A3GALT1, GTB, NAGAT" fgcolor="#66CC66" bgcolor="#FFFFFF"
             type="line" coords="205,1321,220,1336"/>
    </entry>
    <entry id="234" name="hsa:2523 hsa:2524" type="gene" reaction="rn:R06086 rn:R06089"
        link="http://www.kegg.jp/dbget-bin/www_bget?hsa:2523+hsa:2524">
        <graphics name="FUT1, H, HH, HSC..." fgcolor="#66CC66" bgcolor="#FFFFFF"
             type="line" coords="449,1262,449,1292"/>
    </entry>
    <relation entry1="141" entry2="146" type="ECrel">
        <subtype name="compound" value="102"/>
    </relation>
    <relation entry1="52" entry2="141" type="ECrel">
        <subtype name="compound" value="102"/>
    </relation>
    <relation entry1="51" entry2="141" type="ECrel">
        <subtype name="compound" value="102"/>
    </relation>
    <relation entry1="50" entry2="141" type="ECrel">
        <subtype name="compound" value="102"/>
    </relation>
    <relation entry1="64" entry2="146" type="ECrel">
        <subtype name="compound" value="101"/>
    </relation>
    <relation entry1="134" entry2="146" type="ECrel">
        <subtype name="compound" value="101"/>
    </relation>
    <relation entry1="59" entry2="146" type="ECrel">
        <subtype name="compound" value="101"/>
    </relation>
    <relation entry1="139" entry2="146" type="ECrel">
        <subtype name="compound" value="101"/>
    </relation>
    <relation entry1="135" entry2="146" type="ECrel">
        <subtype name="compound" value="101"/>
    </relation>
    <relation entry1="53" entry2="146" type="ECrel">
        <subtype name="compound" value="101"/>
    </relation>
    <relation entry1="133" entry2="146" type="ECrel">
        <subtype name="compound" value="101"/>
    </relation>
    <relation entry1="52" entry2="64" type="ECrel">
        <subtype name="compound" value="101"/>
    </relation>
    <relation entry1="52" entry2="134" type="ECrel">
        <subtype name="compound" value="101"/>
    </relation>
    <relation entry1="52" entry2="59" type="ECrel">
        <subtype name="compound" value="101"/>
    </relation>
    <relation entry1="52" entry2="139" type="ECrel">
        <subtype name="compound" value="101"/>
    </relation>
    <relation entry1="52" entry2="135" type="ECrel">
        <subtype name="compound" value="101"/>
    </relation>
    <relation entry1="52" entry2="53" type="ECrel">
        <subtype name="compound" value="101"/>
    </relation>
    <relation entry1="52" entry2="133" type="ECrel">
        <subtype name="compound" value="101"/>
    </relation>
    <relation entry1="51" entry2="64" type="ECrel">
        <subtype name="compound" value="101"/>
    </relation>
    <relation entry1="51" entry2="134" type="ECrel">
        <subtype name="compound" value="101"/>
    </relation>
    <relation entry1="51" entry2="59" type="ECrel">
        <subtype name="compound" value="101"/>
    </relation>
    <relation entry1="51" entry2="139" type="ECrel">
        <subtype name="compound" value="101"/>
    </relation>
    <relation entry1="51" entry2="135" type="ECrel">
        <subtype name="compound" value="101"/>
    </relation>
    <relation entry1="51" entry2="53" type="ECrel">
        <subtype name="compound" value="101"/>
    </relation>
    <relation entry1="51" entry2="133" type="ECrel">
        <subtype name="compound" value="101"/>
    </relation>
    <relation entry1="50" entry2="64" type="ECrel">
        <subtype name="compound" value="101"/>
    </relation>
    <relation entry1="50" entry2="134" type="ECrel">
        <subtype name="compound" value="101"/>
    </relation>
    <relation entry1="50" entry2="59" type="ECrel">
        <subtype name="compound" value="101"/>
    </relation>
    <relation entry1="50" entry2="139" type="ECrel">
        <subtype name="compound" value="101"/>
    </relation>
    <relation entry1="50" entry2="135" type="ECrel">
        <subtype name="compound" value="101"/>
    </relation>
    <relation entry1="50" entry2="53" type="ECrel">
        <subtype name="compound" value="101"/>
    </relation>
    <relation entry1="50" entry2="133" type="ECrel">
        <subtype name="compound" value="101"/>
    </relation>
    <relation entry1="64" entry2="139" type="ECrel">
        <subtype name="compound" value="101"/>
    </relation>
    <relation entry1="64" entry2="135" type="ECrel">
        <subtype name="compound" value="101"/>
    </relation>
    <relation entry1="53" entry2="64" type="ECrel">
        <subtype name="compound" value="101"/>
    </relation>
    <relation entry1="64" entry2="133" type="ECrel">
        <subtype name="compound" value="101"/>
    </relation>
    <relation entry1="134" entry2="139" type="ECrel">
        <subtype name="compound" value="101"/>
    </relation>
    <relation entry1="134" entry2="135" type="ECrel">
        <subtype name="compound" value="101"/>
    </relation>
    <relation entry1="53" entry2="134" type="ECrel">
        <subtype name="compound" value="101"/>
    </relation>
    <relation entry1="133" entry2="134" type="ECrel">
        <subtype name="compound" value="101"/>
    </relation>
    <relation entry1="59" entry2="139" type="ECrel">
        <subtype name="compound" value="101"/>
    </relation>
    <relation entry1="59" entry2="135" type="ECrel">
        <subtype name="compound" value="101"/>
    </relation>
    <relation entry1="53" entry2="59" type="ECrel">
        <subtype name="compound" value="101"/>
    </relation>
    <relation entry1="59" entry2="133" type="ECrel">
        <subtype name="compound" value="101"/>
    </relation>
    <relation entry1="135" entry2="139" type="ECrel">
        <subtype name="compound" value="101"/>
    </relation>
    <relation entry1="53" entry2="139" type="ECrel">
        <subtype name="compound" value="101"/>
    </relation>
    <relation entry1="133" entry2="139" type="ECrel">
        <subtype name="compound" value="101"/>
    </relation>
    <relation entry1="133" entry2="135" type="ECrel">
        <subtype name="compound" value="101"/>
    </relation>
    <relation entry1="53" entry2="133" type="ECrel">
        <subtype name="compound" value="101"/>
    </relation>
    <relation entry1="130" entry2="133" type="ECrel">
        <subtype name="compound" value="78"/>
    </relation>
    <relation entry1="130" entry2="131" type="ECrel">
        <subtype name="compound" value="78"/>
    </relation>
    <relation entry1="58" entry2="130" type="ECrel">
        <subtype name="compound" value="78"/>
    </relation>
    <relation entry1="131" entry2="133" type="ECrel">
        <subtype name="compound" value="78"/>
    </relation>
    <relation entry1="58" entry2="133" type="ECrel">
        <subtype name="compound" value="78"/>
    </relation>
    <relation entry1="139" entry2="143" type="ECrel">
        <subtype name="compound" value="98"/>
    </relation>
    <relation entry1="63" entry2="139" type="ECrel">
        <subtype name="compound" value="98"/>
    </relation>
    <relation entry1="139" entry2="142" type="ECrel">
        <subtype name="compound" value="98"/>
    </relation>
    <relation entry1="57" entry2="139" type="ECrel">
        <subtype name="compound" value="98"/>
    </relation>
    <relation entry1="138" entry2="139" type="ECrel">
        <subtype name="compound" value="98"/>
    </relation>
    <relation entry1="63" entry2="143" type="ECrel">
        <subtype name="compound" value="98"/>
    </relation>
    <relation entry1="142" entry2="143" type="ECrel">
        <subtype name="compound" value="98"/>
    </relation>
    <relation entry1="57" entry2="143" type="ECrel">
        <subtype name="compound" value="98"/>
    </relation>
    <relation entry1="138" entry2="143" type="ECrel">
        <subtype name="compound" value="98"/>
    </relation>
    <relation entry1="63" entry2="138" type="ECrel">
        <subtype name="compound" value="98"/>
    </relation>
    <relation entry1="138" entry2="142" type="ECrel">
        <subtype name="compound" value="98"/>
    </relation>
    <relation entry1="57" entry2="138" type="ECrel">
        <subtype name="compound" value="98"/>
    </relation>
    <relation entry1="138" entry2="140" type="ECrel">
        <subtype name="compound" value="99"/>
    </relation>
    <relation entry1="145" entry2="147" type="ECrel">
        <subtype name="compound" value="105"/>
    </relation>
    <relation entry1="53" entry2="135" type="ECrel">
        <subtype name="compound" value="80"/>
    </relation>
    <relation entry1="135" entry2="136" type="ECrel">
        <subtype name="compound" value="80"/>
    </relation>
    <relation entry1="49" entry2="135" type="ECrel">
        <subtype name="compound" value="80"/>
    </relation>
    <relation entry1="48" entry2="135" type="ECrel">
        <subtype name="compound" value="80"/>
    </relation>
    <relation entry1="53" entry2="136" type="ECrel">
        <subtype name="compound" value="80"/>
    </relation>
    <relation entry1="49" entry2="53" type="ECrel">
        <subtype name="compound" value="80"/>
    </relation>
    <relation entry1="48" entry2="53" type="ECrel">
        <subtype name="compound" value="80"/>
    </relation>
    <relation entry1="116" entry2="136" type="ECrel">
        <subtype name="compound" value="73"/>
    </relation>
    <relation entry1="136" entry2="144" type="ECrel">
        <subtype name="compound" value="73"/>
    </relation>
    <relation entry1="127" entry2="136" type="ECrel">
        <subtype name="compound" value="73"/>
    </relation>
    <relation entry1="46" entry2="136" type="ECrel">
        <subtype name="compound" value="73"/>
    </relation>
    <relation entry1="38" entry2="136" type="ECrel">
        <subtype name="compound" value="73"/>
    </relation>
    <relation entry1="115" entry2="136" type="ECrel">
        <subtype name="compound" value="73"/>
    </relation>
    <relation entry1="60" entry2="136" type="ECrel">
        <subtype name="compound" value="73"/>
    </relation>
    <relation entry1="112" entry2="136" type="ECrel">
        <subtype name="compound" value="73"/>
    </relation>
    <relation entry1="55" entry2="136" type="ECrel">
        <subtype name="compound" value="73"/>
    </relation>
    <relation entry1="37" entry2="136" type="ECrel">
        <subtype name="compound" value="73"/>
    </relation>
    <relation entry1="123" entry2="136" type="ECrel">
        <subtype name="compound" value="73"/>
    </relation>
    <relation entry1="49" entry2="116" type="ECrel">
        <subtype name="compound" value="73"/>
    </relation>
    <relation entry1="49" entry2="144" type="ECrel">
        <subtype name="compound" value="73"/>
    </relation>
    <relation entry1="49" entry2="127" type="ECrel">
        <subtype name="compound" value="73"/>
    </relation>
    <relation entry1="46" entry2="49" type="ECrel">
        <subtype name="compound" value="73"/>
    </relation>
    <relation entry1="38" entry2="49" type="ECrel">
        <subtype name="compound" value="73"/>
    </relation>
    <relation entry1="49" entry2="115" type="ECrel">
        <subtype name="compound" value="73"/>
    </relation>
    <relation entry1="49" entry2="60" type="ECrel">
        <subtype name="compound" value="73"/>
    </relation>
    <relation entry1="49" entry2="112" type="ECrel">
        <subtype name="compound" value="73"/>
    </relation>
    <relation entry1="49" entry2="55" type="ECrel">
        <subtype name="compound" value="73"/>
    </relation>
    <relation entry1="37" entry2="49" type="ECrel">
        <subtype name="compound" value="73"/>
    </relation>
    <relation entry1="49" entry2="123" type="ECrel">
        <subtype name="compound" value="73"/>
    </relation>
    <relation entry1="48" entry2="116" type="ECrel">
        <subtype name="compound" value="73"/>
    </relation>
    <relation entry1="48" entry2="144" type="ECrel">
        <subtype name="compound" value="73"/>
    </relation>
    <relation entry1="48" entry2="127" type="ECrel">
        <subtype name="compound" value="73"/>
    </relation>
    <relation entry1="46" entry2="48" type="ECrel">
        <subtype name="compound" value="73"/>
    </relation>
    <relation entry1="38" entry2="48" type="ECrel">
        <subtype name="compound" value="73"/>
    </relation>
    <relation entry1="48" entry2="115" type="ECrel">
        <subtype name="compound" value="73"/>
    </relation>
    <relation entry1="48" entry2="60" type="ECrel">
        <subtype name="compound" value="73"/>
    </relation>
    <relation entry1="48" entry2="112" type="ECrel">
        <subtype name="compound" value="73"/>
    </relation>
    <relation entry1="48" entry2="55" type="ECrel">
        <subtype name="compound" value="73"/>
    </relation>
    <relation entry1="37" entry2="48" type="ECrel">
        <subtype name="compound" value="73"/>
    </relation>
    <relation entry1="48" entry2="123" type="ECrel">
        <subtype name="compound" value="73"/>
    </relation>
    <relation entry1="116" entry2="144" type="ECrel">
        <subtype name="compound" value="73"/>
    </relation>
    <relation entry1="116" entry2="127" type="ECrel">
        <subtype name="compound" value="73"/>
    </relation>
    <relation entry1="46" entry2="116" type="ECrel">
        <subtype name="compound" value="73"/>
    </relation>
    <relation entry1="38" entry2="116" type="ECrel">
        <subtype name="compound" value="73"/>
    </relation>
    <relation entry1="115" entry2="116" type="ECrel">
        <subtype name="compound" value="73"/>
    </relation>
    <relation entry1="60" entry2="116" type="ECrel">
        <subtype name="compound" value="73"/>
    </relation>
    <relation entry1="112" entry2="116" type="ECrel">
        <subtype name="compound" value="73"/>
    </relation>
    <relation entry1="55" entry2="116" type="ECrel">
        <subtype name="compound" value="73"/>
    </relation>
    <relation entry1="37" entry2="116" type="ECrel">
        <subtype name="compound" value="73"/>
    </relation>
    <relation entry1="116" entry2="123" type="ECrel">
        <subtype name="compound" value="73"/>
    </relation>
    <relation entry1="127" entry2="144" type="ECrel">
        <subtype name="compound" value="73"/>
    </relation>
    <relation entry1="46" entry2="144" type="ECrel">
        <subtype name="compound" value="73"/>
    </relation>
    <relation entry1="38" entry2="144" type="ECrel">
        <subtype name="compound" value="73"/>
    </relation>
    <relation entry1="115" entry2="144" type="ECrel">
        <subtype name="compound" value="73"/>
    </relation>
    <relation entry1="60" entry2="144" type="ECrel">
        <subtype name="compound" value="73"/>
    </relation>
    <relation entry1="112" entry2="144" type="ECrel">
        <subtype name="compound" value="73"/>
    </relation>
    <relation entry1="55" entry2="144" type="ECrel">
        <subtype name="compound" value="73"/>
    </relation>
    <relation entry1="37" entry2="144" type="ECrel">
        <subtype name="compound" value="73"/>
    </relation>
    <relation entry1="123" entry2="144" type="ECrel">
        <subtype name="compound" value="73"/>
    </relation>
    <relation entry1="46" entry2="127" type="ECrel">
        <subtype name="compound" value="73"/>
    </relation>
    <relation entry1="38" entry2="127" type="ECrel">
        <subtype name="compound" value="73"/>
    </relation>
    <relation entry1="115" entry2="127" type="ECrel">
        <subtype name="compound" value="73"/>
    </relation>
    <relation entry1="60" entry2="127" type="ECrel">
        <subtype name="compound" value="73"/>
    </relation>
    <relation entry1="112" entry2="127" type="ECrel">
        <subtype name="compound" value="73"/>
    </relation>
    <relation entry1="55" entry2="127" type="ECrel">
        <subtype name="compound" value="73"/>
    </relation>
    <relation entry1="37" entry2="127" type="ECrel">
        <subtype name="compound" value="73"/>
    </relation>
    <relation entry1="123" entry2="127" type="ECrel">
        <subtype name="compound" value="73"/>
    </relation>
    <relation entry1="46" entry2="112" type="ECrel">
        <subtype name="compound" value="73"/>
    </relation>
    <relation entry1="46" entry2="55" type="ECrel">
        <subtype name="compound" value="73"/>
    </relation>
    <relation entry1="37" entry2="46" type="ECrel">
        <subtype name="compound" value="73"/>
    </relation>
    <relation entry1="46" entry2="123" type="ECrel">
        <subtype name="compound" value="73"/>
    </relation>
    <relation entry1="38" entry2="60" type="ECrel">
        <subtype name="compound" value="73"/>
    </relation>
    <relation entry1="38" entry2="55" type="ECrel">
        <subtype name="compound" value="73"/>
    </relation>
    <relation entry1="37" entry2="38" type="ECrel">
        <subtype name="compound" value="73"/>
    </relation>
    <relation entry1="38" entry2="123" type="ECrel">
        <subtype name="compound" value="73"/>
    </relation>
    <relation entry1="60" entry2="115" type="ECrel">
        <subtype name="compound" value="73"/>
    </relation>
    <relation entry1="112" entry2="115" type="ECrel">
        <subtype name="compound" value="73"/>
    </relation>
    <relation entry1="55" entry2="115" type="ECrel">
        <subtype name="compound" value="73"/>
    </relation>
    <relation entry1="37" entry2="115" type="ECrel">
        <subtype name="compound" value="73"/>
    </relation>
    <relation entry1="115" entry2="123" type="ECrel">
        <subtype name="compound" value="73"/>
    </relation>
    <relation entry1="37" entry2="60" type="ECrel">
        <subtype name="compound" value="73"/>
    </relation>
    <relation entry1="60" entry2="123" type="ECrel">
        <subtype name="compound" value="73"/>
    </relation>
    <relation entry1="37" entry2="112" type="ECrel">
        <subtype name="compound" value="73"/>
    </relation>
    <relation entry1="112" entry2="123" type="ECrel">
        <subtype name="compound" value="73"/>
    </relation>
    <relation entry1="37" entry2="55" type="ECrel">
        <subtype name="compound" value="73"/>
    </relation>
    <relation entry1="55" entry2="123" type="ECrel">
        <subtype name="compound" value="73"/>
    </relation>
    <relation entry1="44" entry2="114" type="ECrel">
        <subtype name="compound" value="75"/>
    </relation>
    <relation entry1="44" entry2="54" type="ECrel">
        <subtype name="compound" value="75"/>
    </relation>
    <relation entry1="40" entry2="61" type="ECrel">
        <subtype name="compound" value="75"/>
    </relation>
    <relation entry1="40" entry2="54" type="ECrel">
        <subtype name="compound" value="75"/>
    </relation>
    <relation entry1="61" entry2="113" type="ECrel">
        <subtype name="compound" value="75"/>
    </relation>
    <relation entry1="113" entry2="114" type="ECrel">
        <subtype name="compound" value="75"/>
    </relation>
    <relation entry1="54" entry2="113" type="ECrel">
        <subtype name="compound" value="75"/>
    </relation>
    <relation entry1="40" entry2="45" type="ECrel">
        <subtype name="compound" value="74"/>
    </relation>
    <relation entry1="45" entry2="113" type="ECrel">
        <subtype name="compound" value="74"/>
    </relation>
    <relation entry1="39" entry2="44" type="ECrel">
        <subtype name="compound" value="74"/>
    </relation>
    <relation entry1="39" entry2="113" type="ECrel">
        <subtype name="compound" value="74"/>
    </relation>
    <relation entry1="44" entry2="119" type="ECrel">
        <subtype name="compound" value="74"/>
    </relation>
    <relation entry1="40" entry2="119" type="ECrel">
        <subtype name="compound" value="74"/>
    </relation>
    <relation entry1="113" entry2="119" type="ECrel">
        <subtype name="compound" value="74"/>
    </relation>
    <relation entry1="60" entry2="107" type="ECrel">
        <subtype name="compound" value="69"/>
    </relation>
    <relation entry1="42" entry2="60" type="ECrel">
        <subtype name="compound" value="69"/>
    </relation>
    <relation entry1="43" entry2="112" type="ECrel">
        <subtype name="compound" value="69"/>
    </relation>
    <relation entry1="42" entry2="112" type="ECrel">
        <subtype name="compound" value="69"/>
    </relation>
    <relation entry1="43" entry2="55" type="ECrel">
        <subtype name="compound" value="69"/>
    </relation>
    <relation entry1="55" entry2="107" type="ECrel">
        <subtype name="compound" value="69"/>
    </relation>
    <relation entry1="42" entry2="55" type="ECrel">
        <subtype name="compound" value="69"/>
    </relation>
    <relation entry1="108" entry2="110" type="ECrel">
        <subtype name="compound" value="92"/>
    </relation>
    <relation entry1="109" entry2="122" type="ECrel">
        <subtype name="compound" value="86"/>
    </relation>
    <relation entry1="121" entry2="144" type="ECrel">
        <subtype name="compound" value="89"/>
    </relation>
    <relation entry1="121" entry2="126" type="ECrel">
        <subtype name="compound" value="89"/>
    </relation>
    <relation entry1="62" entry2="121" type="ECrel">
        <subtype name="compound" value="89"/>
    </relation>
    <relation entry1="121" entry2="128" type="ECrel">
        <subtype name="compound" value="89"/>
    </relation>
    <relation entry1="56" entry2="121" type="ECrel">
        <subtype name="compound" value="89"/>
    </relation>
    <relation entry1="126" entry2="144" type="ECrel">
        <subtype name="compound" value="89"/>
    </relation>
    <relation entry1="62" entry2="144" type="ECrel">
        <subtype name="compound" value="89"/>
    </relation>
    <relation entry1="128" entry2="144" type="ECrel">
        <subtype name="compound" value="89"/>
    </relation>
    <relation entry1="56" entry2="144" type="ECrel">
        <subtype name="compound" value="89"/>
    </relation>
    <relation entry1="62" entry2="126" type="ECrel">
        <subtype name="compound" value="89"/>
    </relation>
    <relation entry1="126" entry2="128" type="ECrel">
        <subtype name="compound" value="89"/>
    </relation>
    <relation entry1="56" entry2="126" type="ECrel">
        <subtype name="compound" value="89"/>
    </relation>
    <relation entry1="47" entry2="128" type="ECrel">
        <subtype name="compound" value="91"/>
    </relation>
    <relation entry1="47" entry2="56" type="ECrel">
        <subtype name="compound" value="91"/>
    </relation>
    <relation entry1="41" entry2="62" type="ECrel">
        <subtype name="compound" value="91"/>
    </relation>
    <relation entry1="41" entry2="56" type="ECrel">
        <subtype name="compound" value="91"/>
    </relation>
    <relation entry1="62" entry2="120" type="ECrel">
        <subtype name="compound" value="91"/>
    </relation>
    <relation entry1="120" entry2="128" type="ECrel">
        <subtype name="compound" value="91"/>
    </relation>
    <relation entry1="56" entry2="120" type="ECrel">
        <subtype name="compound" value="91"/>
    </relation>
    <relation entry1="141" entry2="148" type="maplink">
        <subtype name="compound" value="93"/>
    </relation>
    <relation entry1="141" entry2="159" type="ECrel">
        <subtype name="compound" value="102"/>
    </relation>
    <relation entry1="141" entry2="158" type="ECrel">
        <subtype name="compound" value="102"/>
    </relation>
    <relation entry1="141" entry2="157" type="ECrel">
        <subtype name="compound" value="102"/>
    </relation>
    <relation entry1="146" entry2="159" type="ECrel">
        <subtype name="compound" value="102"/>
    </relation>
    <relation entry1="146" entry2="158" type="ECrel">
        <subtype name="compound" value="102"/>
    </relation>
    <relation entry1="146" entry2="157" type="ECrel">
        <subtype name="compound" value="102"/>
    </relation>
    <relation entry1="52" entry2="159" type="ECrel">
        <subtype name="compound" value="102"/>
    </relation>
    <relation entry1="52" entry2="158" type="ECrel">
        <subtype name="compound" value="102"/>
    </relation>
    <relation entry1="52" entry2="157" type="ECrel">
        <subtype name="compound" value="102"/>
    </relation>
    <relation entry1="50" entry2="159" type="ECrel">
        <subtype name="compound" value="102"/>
    </relation>
    <relation entry1="50" entry2="158" type="ECrel">
        <subtype name="compound" value="102"/>
    </relation>
    <relation entry1="50" entry2="157" type="ECrel">
        <subtype name="compound" value="102"/>
    </relation>
    <relation entry1="51" entry2="159" type="ECrel">
        <subtype name="compound" value="102"/>
    </relation>
    <relation entry1="51" entry2="158" type="ECrel">
        <subtype name="compound" value="102"/>
    </relation>
    <relation entry1="51" entry2="157" type="ECrel">
        <subtype name="compound" value="102"/>
    </relation>
    <relation entry1="157" entry2="187" type="ECrel">
        <subtype name="compound" value="156"/>
    </relation>
    <relation entry1="157" entry2="188" type="ECrel">
        <subtype name="compound" value="156"/>
    </relation>
    <relation entry1="157" entry2="161" type="ECrel">
        <subtype name="compound" value="156"/>
    </relation>
    <relation entry1="157" entry2="184" type="ECrel">
        <subtype name="compound" value="156"/>
    </relation>
    <relation entry1="158" entry2="187" type="ECrel">
        <subtype name="compound" value="156"/>
    </relation>
    <relation entry1="158" entry2="188" type="ECrel">
        <subtype name="compound" value="156"/>
    </relation>
    <relation entry1="158" entry2="161" type="ECrel">
        <subtype name="compound" value="156"/>
    </relation>
    <relation entry1="158" entry2="184" type="ECrel">
        <subtype name="compound" value="156"/>
    </relation>
    <relation entry1="159" entry2="187" type="ECrel">
        <subtype name="compound" value="156"/>
    </relation>
    <relation entry1="159" entry2="188" type="ECrel">
        <subtype name="compound" value="156"/>
    </relation>
    <relation entry1="159" entry2="161" type="ECrel">
        <subtype name="compound" value="156"/>
    </relation>
    <relation entry1="159" entry2="184" type="ECrel">
        <subtype name="compound" value="156"/>
    </relation>
    <relation entry1="187" entry2="161" type="ECrel">
        <subtype name="compound" value="156"/>
    </relation>
    <relation entry1="187" entry2="184" type="ECrel">
        <subtype name="compound" value="156"/>
    </relation>
    <relation entry1="188" entry2="161" type="ECrel">
        <subtype name="compound" value="156"/>
    </relation>
    <relation entry1="188" entry2="184" type="ECrel">
        <subtype name="compound" value="156"/>
    </relation>
    <relation entry1="161" entry2="184" type="ECrel">
        <subtype name="compound" value="156"/>
    </relation>
    <relation entry1="173" entry2="168" type="ECrel">
        <subtype name="compound" value="170"/>
    </relation>
    <relation entry1="173" entry2="161" type="ECrel">
        <subtype name="compound" value="170"/>
    </relation>
    <relation entry1="173" entry2="178" type="ECrel">
        <subtype name="compound" value="170"/>
    </relation>
    <relation entry1="168" entry2="161" type="ECrel">
        <subtype name="compound" value="170"/>
    </relation>
    <relation entry1="168" entry2="178" type="ECrel">
        <subtype name="compound" value="170"/>
    </relation>
    <relation entry1="161" entry2="178" type="ECrel">
        <subtype name="compound" value="170"/>
    </relation>
    <relation entry1="178" entry2="182" type="ECrel">
        <subtype name="compound" value="179"/>
    </relation>
    <relation entry1="166" entry2="168" type="ECrel">
        <subtype name="compound" value="169"/>
    </relation>
    <relation entry1="166" entry2="174" type="ECrel">
        <subtype name="compound" value="169"/>
    </relation>
    <relation entry1="168" entry2="174" type="ECrel">
        <subtype name="compound" value="169"/>
    </relation>
    <reaction id="37" name="rn:R05974" type="irreversible">
        <substrate id="73" name="gl:G00067"/>
        <product id="95" name="gl:G00068"/>
    </reaction>
    <reaction id="38" name="rn:R06230" type="irreversible">
        <substrate id="73" name="gl:G00067"/>
        <product id="96" name="gl:G00076"/>
    </reaction>
    <reaction id="39" name="rn:R06224" type="irreversible">
        <substrate id="74" name="gl:G00085"/>
        <product id="72" name="gl:G00086"/>
    </reaction>
    <reaction id="40" name="rn:R06222" type="irreversible">
        <substrate id="75" name="gl:G00084"/>
        <product id="74" name="gl:G00085"/>
    </reaction>
    <reaction id="41" name="rn:R06227" type="irreversible">
        <substrate id="91" name="gl:G00081"/>
        <product id="90" name="gl:G00082"/>
    </reaction>
    <reaction id="42" name="rn:R06221" type="irreversible">
        <substrate id="69" name="gl:G00089"/>
        <product id="67" name="gl:G00090"/>
    </reaction>
    <reaction id="43" name="rn:R06221" type="irreversible">
        <substrate id="69" name="gl:G00089"/>
        <product id="67" name="gl:G00090"/>
    </reaction>
    <reaction id="44" name="rn:R06222" type="irreversible">
        <substrate id="75" name="gl:G00084"/>
        <product id="74" name="gl:G00085"/>
    </reaction>
    <reaction id="45" name="rn:R06224" type="irreversible">
        <substrate id="74" name="gl:G00085"/>
        <product id="72" name="gl:G00086"/>
    </reaction>
    <reaction id="46" name="rn:R06230" type="irreversible">
        <substrate id="73" name="gl:G00067"/>
        <product id="96" name="gl:G00076"/>
    </reaction>
    <reaction id="47" name="rn:R06227" type="irreversible">
        <substrate id="91" name="gl:G00081"/>
        <product id="90" name="gl:G00082"/>
    </reaction>
    <reaction id="48" name="rn:R06033" type="irreversible">
        <substrate id="80" name="gl:G00066"/>
        <product id="73" name="gl:G00067"/>
    </reaction>
    <reaction id="49" name="rn:R06033" type="irreversible">
        <substrate id="80" name="gl:G00066"/>
        <product id="73" name="gl:G00067"/>
    </reaction>
    <reaction id="50" name="rn:R05977" type="irreversible">
        <substrate id="102" name="gl:G00036"/>
        <product id="101" name="gl:G00050"/>
    </reaction>
    <reaction id="51" name="rn:R05977" type="irreversible">
        <substrate id="102" name="gl:G00036"/>
        <product id="101" name="gl:G00050"/>
    </reaction>
    <reaction id="52" name="rn:R05977" type="irreversible">
        <substrate id="102" name="gl:G00036"/>
        <product id="101" name="gl:G00050"/>
    </reaction>
    <reaction id="53" name="rn:R05975" type="irreversible">
        <substrate id="101" name="gl:G00050"/>
        <product id="80" name="gl:G00066"/>
    </reaction>
    <reaction id="54" name="rn:R06039" type="irreversible">
        <substrate id="76" name="gl:G00069"/>
        <product id="75" name="gl:G00084"/>
    </reaction>
    <reaction id="55" name="rn:R06038" type="irreversible">
        <substrate id="73" name="gl:G00067"/>
        <product id="69" name="gl:G00089"/>
    </reaction>
    <reaction id="56" name="rn:R06076" type="irreversible">
        <substrate id="89" name="gl:G00071"/>
        <product id="91" name="gl:G00081"/>
    </reaction>
    <reaction id="57" name="rn:R06095" type="irreversible">
        <substrate id="98" name="gl:G00055"/>
        <product id="97" name="gl:G00056"/>
    </reaction>
    <reaction id="58" name="rn:R06075" type="irreversible">
        <substrate id="78" name="gl:G00062"/>
        <product id="79" name="gl:G00063"/>
    </reaction>
    <reaction id="59" name="rn:R06025" type="irreversible">
        <substrate id="101" name="gl:G00050"/>
        <product id="82" name="gl:G00060"/>
    </reaction>
    <reaction id="60" name="rn:R06038" type="irreversible">
        <substrate id="73" name="gl:G00067"/>
        <product id="69" name="gl:G00089"/>
    </reaction>
    <reaction id="61" name="rn:R06039" type="irreversible">
        <substrate id="76" name="gl:G00069"/>
        <product id="75" name="gl:G00084"/>
    </reaction>
    <reaction id="62" name="rn:R06076" type="irreversible">
        <substrate id="89" name="gl:G00071"/>
        <product id="91" name="gl:G00081"/>
    </reaction>
    <reaction id="63" name="rn:R06095" type="irreversible">
        <substrate id="98" name="gl:G00055"/>
        <product id="97" name="gl:G00056"/>
    </reaction>
    <reaction id="64" name="rn:R06025" type="irreversible">
        <substrate id="101" name="gl:G00050"/>
        <product id="82" name="gl:G00060"/>
    </reaction>
    <reaction id="107" name="rn:R06221" type="irreversible">
        <substrate id="69" name="gl:G00089"/>
        <product id="67" name="gl:G00090"/>
    </reaction>
    <reaction id="109" name="rn:R06191" type="irreversible">
        <substrate id="86" name="gl:G00074"/>
        <product id="85" name="gl:G00075"/>
    </reaction>
    <reaction id="112" name="rn:R06038" type="irreversible">
        <substrate id="73" name="gl:G00067"/>
        <product id="69" name="gl:G00089"/>
    </reaction>
    <reaction id="113" name="rn:R06222" type="irreversible">
        <substrate id="75" name="gl:G00084"/>
        <product id="74" name="gl:G00085"/>
    </reaction>
    <reaction id="114" name="rn:R06039" type="irreversible">
        <substrate id="76" name="gl:G00069"/>
        <product id="75" name="gl:G00084"/>
    </reaction>
    <reaction id="115" name="rn:R06230" type="irreversible">
        <substrate id="73" name="gl:G00067"/>
        <product id="96" name="gl:G00076"/>
    </reaction>
    <reaction id="116" name="rn:R06037" type="irreversible">
        <substrate id="73" name="gl:G00067"/>
        <product id="70" name="gl:G00088"/>
    </reaction>
    <reaction id="119" name="rn:R06224" type="irreversible">
        <substrate id="74" name="gl:G00085"/>
        <product id="72" name="gl:G00086"/>
    </reaction>
    <reaction id="120" name="rn:R06227" type="irreversible">
        <substrate id="91" name="gl:G00081"/>
        <product id="90" name="gl:G00082"/>
    </reaction>
    <reaction id="121" name="rn:R06193" type="irreversible">
        <substrate id="89" name="gl:G00071"/>
        <product id="88" name="gl:G00072"/>
    </reaction>
    <reaction id="122" name="rn:R06041" type="irreversible">
        <substrate id="87" name="gl:G00073"/>
        <product id="86" name="gl:G00074"/>
    </reaction>
    <reaction id="123" name="rn:R05974" type="irreversible">
        <substrate id="73" name="gl:G00067"/>
        <product id="95" name="gl:G00068"/>
    </reaction>
    <reaction id="126" name="rn:R06190" type="irreversible">
        <substrate id="89" name="gl:G00071"/>
        <product id="83" name="gl:G00083"/>
    </reaction>
    <reaction id="127" name="rn:R06189" type="irreversible">
        <substrate id="73" name="gl:G00067"/>
        <product id="94" name="gl:G00077"/>
    </reaction>
    <reaction id="128" name="rn:R06076" type="irreversible">
        <substrate id="89" name="gl:G00071"/>
        <product id="91" name="gl:G00081"/>
    </reaction>
    <reaction id="130" name="rn:R06032" type="irreversible">
        <substrate id="78" name="gl:G00062"/>
        <product id="77" name="gl:G00064"/>
    </reaction>
    <reaction id="131" name="rn:R06075" type="irreversible">
        <substrate id="78" name="gl:G00062"/>
        <product id="79" name="gl:G00063"/>
    </reaction>
    <reaction id="133" name="rn:R06026" type="irreversible">
        <substrate id="101" name="gl:G00050"/>
        <product id="78" name="gl:G00062"/>
    </reaction>
    <reaction id="134" name="rn:R06025" type="irreversible">
        <substrate id="101" name="gl:G00050"/>
        <product id="82" name="gl:G00060"/>
    </reaction>
    <reaction id="135" name="rn:R05975" type="irreversible">
        <substrate id="101" name="gl:G00050"/>
        <product id="80" name="gl:G00066"/>
    </reaction>
    <reaction id="136" name="rn:R06033" type="irreversible">
        <substrate id="80" name="gl:G00066"/>
        <product id="73" name="gl:G00067"/>
    </reaction>
    <reaction id="138" name="rn:R06029" type="irreversible">
        <substrate id="98" name="gl:G00055"/>
        <product id="99" name="gl:G00052"/>
    </reaction>
    <reaction id="139" name="rn:R06024" type="irreversible">
        <substrate id="101" name="gl:G00050"/>
        <product id="98" name="gl:G00055"/>
    </reaction>
    <reaction id="140" name="rn:R06027" type="irreversible">
        <substrate id="100" name="gl:G00051"/>
        <product id="99" name="gl:G00052"/>
    </reaction>
    <reaction id="141" name="rn:R05971" type="irreversible">
        <substrate id="93" name="gl:G00092"/>
        <product id="102" name="gl:G00036"/>
    </reaction>
    <reaction id="142" name="rn:R06095" type="irreversible">
        <substrate id="98" name="gl:G00055"/>
        <product id="97" name="gl:G00056"/>
    </reaction>
    <reaction id="143" name="rn:R06187" type="irreversible">
        <substrate id="98" name="gl:G00055"/>
        <product id="103" name="gl:G00054"/>
    </reaction>
    <reaction id="144" name="rn:R06035" type="irreversible">
        <substrate id="73" name="gl:G00067"/>
        <product id="89" name="gl:G00071"/>
    </reaction>
    <reaction id="145" name="rn:R06197" type="irreversible">
        <substrate id="105" name="gl:G00058"/>
        <product id="104" name="gl:G00059"/>
    </reaction>
    <reaction id="146" name="rn:R05977" type="irreversible">
        <substrate id="102" name="gl:G00036"/>
        <product id="101" name="gl:G00050"/>
    </reaction>
    <reaction id="147" name="rn:R06031" type="irreversible">
        <substrate id="66" name="gl:G00057"/>
        <product id="105" name="gl:G00058"/>
    </reaction>
    <reaction id="157" name="rn:R06006" type="irreversible">
        <substrate id="102" name="gl:G00036"/>
        <product id="156" name="gl:G00037"/>
    </reaction>
    <reaction id="158" name="rn:R06006" type="irreversible">
        <substrate id="102" name="gl:G00036"/>
        <product id="156" name="gl:G00037"/>
    </reaction>
    <reaction id="159" name="rn:R06006" type="irreversible">
        <substrate id="102" name="gl:G00036"/>
        <product id="156" name="gl:G00037"/>
    </reaction>
    <reaction id="161" name="rn:R06156" type="irreversible">
        <substrate id="156" name="gl:G00037"/>
        <product id="170" name="gl:G00044"/>
    </reaction>
    <reaction id="166" name="rn:R06170" type="irreversible">
        <substrate id="164" name="gl:G00038"/>
        <product id="169" name="gl:G00039"/>
    </reaction>
    <reaction id="168" name="rn:R06168" type="irreversible">
        <substrate id="170" name="gl:G00044"/>
        <product id="169" name="gl:G00039"/>
    </reaction>
    <reaction id="173" name="rn:R06163" type="irreversible">
        <substrate id="170" name="gl:G00044"/>
        <product id="176" name="gl:G00045"/>
    </reaction>
    <reaction id="174" name="rn:R06164" type="irreversible">
        <substrate id="169" name="gl:G00039"/>
        <product id="175" name="gl:G00040"/>
    </reaction>
    <reaction id="178" name="rn:R06167" type="irreversible">
        <substrate id="170" name="gl:G00044"/>
        <product id="179" name="gl:G00042"/>
    </reaction>
    <reaction id="182" name="rn:R06162" type="irreversible">
        <substrate id="179" name="gl:G00042"/>
        <product id="181" name="gl:G00043"/>
    </reaction>
    <reaction id="184" name="rn:R06155" type="irreversible">
        <substrate id="156" name="gl:G00037"/>
        <product id="185" name="gl:G00046"/>
    </reaction>
    <reaction id="187" name="rn:R06153" type="irreversible">
        <substrate id="156" name="gl:G00037"/>
        <product id="189" name="gl:G00047"/>
    </reaction>
    <reaction id="188" name="rn:R06153" type="irreversible">
        <substrate id="156" name="gl:G00037"/>
        <product id="189" name="gl:G00047"/>
    </reaction>
    <reaction id="192" name="rn:R06165" type="irreversible">
        <substrate id="189" name="gl:G00047"/>
        <product id="191" name="gl:G00048"/>
    </reaction>
</pathway>
