<?xml version="1.0"?>
<!DOCTYPE pathway SYSTEM "http://www.kegg.jp/kegg/xml/KGML_v0.7.1_.dtd">
<!-- Creation date: Mar 6, 2014 14:21:43 +0900 (GMT+09:00) -->
<pathway name="path:hsa00053" org="hsa" number="00053"
         title="Ascorbate and aldarate metabolism"
         image="http://www.kegg.jp/kegg/pathway/hsa/hsa00053.png"
         link="http://www.kegg.jp/kegg-bin/show_pathway?hsa00053">
    <entry id="48" name="ko:K02821 ko:K02822 ko:K03475" type="ortholog" reaction="rn:R07671"
        link="http://www.kegg.jp/dbget-bin/www_bget?K02821+K02822+K03475">
        <graphics name="K02821..." fgcolor="#000000" bgcolor="#FFFFFF"
             type="rectangle" x="345" y="629" width="46" height="17"/>
    </entry>
    <entry id="49" name="ko:K03476" type="ortholog" reaction="rn:R07677"
        link="http://www.kegg.jp/dbget-bin/www_bget?K03476">
        <graphics name="K03476" fgcolor="#000000" bgcolor="#FFFFFF"
             type="rectangle" x="345" y="686" width="46" height="17"/>
    </entry>
    <entry id="52" name="ko:K00103" type="ortholog" reaction="rn:R03184"
        link="http://www.kegg.jp/dbget-bin/www_bget?K00103">
        <graphics name="K00103" fgcolor="#000000" bgcolor="#FFFFFF"
             type="rectangle" x="474" y="488" width="46" height="17"/>
    </entry>
    <entry id="53" name="ko:K00064" type="ortholog" reaction="rn:R07675"
        link="http://www.kegg.jp/dbget-bin/www_bget?K00064">
        <graphics name="K00064" fgcolor="#000000" bgcolor="#FFFFFF"
             type="rectangle" x="235" y="452" width="46" height="17"/>
    </entry>
    <entry id="54" name="ko:K10047" type="ortholog" reaction="rn:R07674"
        link="http://www.kegg.jp/dbget-bin/www_bget?K10047">
        <graphics name="K10047" fgcolor="#000000" bgcolor="#FFFFFF"
             type="rectangle" x="261" y="380" width="46" height="17"/>
    </entry>
    <entry id="55" name="ko:K14190" type="ortholog" reaction="rn:R07678"
        link="http://www.kegg.jp/dbget-bin/www_bget?K14190">
        <graphics name="K14190" fgcolor="#000000" bgcolor="#FFFFFF"
             type="rectangle" x="261" y="309" width="46" height="17"/>
    </entry>
    <entry id="56" name="ko:K10046" type="ortholog" reaction="rn:R07673"
        link="http://www.kegg.jp/dbget-bin/www_bget?K10046">
        <graphics name="K10046" fgcolor="#000000" bgcolor="#FFFFFF"
             type="rectangle" x="304" y="273" width="46" height="17"/>
    </entry>
    <entry id="57" name="ko:K10046" type="ortholog" reaction="rn:R00889"
        link="http://www.kegg.jp/dbget-bin/www_bget?K10046">
        <graphics name="K10046" fgcolor="#000000" bgcolor="#FFFFFF"
             type="rectangle" x="261" y="238" width="46" height="17"/>
    </entry>
    <entry id="58" name="ko:K10046" type="ortholog" reaction="rn:R07672"
        link="http://www.kegg.jp/dbget-bin/www_bget?K10046">
        <graphics name="K10046" fgcolor="#000000" bgcolor="#FFFFFF"
             type="rectangle" x="347" y="238" width="46" height="17"/>
    </entry>
    <entry id="59" name="hsa:55586" type="gene" reaction="rn:R01184"
        link="http://www.kegg.jp/dbget-bin/www_bget?hsa:55586">
        <graphics name="MIOX, ALDRL6" fgcolor="#000000" bgcolor="#BFFFBF"
             type="rectangle" x="464" y="352" width="46" height="17"/>
    </entry>
    <entry id="60" name="ko:K16190" type="ortholog" reaction="rn:R01476"
        link="http://www.kegg.jp/dbget-bin/www_bget?K16190">
        <graphics name="K16190" fgcolor="#000000" bgcolor="#FFFFFF"
             type="rectangle" x="512" y="309" width="46" height="17"/>
    </entry>
    <entry id="62" name="hsa:7358" type="gene" reaction="rn:R00286"
        link="http://www.kegg.jp/dbget-bin/www_bget?hsa:7358">
        <graphics name="UGDH, GDH, UDP-GlcDH, UDPGDH, UGD" fgcolor="#000000" bgcolor="#BFFFBF"
             type="rectangle" x="512" y="163" width="46" height="17"/>
    </entry>
    <entry id="63" name="ko:K00880" type="ortholog" reaction="rn:R07127"
        link="http://www.kegg.jp/dbget-bin/www_bget?K00880">
        <graphics name="K00880" fgcolor="#000000" bgcolor="#FFFFFF"
             type="rectangle" x="346" y="758" width="46" height="17"/>
    </entry>
    <entry id="64" name="ko:K08092" type="ortholog" reaction="rn:R02637 rn:R02639"
        link="http://www.kegg.jp/dbget-bin/www_bget?K08092">
        <graphics name="K08092" fgcolor="#000000" bgcolor="#FFFFFF"
             type="rectangle" x="424" y="786" width="46" height="17"/>
    </entry>
    <entry id="66" name="cpd:C00137" type="compound"
        link="http://www.kegg.jp/dbget-bin/www_bget?C00137">
        <graphics name="C00137" fgcolor="#000000" bgcolor="#FFFFFF"
             type="circle" x="422" y="348" width="8" height="8"/>
    </entry>
    <entry id="67" name="cpd:C05385" type="compound"
        link="http://www.kegg.jp/dbget-bin/www_bget?C05385">
        <graphics name="C05385" fgcolor="#000000" bgcolor="#FFFFFF"
             type="circle" x="512" y="272" width="8" height="8"/>
    </entry>
    <entry id="68" name="cpd:C00167" type="compound"
        link="http://www.kegg.jp/dbget-bin/www_bget?C00167">
        <graphics name="C00167" fgcolor="#000000" bgcolor="#FFFFFF"
             type="circle" x="512" y="200" width="8" height="8"/>
    </entry>
    <entry id="69" name="cpd:C00029" type="compound"
        link="http://www.kegg.jp/dbget-bin/www_bget?C00029">
        <graphics name="C00029" fgcolor="#000000" bgcolor="#FFFFFF"
             type="circle" x="512" y="128" width="8" height="8"/>
    </entry>
    <entry id="70" name="cpd:C16186" type="compound"
        link="http://www.kegg.jp/dbget-bin/www_bget?C16186">
        <graphics name="C16186" fgcolor="#000000" bgcolor="#FFFFFF"
             type="circle" x="345" y="661" width="8" height="8"/>
    </entry>
    <entry id="71" name="cpd:C01825" type="compound"
        link="http://www.kegg.jp/dbget-bin/www_bget?C01825">
        <graphics name="C01825" fgcolor="#000000" bgcolor="#FFFFFF"
             type="circle" x="260" y="416" width="8" height="8"/>
    </entry>
    <entry id="72" name="cpd:C15930" type="compound"
        link="http://www.kegg.jp/dbget-bin/www_bget?C15930">
        <graphics name="C15930" fgcolor="#000000" bgcolor="#FFFFFF"
             type="circle" x="159" y="416" width="8" height="8"/>
    </entry>
    <entry id="73" name="cpd:C15926" type="compound"
        link="http://www.kegg.jp/dbget-bin/www_bget?C15926">
        <graphics name="C15926" fgcolor="#000000" bgcolor="#FFFFFF"
             type="circle" x="260" y="344" width="8" height="8"/>
    </entry>
    <entry id="74" name="cpd:C15923" type="compound"
        link="http://www.kegg.jp/dbget-bin/www_bget?C15923">
        <graphics name="C15923" fgcolor="#000000" bgcolor="#FFFFFF"
             type="circle" x="348" y="416" width="8" height="8"/>
    </entry>
    <entry id="75" name="cpd:C15925" type="compound"
        link="http://www.kegg.jp/dbget-bin/www_bget?C15925">
        <graphics name="C15925" fgcolor="#000000" bgcolor="#FFFFFF"
             type="circle" x="348" y="272" width="8" height="8"/>
    </entry>
    <entry id="76" name="cpd:C02280" type="compound"
        link="http://www.kegg.jp/dbget-bin/www_bget?C02280">
        <graphics name="C02280" fgcolor="#000000" bgcolor="#FFFFFF"
             type="circle" x="260" y="272" width="8" height="8"/>
    </entry>
    <entry id="77" name="cpd:C00096" type="compound"
        link="http://www.kegg.jp/dbget-bin/www_bget?C00096">
        <graphics name="C00096" fgcolor="#000000" bgcolor="#FFFFFF"
             type="circle" x="304" y="200" width="8" height="8"/>
    </entry>
    <entry id="78" name="cpd:C00231" type="compound"
        link="http://www.kegg.jp/dbget-bin/www_bget?C00231">
        <graphics name="C00231" fgcolor="#000000" bgcolor="#FFFFFF"
             type="circle" x="79" y="720" width="8" height="8"/>
    </entry>
    <entry id="79" name="cpd:C01101" type="compound"
        link="http://www.kegg.jp/dbget-bin/www_bget?C01101">
        <graphics name="C01101" fgcolor="#000000" bgcolor="#FFFFFF"
             type="circle" x="167" y="720" width="8" height="8"/>
    </entry>
    <entry id="80" name="cpd:C03291" type="compound"
        link="http://www.kegg.jp/dbget-bin/www_bget?C03291">
        <graphics name="C03291" fgcolor="#000000" bgcolor="#FFFFFF"
             type="circle" x="260" y="720" width="8" height="8"/>
    </entry>
    <entry id="81" name="cpd:C14899" type="compound"
        link="http://www.kegg.jp/dbget-bin/www_bget?C14899">
        <graphics name="C14899" fgcolor="#000000" bgcolor="#FFFFFF"
             type="circle" x="345" y="720" width="8" height="8"/>
    </entry>
    <entry id="82" name="ko:K03077" type="ortholog" reaction="rn:R05850"
        link="http://www.kegg.jp/dbget-bin/www_bget?K03077">
        <graphics name="K03077" fgcolor="#000000" bgcolor="#FFFFFF"
             type="rectangle" x="127" y="721" width="46" height="17"/>
    </entry>
    <entry id="83" name="ko:K03078" type="ortholog" reaction="rn:R07125"
        link="http://www.kegg.jp/dbget-bin/www_bget?K03078">
        <graphics name="K03078" fgcolor="#000000" bgcolor="#FFFFFF"
             type="rectangle" x="307" y="721" width="46" height="17"/>
    </entry>
    <entry id="84" name="ko:K03079" type="ortholog" reaction="rn:R03244"
        link="http://www.kegg.jp/dbget-bin/www_bget?K03079">
        <graphics name="K03079" fgcolor="#000000" bgcolor="#FFFFFF"
             type="rectangle" x="218" y="721" width="46" height="17"/>
    </entry>
    <entry id="85" name="path:hsa00630" type="map"
        link="http://www.kegg.jp/dbget-bin/www_bget?hsa00630">
        <graphics name="Glyoxylate and dicarboxylate metabolism" fgcolor="#000000" bgcolor="#FFFFFF"
             type="roundrectangle" x="766" y="272" width="92" height="48"/>
    </entry>
    <entry id="88" name="ko:K00225" type="ortholog" reaction="rn:R07679"
        link="http://www.kegg.jp/dbget-bin/www_bget?K00225">
        <graphics name="K00225" fgcolor="#000000" bgcolor="#FFFFFF"
             type="rectangle" x="428" y="584" width="46" height="17"/>
    </entry>
    <entry id="89" name="path:hsa00040" type="map"
        link="http://www.kegg.jp/dbget-bin/www_bget?hsa00040">
        <graphics name="Pentose and glucuronate interconversions" fgcolor="#000000" bgcolor="#FFFFFF"
             type="roundrectangle" x="957" y="824" width="140" height="34"/>
    </entry>
    <entry id="90" name="ko:K01630" type="ortholog" reaction="rn:R03277"
        link="http://www.kegg.jp/dbget-bin/www_bget?K01630">
        <graphics name="K01630" fgcolor="#000000" bgcolor="#FFFFFF"
             type="rectangle" x="864" y="200" width="46" height="17"/>
    </entry>
    <entry id="91" name="ko:K01706" type="ortholog" reaction="rn:R02752"
        link="http://www.kegg.jp/dbget-bin/www_bget?K01706">
        <graphics name="K01706" fgcolor="#000000" bgcolor="#FFFFFF"
             type="rectangle" x="763" y="344" width="46" height="17"/>
    </entry>
    <entry id="93" name="ko:K00103" type="ortholog" reaction="rn:R00647"
        link="http://www.kegg.jp/dbget-bin/www_bget?K00103">
        <graphics name="K00103" fgcolor="#000000" bgcolor="#FFFFFF"
             type="rectangle" x="386" y="488" width="46" height="17"/>
    </entry>
    <entry id="94" name="path:hsa00053" type="map"
        link="http://www.kegg.jp/dbget-bin/www_bget?hsa00053">
        <graphics name="TITLE:Ascorbate and aldarate metabolism" fgcolor="#000000" bgcolor="#FFFFFF"
             type="roundrectangle" x="203" y="58" width="326" height="25"/>
    </entry>
    <entry id="95" name="ko:K01630" type="ortholog" reaction="rn:R02754"
        link="http://www.kegg.jp/dbget-bin/www_bget?K01630">
        <graphics name="K01630" fgcolor="#000000" bgcolor="#FFFFFF"
             type="rectangle" x="864" y="344" width="46" height="17"/>
    </entry>
    <entry id="96" name="ko:K01708" type="ortholog" reaction="rn:R05608"
        link="http://www.kegg.jp/dbget-bin/www_bget?K01708">
        <graphics name="K01708" fgcolor="#000000" bgcolor="#FFFFFF"
             type="rectangle" x="763" y="416" width="46" height="17"/>
    </entry>
    <entry id="97" name="ko:K01707" type="ortholog" reaction="rn:R02279"
        link="http://www.kegg.jp/dbget-bin/www_bget?K01707">
        <graphics name="K01707" fgcolor="#000000" bgcolor="#FFFFFF"
             type="rectangle" x="820" y="440" width="46" height="17"/>
    </entry>
    <entry id="99" name="ko:K00434" type="ortholog" reaction="rn:R00644"
        link="http://www.kegg.jp/dbget-bin/www_bget?K00434">
        <graphics name="K00434" fgcolor="#000000" bgcolor="#FFFFFF"
             type="rectangle" x="428" y="628" width="46" height="17"/>
    </entry>
    <entry id="100" name="ko:K00423" type="ortholog" reaction="rn:R00068"
        link="http://www.kegg.jp/dbget-bin/www_bget?K00423">
        <graphics name="K00423" fgcolor="#000000" bgcolor="#FFFFFF"
             type="rectangle" x="428" y="563" width="46" height="17"/>
    </entry>
    <entry id="101" name="ko:K08232" type="ortholog" reaction="rn:R00095"
        link="http://www.kegg.jp/dbget-bin/www_bget?K08232">
        <graphics name="K08232" fgcolor="#000000" bgcolor="#FFFFFF"
             type="rectangle" x="428" y="518" width="46" height="17"/>
    </entry>
    <entry id="103" name="ko:K13877" type="ortholog" reaction="rn:R00264"
        link="http://www.kegg.jp/dbget-bin/www_bget?K13877">
        <graphics name="K13877" fgcolor="#000000" bgcolor="#FFFFFF"
             type="rectangle" x="763" y="488" width="46" height="17"/>
    </entry>
    <entry id="104" name="hsa:9104" type="gene" reaction="rn:R02933"
        link="http://www.kegg.jp/dbget-bin/www_bget?hsa:9104">
        <graphics name="RGN, GNL, HEL-S-41, RC, SMP30" fgcolor="#000000" bgcolor="#BFFFBF"
             type="rectangle" x="487" y="453" width="46" height="17"/>
    </entry>
    <entry id="105" name="ko:K13876" type="ortholog" reaction="rn:R02278"
        link="http://www.kegg.jp/dbget-bin/www_bget?K13876">
        <graphics name="K13876" fgcolor="#000000" bgcolor="#FFFFFF"
             type="rectangle" x="820" y="527" width="46" height="17"/>
    </entry>
    <entry id="106" name="path:hsa00020" type="map"
        link="http://www.kegg.jp/dbget-bin/www_bget?hsa00020">
        <graphics name="Citrate cycle (TCA cycle)" fgcolor="#000000" bgcolor="#FFFFFF"
             type="roundrectangle" x="701" y="573" width="79" height="25"/>
    </entry>
    <entry id="107" name="path:hsa00520" type="map"
        link="http://www.kegg.jp/dbget-bin/www_bget?hsa00520">
        <graphics name="Amino sugar and nucleotide sugar metabolism" fgcolor="#000000" bgcolor="#FFFFFF"
             type="roundrectangle" x="940" y="784" width="106" height="34"/>
    </entry>
    <entry id="109" name="path:hsa00051" type="map"
        link="http://www.kegg.jp/dbget-bin/www_bget?hsa00051">
        <graphics name="Fructose and mannose metabolism" fgcolor="#000000" bgcolor="#FFFFFF"
             type="roundrectangle" x="188" y="114" width="128" height="34"/>
    </entry>
    <entry id="111" name="ko:K13875" type="ortholog" reaction="rn:R02522"
        link="http://www.kegg.jp/dbget-bin/www_bget?K13875">
        <graphics name="K13875" fgcolor="#000000" bgcolor="#FFFFFF"
             type="rectangle" x="820" y="607" width="46" height="17"/>
    </entry>
    <entry id="113" name="ko:K01706" type="ortholog" reaction="rn:R08056"
        link="http://www.kegg.jp/dbget-bin/www_bget?K01706">
        <graphics name="K01706" fgcolor="#000000" bgcolor="#FFFFFF"
             type="rectangle" x="763" y="200" width="46" height="17"/>
    </entry>
    <entry id="114" name="hsa:217 hsa:219 hsa:223 hsa:224 hsa:501" type="gene" reaction="rn:R02957"
        link="http://www.kegg.jp/dbget-bin/www_bget?hsa:217+hsa:219+hsa:223+hsa:224+hsa:501">
        <graphics name="ALDH2, ALDH-E2, ALDHI, ALDM..." fgcolor="#000000" bgcolor="#BFFFBF"
             type="rectangle" x="655" y="345" width="46" height="17"/>
    </entry>
    <entry id="118" name="ko:K13873" type="ortholog" reaction="rn:R01757"
        link="http://www.kegg.jp/dbget-bin/www_bget?K13873">
        <graphics name="K13873" fgcolor="#000000" bgcolor="#FFFFFF"
             type="rectangle" x="820" y="753" width="46" height="17"/>
    </entry>
    <entry id="119" name="ko:K13874" type="ortholog" reaction="rn:R02526"
        link="http://www.kegg.jp/dbget-bin/www_bget?K13874">
        <graphics name="K13874" fgcolor="#000000" bgcolor="#FFFFFF"
             type="rectangle" x="820" y="680" width="46" height="17"/>
    </entry>
    <entry id="120" name="ko:K00225" type="ortholog" reaction="rn:R00640"
        link="http://www.kegg.jp/dbget-bin/www_bget?K00225">
        <graphics name="K00225" fgcolor="#000000" bgcolor="#FFFFFF"
             type="rectangle" x="306" y="478" width="46" height="17"/>
    </entry>
    <entry id="121" name="ko:K05276" type="ortholog" reaction="rn:R00643"
        link="http://www.kegg.jp/dbget-bin/www_bget?K05276">
        <graphics name="K05276" fgcolor="#000000" bgcolor="#FFFFFF"
             type="rectangle" x="306" y="499" width="46" height="17"/>
    </entry>
    <entry id="122" name="cpd:C02670" type="compound"
        link="http://www.kegg.jp/dbget-bin/www_bget?C02670">
        <graphics name="C02670" fgcolor="#000000" bgcolor="#FFFFFF"
             type="circle" x="600" y="344" width="8" height="8"/>
    </entry>
    <entry id="123" name="cpd:C00191" type="compound"
        link="http://www.kegg.jp/dbget-bin/www_bget?C00191">
        <graphics name="C00191" fgcolor="#000000" bgcolor="#FFFFFF"
             type="circle" x="512" y="344" width="8" height="8"/>
    </entry>
    <entry id="124" name="cpd:C03921" type="compound"
        link="http://www.kegg.jp/dbget-bin/www_bget?C03921">
        <graphics name="C03921" fgcolor="#000000" bgcolor="#FFFFFF"
             type="circle" x="816" y="200" width="8" height="8"/>
    </entry>
    <entry id="125" name="cpd:C00818" type="compound"
        link="http://www.kegg.jp/dbget-bin/www_bget?C00818">
        <graphics name="C00818" fgcolor="#000000" bgcolor="#FFFFFF"
             type="circle" x="708" y="344" width="8" height="8"/>
    </entry>
    <entry id="126" name="cpd:C01040" type="compound"
        link="http://www.kegg.jp/dbget-bin/www_bget?C01040">
        <graphics name="C01040" fgcolor="#000000" bgcolor="#FFFFFF"
             type="circle" x="512" y="488" width="8" height="8"/>
    </entry>
    <entry id="127" name="cpd:C00800" type="compound"
        link="http://www.kegg.jp/dbget-bin/www_bget?C00800">
        <graphics name="C00800" fgcolor="#000000" bgcolor="#FFFFFF"
             type="circle" x="512" y="416" width="8" height="8"/>
    </entry>
    <entry id="128" name="cpd:C01146" type="compound"
        link="http://www.kegg.jp/dbget-bin/www_bget?C01146">
        <graphics name="C01146" fgcolor="#000000" bgcolor="#FFFFFF"
             type="circle" x="900" y="272" width="8" height="8"/>
    </entry>
    <entry id="129" name="cpd:C00333" type="compound"
        link="http://www.kegg.jp/dbget-bin/www_bget?C00333">
        <graphics name="C00333" fgcolor="#000000" bgcolor="#FFFFFF"
             type="circle" x="159" y="344" width="8" height="8"/>
    </entry>
    <entry id="130" name="cpd:C03289" type="compound"
        link="http://www.kegg.jp/dbget-bin/www_bget?C03289">
        <graphics name="C03289" fgcolor="#000000" bgcolor="#FFFFFF"
             type="circle" x="428" y="488" width="8" height="8"/>
    </entry>
    <entry id="131" name="cpd:C00022" type="compound"
        link="http://www.kegg.jp/dbget-bin/www_bget?C00022">
        <graphics name="C00022" fgcolor="#000000" bgcolor="#FFFFFF"
             type="circle" x="935" y="346" width="8" height="8"/>
    </entry>
    <entry id="132" name="cpd:C00679" type="compound"
        link="http://www.kegg.jp/dbget-bin/www_bget?C00679">
        <graphics name="C00679" fgcolor="#000000" bgcolor="#FFFFFF"
             type="circle" x="817" y="344" width="8" height="8"/>
    </entry>
    <entry id="133" name="cpd:C00879" type="compound"
        link="http://www.kegg.jp/dbget-bin/www_bget?C00879">
        <graphics name="C00879" fgcolor="#000000" bgcolor="#FFFFFF"
             type="circle" x="708" y="415" width="8" height="8"/>
    </entry>
    <entry id="134" name="cpd:C00072" type="compound"
        link="http://www.kegg.jp/dbget-bin/www_bget?C00072">
        <graphics name="C00072" fgcolor="#000000" bgcolor="#FFFFFF"
             type="circle" x="348" y="573" width="8" height="8"/>
    </entry>
    <entry id="135" name="cpd:C00433" type="compound"
        link="http://www.kegg.jp/dbget-bin/www_bget?C00433">
        <graphics name="C00433" fgcolor="#000000" bgcolor="#FFFFFF"
             type="circle" x="821" y="488" width="8" height="8"/>
    </entry>
    <entry id="136" name="cpd:C00026" type="compound"
        link="http://www.kegg.jp/dbget-bin/www_bget?C00026">
        <graphics name="C00026" fgcolor="#000000" bgcolor="#FFFFFF"
             type="circle" x="708" y="488" width="8" height="8"/>
    </entry>
    <entry id="137" name="cpd:C05422" type="compound"
        link="http://www.kegg.jp/dbget-bin/www_bget?C05422">
        <graphics name="C05422" fgcolor="#000000" bgcolor="#FFFFFF"
             type="circle" x="512" y="573" width="8" height="8"/>
    </entry>
    <entry id="138" name="cpd:C01041" type="compound"
        link="http://www.kegg.jp/dbget-bin/www_bget?C01041">
        <graphics name="C01041" fgcolor="#000000" bgcolor="#FFFFFF"
             type="circle" x="512" y="528" width="8" height="8"/>
    </entry>
    <entry id="139" name="cpd:C05406" type="compound"
        link="http://www.kegg.jp/dbget-bin/www_bget?C05406">
        <graphics name="C05406" fgcolor="#000000" bgcolor="#FFFFFF"
             type="circle" x="935" y="488" width="8" height="8"/>
    </entry>
    <entry id="140" name="cpd:C04575" type="compound"
        link="http://www.kegg.jp/dbget-bin/www_bget?C04575">
        <graphics name="C04575" fgcolor="#000000" bgcolor="#FFFFFF"
             type="circle" x="514" y="785" width="8" height="8"/>
    </entry>
    <entry id="141" name="cpd:C00259" type="compound"
        link="http://www.kegg.jp/dbget-bin/www_bget?C00259">
        <graphics name="C00259" fgcolor="#000000" bgcolor="#FFFFFF"
             type="circle" x="821" y="785" width="8" height="8"/>
    </entry>
    <entry id="142" name="cpd:C00684" type="compound"
        link="http://www.kegg.jp/dbget-bin/www_bget?C00684">
        <graphics name="C00684" fgcolor="#000000" bgcolor="#FFFFFF"
             type="circle" x="821" y="571" width="8" height="8"/>
    </entry>
    <entry id="143" name="cpd:C05411" type="compound"
        link="http://www.kegg.jp/dbget-bin/www_bget?C05411">
        <graphics name="C05411" fgcolor="#000000" bgcolor="#FFFFFF"
             type="circle" x="621" y="785" width="8" height="8"/>
    </entry>
    <entry id="144" name="cpd:C05412" type="compound"
        link="http://www.kegg.jp/dbget-bin/www_bget?C05412">
        <graphics name="C05412" fgcolor="#000000" bgcolor="#FFFFFF"
             type="circle" x="621" y="821" width="8" height="8"/>
    </entry>
    <entry id="145" name="cpd:C03826" type="compound"
        link="http://www.kegg.jp/dbget-bin/www_bget?C03826">
        <graphics name="C03826" fgcolor="#000000" bgcolor="#FFFFFF"
             type="circle" x="935" y="571" width="8" height="8"/>
    </entry>
    <entry id="146" name="cpd:C00545" type="compound"
        link="http://www.kegg.jp/dbget-bin/www_bget?C00545">
        <graphics name="C00545" fgcolor="#000000" bgcolor="#FFFFFF"
             type="circle" x="821" y="643" width="8" height="8"/>
    </entry>
    <entry id="147" name="cpd:C01620" type="compound"
        link="http://www.kegg.jp/dbget-bin/www_bget?C01620">
        <graphics name="C01620" fgcolor="#000000" bgcolor="#FFFFFF"
             type="circle" x="260" y="573" width="8" height="8"/>
    </entry>
    <entry id="148" name="cpd:C03064" type="compound"
        link="http://www.kegg.jp/dbget-bin/www_bget?C03064">
        <graphics name="C03064" fgcolor="#000000" bgcolor="#FFFFFF"
             type="circle" x="168" y="573" width="8" height="8"/>
    </entry>
    <entry id="149" name="cpd:C01114" type="compound"
        link="http://www.kegg.jp/dbget-bin/www_bget?C01114">
        <graphics name="C01114" fgcolor="#000000" bgcolor="#FFFFFF"
             type="circle" x="821" y="720" width="8" height="8"/>
    </entry>
    <entry id="150" name="cpd:C01115" type="compound"
        link="http://www.kegg.jp/dbget-bin/www_bget?C01115">
        <graphics name="C01115" fgcolor="#000000" bgcolor="#FFFFFF"
             type="circle" x="260" y="488" width="8" height="8"/>
    </entry>
    <entry id="151" name="cpd:C00618" type="compound"
        link="http://www.kegg.jp/dbget-bin/www_bget?C00618">
        <graphics name="C00618" fgcolor="#000000" bgcolor="#FFFFFF"
             type="circle" x="345" y="785" width="8" height="8"/>
    </entry>
    <entry id="161" name="hsa:10720 hsa:10941 hsa:54490 hsa:54575 hsa:54576 hsa:54577 hsa:54578 hsa:54579 hsa:54600 hsa:54657 hsa:54658 hsa:54659 hsa:574537 hsa:7363 hsa:7364 hsa:7365 hsa:7366 hsa:7367 hsa:79799" type="gene" reaction="rn:R08615"
        link="http://www.kegg.jp/dbget-bin/www_bget?hsa:10720+hsa:10941+hsa:54490+hsa:54575+hsa:54576+hsa:54577+hsa:54578+hsa:54579+hsa:54600+hsa:54657+hsa:54658+hsa:54659+hsa:574537+hsa:7363+hsa:7364+hsa:7365+hsa:7366+hsa:7367+hsa:79799">
        <graphics name="UGT2B11..." fgcolor="#000000" bgcolor="#BFFFBF"
             type="rectangle" x="460" y="292" width="46" height="17"/>
    </entry>
    <entry id="162" name="path:hsa00051" type="map"
        link="http://www.kegg.jp/dbget-bin/www_bget?hsa00051">
        <graphics name="Fructose and mannose metabolism" fgcolor="#000000" bgcolor="#FFFFFF"
             type="roundrectangle" x="202" y="153" width="155" height="34"/>
    </entry>
    <entry id="163" name="path:hsa00051" type="map"
        link="http://www.kegg.jp/dbget-bin/www_bget?hsa00051">
        <graphics name="Fructose and mannose metabolism" fgcolor="#000000" bgcolor="#FFFFFF"
             type="roundrectangle" x="513" y="73" width="155" height="34"/>
    </entry>
    <entry id="167" name="cpd:C15924" type="compound"
        link="http://www.kegg.jp/dbget-bin/www_bget?C15924">
        <graphics name="C15924" fgcolor="#000000" bgcolor="#FFFFFF"
             type="circle" x="348" y="344" width="8" height="8"/>
    </entry>
    <entry id="168" name="ko:K12447" type="ortholog" reaction="rn:R01381"
        link="http://www.kegg.jp/dbget-bin/www_bget?K12447">
        <graphics name="K12447" fgcolor="#000000" bgcolor="#FFFFFF"
             type="rectangle" x="537" y="236" width="46" height="17"/>
    </entry>
    <entry id="169" name="ko:K17744" type="ortholog" reaction="rn:R07675"
        link="http://www.kegg.jp/dbget-bin/www_bget?K17744">
        <graphics name="K17744" fgcolor="#000000" bgcolor="#FFFFFF"
             type="rectangle" x="285" y="452" width="46" height="17"/>
    </entry>
    <entry id="170" name="path:hsa00040" type="map"
        link="http://www.kegg.jp/dbget-bin/www_bget?hsa00040">
        <graphics name="Pentose and glucuronate interconversions" fgcolor="#000000" bgcolor="#FFFFFF"
             type="roundrectangle" x="160" y="238" width="131" height="34"/>
    </entry>
    <relation entry1="89" entry2="107" type="maplink">
        <subtype name="compound" value="141"/>
    </relation>
    <relation entry1="109" entry2="162" type="maplink">
        <subtype name="compound" value="77"/>
    </relation>
    <relation entry1="163" entry2="62" type="maplink">
        <subtype name="compound" value="69"/>
    </relation>
    <reaction id="59" name="rn:R01184" type="irreversible">
        <substrate id="66" name="cpd:C00137"/>
        <product id="123" name="cpd:C00191"/>
    </reaction>
    <reaction id="62" name="rn:R00286" type="irreversible">
        <substrate id="69" name="cpd:C00029"/>
        <product id="68" name="cpd:C00167"/>
    </reaction>
    <reaction id="104" name="rn:R02933" type="reversible">
        <substrate id="126" name="cpd:C01040"/>
        <product id="127" name="cpd:C00800"/>
    </reaction>
    <reaction id="114" name="rn:R02957" type="reversible">
        <substrate id="122" name="cpd:C02670"/>
        <product id="125" name="cpd:C00818"/>
    </reaction>
    <reaction id="161" name="rn:R08615" type="irreversible">
        <substrate id="68" name="cpd:C00167"/>
        <product id="123" name="cpd:C00191"/>
    </reaction>
</pathway>
