<?xml version="1.0"?>
<!DOCTYPE pathway SYSTEM "http://www.kegg.jp/kegg/xml/KGML_v0.7.1_.dtd">
<!-- Creation date: Apr 10, 2014 17:53:25 +0900 (GMT+09:00) -->
<pathway name="path:hsa00562" org="hsa" number="00562"
         title="Inositol phosphate metabolism"
         image="http://www.kegg.jp/kegg/pathway/hsa/hsa00562.png"
         link="http://www.kegg.jp/kegg-bin/show_pathway?hsa00562">
    <entry id="40" name="cpd:C11557" type="compound"
        link="http://www.kegg.jp/dbget-bin/www_bget?C11557">
        <graphics name="C11557" fgcolor="#000000" bgcolor="#FFFFFF"
             type="circle" x="426" y="95" width="8" height="8"/>
    </entry>
    <entry id="41" name="hsa:5305 hsa:79837 hsa:8396" type="gene" reaction="rn:R05803"
        link="http://www.kegg.jp/dbget-bin/www_bget?hsa:5305+hsa:79837+hsa:8396">
        <graphics name="PIP4K2A, PI5P4KA, PIP5K2A, PIP5KII-alpha, PIP5KIIA, PIPK..." fgcolor="#000000" bgcolor="#BFFFBF"
             type="rectangle" x="484" y="96" width="46" height="17"/>
    </entry>
    <entry id="42" name="cpd:C11555" type="compound"
        link="http://www.kegg.jp/dbget-bin/www_bget?C11555">
        <graphics name="C11555" fgcolor="#000000" bgcolor="#FFFFFF"
             type="circle" x="53" y="377" width="8" height="8"/>
    </entry>
    <entry id="43" name="hsa:3633 hsa:4952 hsa:56623 hsa:8867 hsa:8871" type="gene" reaction="rn:R04404"
        link="http://www.kegg.jp/dbget-bin/www_bget?hsa:3633+hsa:4952+hsa:56623+hsa:8867+hsa:8871">
        <graphics name="INPP5B, 5PTase..." fgcolor="#000000" bgcolor="#BFFFBF"
             type="rectangle" x="532" y="182" width="46" height="17"/>
    </entry>
    <entry id="44" name="hsa:253430" type="gene" reaction="rn:R05800"
        link="http://www.kegg.jp/dbget-bin/www_bget?hsa:253430">
        <graphics name="IPMK" fgcolor="#000000" bgcolor="#BFFFBF"
             type="rectangle" x="54" y="316" width="46" height="17"/>
    </entry>
    <entry id="45" name="hsa:253430" type="gene" reaction="rn:R05801"
        link="http://www.kegg.jp/dbget-bin/www_bget?hsa:253430">
        <graphics name="IPMK" fgcolor="#000000" bgcolor="#BFFFBF"
             type="rectangle" x="136" y="434" width="46" height="17"/>
    </entry>
    <entry id="46" name="hsa:5728" type="gene" reaction="rn:R04513"
        link="http://www.kegg.jp/dbget-bin/www_bget?hsa:5728">
        <graphics name="PTEN, 10q23del, BZS, CWS1, DEC, GLM2, MHAM, MMAC1, PTEN1, TEP1" fgcolor="#000000" bgcolor="#BFFFBF"
             type="rectangle" x="617" y="94" width="46" height="17"/>
    </entry>
    <entry id="47" name="hsa:9562" type="gene" reaction="rn:R03434"
        link="http://www.kegg.jp/dbget-bin/www_bget?hsa:9562">
        <graphics name="MINPP1, HIPER1, MINPP2, MIPP" fgcolor="#000000" bgcolor="#BFFFBF"
             type="rectangle" x="174" y="271" width="46" height="17"/>
    </entry>
    <entry id="48" name="hsa:27124 hsa:3632 hsa:51763" type="gene" reaction="rn:R03430"
        link="http://www.kegg.jp/dbget-bin/www_bget?hsa:27124+hsa:3632+hsa:51763">
        <graphics name="INPP5J, INPP5, PIB5PA, PIPP..." fgcolor="#000000" bgcolor="#BFFFBF"
             type="rectangle" x="174" y="304" width="46" height="17"/>
    </entry>
    <entry id="49" name="hsa:3706 hsa:3707 hsa:80271" type="gene" reaction="rn:R03433"
        link="http://www.kegg.jp/dbget-bin/www_bget?hsa:3706+hsa:3707+hsa:80271">
        <graphics name="ITPKA, IP3-3KA, IP3KA..." fgcolor="#000000" bgcolor="#BFFFBF"
             type="rectangle" x="174" y="238" width="46" height="17"/>
    </entry>
    <entry id="50" name="hsa:3705" type="gene" reaction="rn:R03428"
        link="http://www.kegg.jp/dbget-bin/www_bget?hsa:3705">
        <graphics name="ITPK1, ITRPK1" fgcolor="#000000" bgcolor="#BFFFBF"
             type="rectangle" x="174" y="336" width="46" height="17"/>
    </entry>
    <entry id="51" name="ko:K01083" type="ortholog" reaction="rn:R03371"
        link="http://www.kegg.jp/dbget-bin/www_bget?K01083">
        <graphics name="K01083" fgcolor="#000000" bgcolor="#FFFFFF"
             type="rectangle" x="168" y="541" width="46" height="17"/>
    </entry>
    <entry id="52" name="ko:K01093" type="ortholog" reaction="rn:R03372"
        link="http://www.kegg.jp/dbget-bin/www_bget?K01093">
        <graphics name="K01093" fgcolor="#000000" bgcolor="#FFFFFF"
             type="rectangle" x="108" y="541" width="46" height="17"/>
    </entry>
    <entry id="53" name="hsa:3705" type="gene" reaction="rn:R03429"
        link="http://www.kegg.jp/dbget-bin/www_bget?hsa:3705">
        <graphics name="ITPK1, ITRPK1" fgcolor="#000000" bgcolor="#BFFFBF"
             type="rectangle" x="233" y="348" width="46" height="17"/>
    </entry>
    <entry id="54" name="ko:K00915" type="ortholog" reaction="rn:R03478"
        link="http://www.kegg.jp/dbget-bin/www_bget?K00915">
        <graphics name="K00915" fgcolor="#000000" bgcolor="#FFFFFF"
             type="rectangle" x="233" y="403" width="46" height="17"/>
    </entry>
    <entry id="55" name="hsa:3705" type="gene" reaction="rn:R03479"
        link="http://www.kegg.jp/dbget-bin/www_bget?hsa:3705">
        <graphics name="ITPK1, ITRPK1" fgcolor="#000000" bgcolor="#BFFFBF"
             type="rectangle" x="234" y="472" width="46" height="17"/>
    </entry>
    <entry id="56" name="hsa:27124 hsa:3632 hsa:51763" type="gene" reaction="rn:R03394"
        link="http://www.kegg.jp/dbget-bin/www_bget?hsa:27124+hsa:3632+hsa:51763">
        <graphics name="INPP5J, INPP5, PIB5PA, PIPP..." fgcolor="#000000" bgcolor="#BFFFBF"
             type="rectangle" x="284" y="238" width="46" height="17"/>
    </entry>
    <entry id="57" name="hsa:3628" type="gene" reaction="rn:R03427"
        link="http://www.kegg.jp/dbget-bin/www_bget?hsa:3628">
        <graphics name="INPP1" fgcolor="#000000" bgcolor="#BFFFBF"
             type="rectangle" x="284" y="304" width="46" height="17"/>
    </entry>
    <entry id="58" name="hsa:3628" type="gene" reaction="rn:R03393"
        link="http://www.kegg.jp/dbget-bin/www_bget?hsa:3628">
        <graphics name="INPP1" fgcolor="#000000" bgcolor="#BFFFBF"
             type="rectangle" x="389" y="238" width="46" height="17"/>
    </entry>
    <entry id="59" name="hsa:3631 hsa:8821" type="gene" reaction="rn:R04372"
        link="http://www.kegg.jp/dbget-bin/www_bget?hsa:3631+hsa:8821">
        <graphics name="INPP4A, INPP4, TVAS1..." fgcolor="#000000" bgcolor="#BFFFBF"
             type="rectangle" x="389" y="304" width="46" height="17"/>
    </entry>
    <entry id="60" name="hsa:4534" type="gene" reaction="rn:R03330"
        link="http://www.kegg.jp/dbget-bin/www_bget?hsa:4534">
        <graphics name="MTM1, CNM, MTMX, XLMTM" fgcolor="#000000" bgcolor="#BFFFBF"
             type="rectangle" x="716" y="339" width="46" height="17"/>
    </entry>
    <entry id="61" name="path:hsa00562" type="map"
        link="http://www.kegg.jp/dbget-bin/www_bget?hsa00562">
        <graphics name="TITLE:Inositol phosphate metabolism" fgcolor="#000000" bgcolor="#FFFFFF"
             type="roundrectangle" x="176" y="58" width="272" height="25"/>
    </entry>
    <entry id="62" name="hsa:51477" type="gene" reaction="rn:R07324"
        link="http://www.kegg.jp/dbget-bin/www_bget?hsa:51477">
        <graphics name="ISYNA1, INO1, INOS, IPS, IPS_1, IPS-1" fgcolor="#000000" bgcolor="#BFFFBF"
             type="rectangle" x="403" y="264" width="46" height="17"/>
    </entry>
    <entry id="63" name="hsa:3612 hsa:3613 hsa:54928" type="gene" reaction="rn:R01186"
        link="http://www.kegg.jp/dbget-bin/www_bget?hsa:3612+hsa:3613+hsa:54928">
        <graphics name="IMPA1, IMP, IMPA..." fgcolor="#000000" bgcolor="#BFFFBF"
             type="rectangle" x="498" y="238" width="46" height="17"/>
    </entry>
    <entry id="64" name="hsa:3612 hsa:3613 hsa:54928" type="gene" reaction="rn:R01187"
        link="http://www.kegg.jp/dbget-bin/www_bget?hsa:3612+hsa:3613+hsa:54928">
        <graphics name="IMPA1, IMP, IMPA..." fgcolor="#000000" bgcolor="#BFFFBF"
             type="rectangle" x="498" y="304" width="46" height="17"/>
    </entry>
    <entry id="65" name="hsa:55586" type="gene" reaction="rn:R01184"
        link="http://www.kegg.jp/dbget-bin/www_bget?hsa:55586">
        <graphics name="MIOX, ALDRL6" fgcolor="#000000" bgcolor="#BFFFBF"
             type="rectangle" x="510" y="484" width="46" height="17"/>
    </entry>
    <entry id="67" name="hsa:5297 hsa:5298 hsa:55300 hsa:55361" type="gene" reaction="rn:R03361"
        link="http://www.kegg.jp/dbget-bin/www_bget?hsa:5297+hsa:5298+hsa:55300+hsa:55361">
        <graphics name="PI4KA, PI4K-ALPHA, PIK4CA, pi4K230..." fgcolor="#000000" bgcolor="#BFFFBF"
             type="rectangle" x="711" y="231" width="46" height="17"/>
    </entry>
    <entry id="68" name="ko:K01114 ko:K16619" type="ortholog" reaction="rn:R03332"
        link="http://www.kegg.jp/dbget-bin/www_bget?K01114+K16619">
        <graphics name="K01114..." fgcolor="#000000" bgcolor="#FFFFFF"
             type="rectangle" x="776" y="293" width="46" height="17"/>
    </entry>
    <entry id="69" name="hsa:138429 hsa:23396 hsa:8394 hsa:8395" type="gene" reaction="rn:R03469"
        link="http://www.kegg.jp/dbget-bin/www_bget?hsa:138429+hsa:23396+hsa:8394+hsa:8395">
        <graphics name="PIP5KL1, PIPKH, bA203J24.5..." fgcolor="#000000" bgcolor="#BFFFBF"
             type="rectangle" x="582" y="182" width="46" height="17"/>
    </entry>
    <entry id="70" name="hsa:5289" type="gene" reaction="rn:R03362"
        link="http://www.kegg.jp/dbget-bin/www_bget?hsa:5289">
        <graphics name="PIK3C3, VPS34, hVps34" fgcolor="#000000" bgcolor="#BFFFBF"
             type="rectangle" x="820" y="199" width="46" height="17"/>
    </entry>
    <entry id="71" name="hsa:4534" type="gene" reaction="rn:R03363"
        link="http://www.kegg.jp/dbget-bin/www_bget?hsa:4534">
        <graphics name="MTM1, CNM, MTMX, XLMTM" fgcolor="#000000" bgcolor="#BFFFBF"
             type="rectangle" x="870" y="199" width="46" height="17"/>
    </entry>
    <entry id="72" name="path:hsa00040" type="map"
        link="http://www.kegg.jp/dbget-bin/www_bget?hsa00040">
        <graphics name="Pentose and glucuronate interconversions" fgcolor="#000000" bgcolor="#FFFFFF"
             type="roundrectangle" x="461" y="544" width="136" height="34"/>
    </entry>
    <entry id="73" name="path:hsa00564" type="map"
        link="http://www.kegg.jp/dbget-bin/www_bget?hsa00564">
        <graphics name="Glycerophospholipid metabolism" fgcolor="#000000" bgcolor="#FFFFFF"
             type="roundrectangle" x="968" y="304" width="121" height="34"/>
    </entry>
    <entry id="74" name="hsa:3612 hsa:3613 hsa:54928" type="gene" reaction="rn:R01185"
        link="http://www.kegg.jp/dbget-bin/www_bget?hsa:3612+hsa:3613+hsa:54928">
        <graphics name="IMPA1, IMP, IMPA..." fgcolor="#000000" bgcolor="#BFFFBF"
             type="rectangle" x="617" y="294" width="46" height="17"/>
    </entry>
    <entry id="75" name="hsa:113026 hsa:23236 hsa:51196 hsa:5330 hsa:5331 hsa:5332 hsa:5333 hsa:5335 hsa:5336 hsa:84812 hsa:89869" type="gene" reaction="rn:R03435"
        link="http://www.kegg.jp/dbget-bin/www_bget?hsa:113026+hsa:23236+hsa:51196+hsa:5330+hsa:5331+hsa:5332+hsa:5333+hsa:5335+hsa:5336+hsa:84812+hsa:89869">
        <graphics name="PLCD3, PLC-delta-3..." fgcolor="#000000" bgcolor="#BFFFBF"
             type="rectangle" x="397" y="150" width="46" height="17"/>
    </entry>
    <entry id="76" name="ko:K01771" type="ortholog" reaction="rn:R03332"
        link="http://www.kegg.jp/dbget-bin/www_bget?K01771">
        <graphics name="K01771" fgcolor="#000000" bgcolor="#FFFFFF"
             type="rectangle" x="776" y="314" width="46" height="17"/>
    </entry>
    <entry id="79" name="hsa:64768" type="gene" reaction="rn:R05202"
        link="http://www.kegg.jp/dbget-bin/www_bget?hsa:64768">
        <graphics name="IPPK, C9orf12, INSP5K2, IP5K, IPK1, bA476B13.1" fgcolor="#000000" bgcolor="#BFFFBF"
             type="rectangle" x="168" y="473" width="46" height="17"/>
    </entry>
    <entry id="80" name="hsa:5290 hsa:5291 hsa:5293 hsa:5294" type="gene" reaction="rn:R04545"
        link="http://www.kegg.jp/dbget-bin/www_bget?hsa:5290+hsa:5291+hsa:5293+hsa:5294">
        <graphics name="PIK3CA, CLOVE, CWS5, MCAP, MCM, MCMTC, PI3K, p110-alpha..." fgcolor="#000000" bgcolor="#BFFFBF"
             type="rectangle" x="617" y="150" width="46" height="17"/>
    </entry>
    <entry id="81" name="ko:K00010" type="ortholog" reaction="rn:R01183"
        link="http://www.kegg.jp/dbget-bin/www_bget?K00010">
        <graphics name="K00010" fgcolor="#000000" bgcolor="#FFFFFF"
             type="rectangle" x="613" y="441" width="46" height="17"/>
    </entry>
    <entry id="82" name="ko:K03335" type="ortholog" reaction="rn:R02782"
        link="http://www.kegg.jp/dbget-bin/www_bget?K03335">
        <graphics name="K03335" fgcolor="#000000" bgcolor="#FFFFFF"
             type="rectangle" x="716" y="441" width="46" height="17"/>
    </entry>
    <entry id="83" name="cpd:C01272" type="compound"
        link="http://www.kegg.jp/dbget-bin/www_bget?C01272">
        <graphics name="C01272" fgcolor="#000000" bgcolor="#FFFFFF"
             type="circle" x="115" y="271" width="8" height="8"/>
    </entry>
    <entry id="84" name="cpd:C01204" type="compound"
        link="http://www.kegg.jp/dbget-bin/www_bget?C01204">
        <graphics name="C01204" fgcolor="#000000" bgcolor="#FFFFFF"
             type="circle" x="167" y="513" width="8" height="8"/>
    </entry>
    <entry id="85" name="cpd:C01245" type="compound"
        link="http://www.kegg.jp/dbget-bin/www_bget?C01245">
        <graphics name="C01245" fgcolor="#000000" bgcolor="#FFFFFF"
             type="circle" x="229" y="237" width="8" height="8"/>
    </entry>
    <entry id="86" name="cpd:C01243" type="compound"
        link="http://www.kegg.jp/dbget-bin/www_bget?C01243">
        <graphics name="C01243" fgcolor="#000000" bgcolor="#FFFFFF"
             type="circle" x="230" y="303" width="8" height="8"/>
    </entry>
    <entry id="87" name="cpd:C01284" type="compound"
        link="http://www.kegg.jp/dbget-bin/www_bget?C01284">
        <graphics name="C01284" fgcolor="#000000" bgcolor="#FFFFFF"
             type="circle" x="233" y="435" width="8" height="8"/>
    </entry>
    <entry id="88" name="cpd:C04520" type="compound"
        link="http://www.kegg.jp/dbget-bin/www_bget?C04520">
        <graphics name="C04520" fgcolor="#000000" bgcolor="#FFFFFF"
             type="circle" x="233" y="513" width="8" height="8"/>
    </entry>
    <entry id="89" name="cpd:C04563" type="compound"
        link="http://www.kegg.jp/dbget-bin/www_bget?C04563">
        <graphics name="C04563" fgcolor="#000000" bgcolor="#FFFFFF"
             type="circle" x="167" y="578" width="8" height="8"/>
    </entry>
    <entry id="90" name="cpd:C04477" type="compound"
        link="http://www.kegg.jp/dbget-bin/www_bget?C04477">
        <graphics name="C04477" fgcolor="#000000" bgcolor="#FFFFFF"
             type="circle" x="233" y="377" width="8" height="8"/>
    </entry>
    <entry id="91" name="cpd:C04579" type="compound"
        link="http://www.kegg.jp/dbget-bin/www_bget?C04579">
        <graphics name="C04579" fgcolor="#000000" bgcolor="#FFFFFF"
             type="circle" x="109" y="578" width="8" height="8"/>
    </entry>
    <entry id="92" name="cpd:C04063" type="compound"
        link="http://www.kegg.jp/dbget-bin/www_bget?C04063">
        <graphics name="C04063" fgcolor="#000000" bgcolor="#FFFFFF"
             type="circle" x="343" y="303" width="8" height="8"/>
    </entry>
    <entry id="93" name="cpd:C04062" type="compound"
        link="http://www.kegg.jp/dbget-bin/www_bget?C04062">
        <graphics name="C04062" fgcolor="#000000" bgcolor="#FFFFFF"
             type="circle" x="716" y="366" width="8" height="8"/>
    </entry>
    <entry id="94" name="cpd:C01220" type="compound"
        link="http://www.kegg.jp/dbget-bin/www_bget?C01220">
        <graphics name="C01220" fgcolor="#000000" bgcolor="#FFFFFF"
             type="circle" x="343" y="237" width="8" height="8"/>
    </entry>
    <entry id="95" name="cpd:C00092" type="compound"
        link="http://www.kegg.jp/dbget-bin/www_bget?C00092">
        <graphics name="C00092" fgcolor="#000000" bgcolor="#FFFFFF"
             type="circle" x="364" y="263" width="8" height="8"/>
    </entry>
    <entry id="96" name="cpd:C04006" type="compound"
        link="http://www.kegg.jp/dbget-bin/www_bget?C04006">
        <graphics name="C04006" fgcolor="#000000" bgcolor="#FFFFFF"
             type="circle" x="443" y="303" width="8" height="8"/>
    </entry>
    <entry id="97" name="cpd:C03546" type="compound"
        link="http://www.kegg.jp/dbget-bin/www_bget?C03546">
        <graphics name="C03546" fgcolor="#000000" bgcolor="#FFFFFF"
             type="circle" x="443" y="237" width="8" height="8"/>
    </entry>
    <entry id="98" name="cpd:C00191" type="compound"
        link="http://www.kegg.jp/dbget-bin/www_bget?C00191">
        <graphics name="C00191" fgcolor="#000000" bgcolor="#FFFFFF"
             type="circle" x="459" y="483" width="8" height="8"/>
    </entry>
    <entry id="99" name="cpd:C01177" type="compound"
        link="http://www.kegg.jp/dbget-bin/www_bget?C01177">
        <graphics name="C01177" fgcolor="#000000" bgcolor="#FFFFFF"
             type="circle" x="716" y="303" width="8" height="8"/>
    </entry>
    <entry id="100" name="cpd:C04549" type="compound"
        link="http://www.kegg.jp/dbget-bin/www_bget?C04549">
        <graphics name="C04549" fgcolor="#000000" bgcolor="#FFFFFF"
             type="circle" x="845" y="155" width="8" height="8"/>
    </entry>
    <entry id="101" name="cpd:C04637" type="compound"
        link="http://www.kegg.jp/dbget-bin/www_bget?C04637">
        <graphics name="C04637" fgcolor="#000000" bgcolor="#FFFFFF"
             type="circle" x="557" y="149" width="8" height="8"/>
    </entry>
    <entry id="102" name="cpd:C01277" type="compound"
        link="http://www.kegg.jp/dbget-bin/www_bget?C01277">
        <graphics name="C01277" fgcolor="#000000" bgcolor="#FFFFFF"
             type="circle" x="557" y="225" width="8" height="8"/>
    </entry>
    <entry id="103" name="cpd:C05981" type="compound"
        link="http://www.kegg.jp/dbget-bin/www_bget?C05981">
        <graphics name="C05981" fgcolor="#000000" bgcolor="#FFFFFF"
             type="circle" x="679" y="95" width="8" height="8"/>
    </entry>
    <entry id="104" name="cpd:C01194" type="compound"
        link="http://www.kegg.jp/dbget-bin/www_bget?C01194">
        <graphics name="C01194" fgcolor="#000000" bgcolor="#FFFFFF"
             type="circle" x="845" y="304" width="8" height="8"/>
    </entry>
    <entry id="105" name="cpd:C00641" type="compound"
        link="http://www.kegg.jp/dbget-bin/www_bget?C00641">
        <graphics name="C00641" fgcolor="#000000" bgcolor="#FFFFFF"
             type="circle" x="342" y="181" width="8" height="8"/>
    </entry>
    <entry id="106" name="cpd:C03659" type="compound"
        link="http://www.kegg.jp/dbget-bin/www_bget?C03659">
        <graphics name="C03659" fgcolor="#000000" bgcolor="#FFFFFF"
             type="circle" x="647" y="398" width="8" height="8"/>
    </entry>
    <entry id="107" name="cpd:C03660" type="compound"
        link="http://www.kegg.jp/dbget-bin/www_bget?C03660">
        <graphics name="C03660" fgcolor="#000000" bgcolor="#FFFFFF"
             type="circle" x="647" y="354" width="8" height="8"/>
    </entry>
    <entry id="108" name="cpd:C00691" type="compound"
        link="http://www.kegg.jp/dbget-bin/www_bget?C00691">
        <graphics name="C00691" fgcolor="#000000" bgcolor="#FFFFFF"
             type="circle" x="666" y="440" width="8" height="8"/>
    </entry>
    <entry id="109" name="cpd:C04287" type="compound"
        link="http://www.kegg.jp/dbget-bin/www_bget?C04287">
        <graphics name="C04287" fgcolor="#000000" bgcolor="#FFFFFF"
             type="circle" x="764" y="440" width="8" height="8"/>
    </entry>
    <entry id="112" name="cpd:C16737" type="compound"
        link="http://www.kegg.jp/dbget-bin/www_bget?C16737">
        <graphics name="C16737" fgcolor="#000000" bgcolor="#FFFFFF"
             type="circle" x="856" y="440" width="8" height="8"/>
    </entry>
    <entry id="113" name="cpd:C06892" type="compound"
        link="http://www.kegg.jp/dbget-bin/www_bget?C06892">
        <graphics name="C06892" fgcolor="#000000" bgcolor="#FFFFFF"
             type="circle" x="952" y="440" width="8" height="8"/>
    </entry>
    <entry id="115" name="ko:K03336" type="ortholog" reaction="rn:R08603"
        link="http://www.kegg.jp/dbget-bin/www_bget?K03336">
        <graphics name="K03336" fgcolor="#000000" bgcolor="#FFFFFF"
             type="rectangle" x="805" y="441" width="46" height="17"/>
    </entry>
    <entry id="116" name="ko:K03337" type="ortholog" reaction="rn:R08503"
        link="http://www.kegg.jp/dbget-bin/www_bget?K03337">
        <graphics name="K03337" fgcolor="#000000" bgcolor="#FFFFFF"
             type="rectangle" x="901" y="441" width="46" height="17"/>
    </entry>
    <entry id="118" name="ko:K03338" type="ortholog" reaction="rn:R05661"
        link="http://www.kegg.jp/dbget-bin/www_bget?K03338">
        <graphics name="K03338" fgcolor="#000000" bgcolor="#FFFFFF"
             type="rectangle" x="992" y="441" width="46" height="17"/>
    </entry>
    <entry id="119" name="cpd:C06893" type="compound"
        link="http://www.kegg.jp/dbget-bin/www_bget?C06893">
        <graphics name="C06893" fgcolor="#000000" bgcolor="#FFFFFF"
             type="circle" x="1046" y="440" width="8" height="8"/>
    </entry>
    <entry id="120" name="cpd:C00222" type="compound"
        link="http://www.kegg.jp/dbget-bin/www_bget?C00222">
        <graphics name="C00222" fgcolor="#000000" bgcolor="#FFFFFF"
             type="circle" x="985" y="510" width="8" height="8"/>
    </entry>
    <entry id="121" name="cpd:C00024" type="compound"
        link="http://www.kegg.jp/dbget-bin/www_bget?C00024">
        <graphics name="C00024" fgcolor="#000000" bgcolor="#FFFFFF"
             type="circle" x="889" y="510" width="8" height="8"/>
    </entry>
    <entry id="122" name="cpd:C00111" type="compound"
        link="http://www.kegg.jp/dbget-bin/www_bget?C00111">
        <graphics name="C00111" fgcolor="#000000" bgcolor="#FFFFFF"
             type="circle" x="985" y="557" width="8" height="8"/>
    </entry>
    <entry id="123" name="cpd:C00118" type="compound"
        link="http://www.kegg.jp/dbget-bin/www_bget?C00118">
        <graphics name="C00118" fgcolor="#000000" bgcolor="#FFFFFF"
             type="circle" x="889" y="557" width="8" height="8"/>
    </entry>
    <entry id="128" name="ko:K03339" type="ortholog" reaction="rn:R05378"
        link="http://www.kegg.jp/dbget-bin/www_bget?K03339">
        <graphics name="K03339" fgcolor="#000000" bgcolor="#FFFFFF"
             type="rectangle" x="1047" y="473" width="46" height="17"/>
    </entry>
    <entry id="129" name="hsa:4329" type="gene" reaction="rn:R00705 rn:R00706"
        link="http://www.kegg.jp/dbget-bin/www_bget?hsa:4329">
        <graphics name="ALDH6A1, MMSADHA, MMSDH" fgcolor="#000000" bgcolor="#BFFFBF"
             type="rectangle" x="944" y="511" width="46" height="17"/>
    </entry>
    <entry id="130" name="hsa:7167" type="gene" reaction="rn:R01015"
        link="http://www.kegg.jp/dbget-bin/www_bget?hsa:7167">
        <graphics name="TPI1, HEL-S-49, TIM, TPI, TPID" fgcolor="#000000" bgcolor="#BFFFBF"
             type="rectangle" x="944" y="558" width="46" height="17"/>
    </entry>
    <entry id="131" name="path:hsa00010" type="map"
        link="http://www.kegg.jp/dbget-bin/www_bget?hsa00010">
        <graphics name="Glycolysis / Gluconeogenesis" fgcolor="#000000" bgcolor="#FFFFFF"
             type="roundrectangle" x="796" y="558" width="97" height="34"/>
    </entry>
    <entry id="133" name="cpd:C11556" type="compound"
        link="http://www.kegg.jp/dbget-bin/www_bget?C11556">
        <graphics name="C11556" fgcolor="#000000" bgcolor="#FFFFFF"
             type="circle" x="845" y="95" width="8" height="8"/>
    </entry>
    <entry id="134" name="hsa:200576" type="gene" reaction="rn:R05802"
        link="http://www.kegg.jp/dbget-bin/www_bget?hsa:200576">
        <graphics name="PIKFYVE, CFD, FAB1, HEL37, PIP5K, PIP5K3, ZFYVE29" fgcolor="#000000" bgcolor="#BFFFBF"
             type="rectangle" x="846" y="127" width="46" height="17"/>
    </entry>
    <entry id="136" name="hsa:10423" type="gene" reaction="rn:R01802"
        link="http://www.kegg.jp/dbget-bin/www_bget?hsa:10423">
        <graphics name="CDIPT, PIS, PIS1" fgcolor="#000000" bgcolor="#BFFFBF"
             type="rectangle" x="712" y="263" width="46" height="17"/>
    </entry>
    <entry id="137" name="cpd:C11554" type="compound"
        link="http://www.kegg.jp/dbget-bin/www_bget?C11554">
        <graphics name="C11554" fgcolor="#000000" bgcolor="#FFFFFF"
             type="circle" x="679" y="155" width="8" height="8"/>
    </entry>
    <entry id="139" name="hsa:3631 hsa:8821" type="gene" reaction="rn:R07299"
        link="http://www.kegg.jp/dbget-bin/www_bget?hsa:3631+hsa:8821">
        <graphics name="INPP4A, INPP4, TVAS1..." fgcolor="#000000" bgcolor="#BFFFBF"
             type="rectangle" x="765" y="156" width="46" height="17"/>
    </entry>
    <entry id="141" name="hsa:5286 hsa:5287 hsa:5288" type="gene" reaction="rn:R05795"
        link="http://www.kegg.jp/dbget-bin/www_bget?hsa:5286+hsa:5287+hsa:5288">
        <graphics name="PIK3C2A, CPK, PI3-K-C2(ALPHA), PI3-K-C2A..." fgcolor="#000000" bgcolor="#BFFFBF"
             type="rectangle" x="617" y="216" width="46" height="17"/>
    </entry>
    <entry id="143" name="hsa:3635 hsa:3636" type="gene" reaction="rn:R09827"
        link="http://www.kegg.jp/dbget-bin/www_bget?hsa:3635+hsa:3636">
        <graphics name="INPP5D, SHIP, SHIP-1, SHIP1, SIP-145, hp51CN, p150Ship..." fgcolor="#000000" bgcolor="#BFFFBF"
             type="rectangle" x="679" y="123" width="46" height="17"/>
    </entry>
    <entry id="144" name="path:hsa00020" type="map"
        link="http://www.kegg.jp/dbget-bin/www_bget?hsa00020">
        <graphics name="Citrate cycle (TCA cycle)" fgcolor="#000000" bgcolor="#FFFFFF"
             type="roundrectangle" x="810" y="511" width="68" height="25"/>
    </entry>
    <entry id="146" name="cpd:C20251" type="compound"
        link="http://www.kegg.jp/dbget-bin/www_bget?C20251">
        <graphics name="C20251" fgcolor="#000000" bgcolor="#FFFFFF"
             type="circle" x="666" y="555" width="8" height="8"/>
    </entry>
    <entry id="148" name="cpd:C00137" type="compound"
        link="http://www.kegg.jp/dbget-bin/www_bget?C00137">
        <graphics name="C00137" fgcolor="#000000" bgcolor="#FFFFFF"
             type="circle" x="558" y="303" width="8" height="8"/>
    </entry>
    <entry id="149" name="ko:K06606" type="ortholog" reaction="rn:R09952"
        link="http://www.kegg.jp/dbget-bin/www_bget?K06606">
        <graphics name="K06606" fgcolor="#000000" bgcolor="#FFFFFF"
             type="rectangle" x="666" y="509" width="46" height="17"/>
    </entry>
    <entry id="150" name="ko:K00010" type="ortholog" reaction="rn:R09951"
        link="http://www.kegg.jp/dbget-bin/www_bget?K00010">
        <graphics name="K00010" fgcolor="#000000" bgcolor="#FFFFFF"
             type="rectangle" x="613" y="556" width="46" height="17"/>
    </entry>
    <entry id="151" name="cpd:C19891" type="compound"
        link="http://www.kegg.jp/dbget-bin/www_bget?C19891">
        <graphics name="C19891" fgcolor="#000000" bgcolor="#FFFFFF"
             type="circle" x="558" y="555" width="8" height="8"/>
    </entry>
    <entry id="152" name="cpd:C06153" type="compound"
        link="http://www.kegg.jp/dbget-bin/www_bget?C06153">
        <graphics name="C06153" fgcolor="#000000" bgcolor="#FFFFFF"
             type="circle" x="558" y="490" width="8" height="8"/>
    </entry>
    <entry id="154" name="ko:K16043" type="ortholog" reaction="rn:R09953"
        link="http://www.kegg.jp/dbget-bin/www_bget?K16043">
        <graphics name="K16043" fgcolor="#000000" bgcolor="#FFFFFF"
             type="rectangle" x="613" y="480" width="46" height="17"/>
    </entry>
    <entry id="155" name="ko:K16044" type="ortholog" reaction="rn:R09954"
        link="http://www.kegg.jp/dbget-bin/www_bget?K16044">
        <graphics name="K16044" fgcolor="#000000" bgcolor="#FFFFFF"
             type="rectangle" x="613" y="501" width="46" height="17"/>
    </entry>
    <entry id="156" name="ko:K07281" type="ortholog" reaction="rn:R09669"
        link="http://www.kegg.jp/dbget-bin/www_bget?K07281">
        <graphics name="K07281" fgcolor="#000000" bgcolor="#FFFFFF"
             type="rectangle" x="443" y="348" width="46" height="17"/>
    </entry>
    <entry id="157" name="cpd:C19794" type="compound"
        link="http://www.kegg.jp/dbget-bin/www_bget?C19794">
        <graphics name="C19794" fgcolor="#000000" bgcolor="#FFFFFF"
             type="circle" x="443" y="377" width="8" height="8"/>
    </entry>
    <entry id="159" name="ko:K07291" type="ortholog" reaction="rn:R09670"
        link="http://www.kegg.jp/dbget-bin/www_bget?K07291">
        <graphics name="K07291" fgcolor="#000000" bgcolor="#FFFFFF"
             type="rectangle" x="443" y="409" width="46" height="17"/>
    </entry>
    <entry id="160" name="cpd:C19799" type="compound"
        link="http://www.kegg.jp/dbget-bin/www_bget?C19799">
        <graphics name="C19799" fgcolor="#000000" bgcolor="#FFFFFF"
             type="circle" x="443" y="439" width="8" height="8"/>
    </entry>
    <relation entry1="75" entry2="41" type="ECrel">
        <subtype name="compound" value="101"/>
    </relation>
    <relation entry1="75" entry2="46" type="ECrel">
        <subtype name="compound" value="101"/>
    </relation>
    <relation entry1="75" entry2="80" type="ECrel">
        <subtype name="compound" value="101"/>
    </relation>
    <relation entry1="75" entry2="69" type="ECrel">
        <subtype name="compound" value="101"/>
    </relation>
    <relation entry1="75" entry2="43" type="ECrel">
        <subtype name="compound" value="101"/>
    </relation>
    <relation entry1="41" entry2="46" type="ECrel">
        <subtype name="compound" value="101"/>
    </relation>
    <relation entry1="41" entry2="80" type="ECrel">
        <subtype name="compound" value="101"/>
    </relation>
    <relation entry1="41" entry2="69" type="ECrel">
        <subtype name="compound" value="101"/>
    </relation>
    <relation entry1="41" entry2="43" type="ECrel">
        <subtype name="compound" value="101"/>
    </relation>
    <relation entry1="46" entry2="69" type="ECrel">
        <subtype name="compound" value="101"/>
    </relation>
    <relation entry1="46" entry2="43" type="ECrel">
        <subtype name="compound" value="101"/>
    </relation>
    <relation entry1="80" entry2="69" type="ECrel">
        <subtype name="compound" value="101"/>
    </relation>
    <relation entry1="80" entry2="43" type="ECrel">
        <subtype name="compound" value="101"/>
    </relation>
    <relation entry1="141" entry2="139" type="ECrel">
        <subtype name="compound" value="137"/>
    </relation>
    <relation entry1="134" entry2="139" type="ECrel">
        <subtype name="compound" value="100"/>
    </relation>
    <relation entry1="134" entry2="71" type="ECrel">
        <subtype name="compound" value="100"/>
    </relation>
    <relation entry1="71" entry2="139" type="ECrel">
        <subtype name="compound" value="100"/>
    </relation>
    <relation entry1="134" entry2="70" type="ECrel">
        <subtype name="compound" value="100"/>
    </relation>
    <relation entry1="139" entry2="70" type="ECrel">
        <subtype name="compound" value="100"/>
    </relation>
    <relation entry1="71" entry2="67" type="ECrel">
        <subtype name="compound" value="104"/>
    </relation>
    <relation entry1="136" entry2="67" type="ECrel">
        <subtype name="compound" value="104"/>
    </relation>
    <relation entry1="136" entry2="71" type="ECrel">
        <subtype name="compound" value="104"/>
    </relation>
    <relation entry1="70" entry2="67" type="ECrel">
        <subtype name="compound" value="104"/>
    </relation>
    <relation entry1="70" entry2="136" type="ECrel">
        <subtype name="compound" value="104"/>
    </relation>
    <relation entry1="74" entry2="60" type="ECrel">
        <subtype name="compound" value="99"/>
    </relation>
    <relation entry1="73" entry2="136" type="maplink">
        <subtype name="compound" value="104"/>
    </relation>
    <relation entry1="73" entry2="67" type="maplink">
        <subtype name="compound" value="104"/>
    </relation>
    <relation entry1="73" entry2="70" type="maplink">
        <subtype name="compound" value="104"/>
    </relation>
    <relation entry1="73" entry2="71" type="maplink">
        <subtype name="compound" value="104"/>
    </relation>
    <relation entry1="64" entry2="59" type="ECrel">
        <subtype name="compound" value="96"/>
    </relation>
    <relation entry1="64" entry2="62" type="ECrel">
        <subtype name="compound" value="96"/>
    </relation>
    <relation entry1="59" entry2="62" type="ECrel">
        <subtype name="compound" value="96"/>
    </relation>
    <relation entry1="59" entry2="57" type="ECrel">
        <subtype name="compound" value="92"/>
    </relation>
    <relation entry1="63" entry2="58" type="ECrel">
        <subtype name="compound" value="97"/>
    </relation>
    <relation entry1="58" entry2="56" type="ECrel">
        <subtype name="compound" value="94"/>
    </relation>
    <relation entry1="63" entry2="65" type="ECrel">
        <subtype name="compound" value="148"/>
    </relation>
    <relation entry1="74" entry2="65" type="ECrel">
        <subtype name="compound" value="148"/>
    </relation>
    <relation entry1="64" entry2="65" type="ECrel">
        <subtype name="compound" value="148"/>
    </relation>
    <relation entry1="75" entry2="56" type="ECrel">
        <subtype name="compound" value="85"/>
    </relation>
    <relation entry1="75" entry2="47" type="ECrel">
        <subtype name="compound" value="85"/>
    </relation>
    <relation entry1="75" entry2="49" type="ECrel">
        <subtype name="compound" value="85"/>
    </relation>
    <relation entry1="56" entry2="47" type="ECrel">
        <subtype name="compound" value="85"/>
    </relation>
    <relation entry1="56" entry2="49" type="ECrel">
        <subtype name="compound" value="85"/>
    </relation>
    <relation entry1="49" entry2="48" type="ECrel">
        <subtype name="compound" value="83"/>
    </relation>
    <relation entry1="49" entry2="50" type="ECrel">
        <subtype name="compound" value="83"/>
    </relation>
    <relation entry1="47" entry2="48" type="ECrel">
        <subtype name="compound" value="83"/>
    </relation>
    <relation entry1="47" entry2="50" type="ECrel">
        <subtype name="compound" value="83"/>
    </relation>
    <relation entry1="48" entry2="53" type="ECrel">
        <subtype name="compound" value="86"/>
    </relation>
    <relation entry1="48" entry2="57" type="ECrel">
        <subtype name="compound" value="86"/>
    </relation>
    <relation entry1="50" entry2="53" type="ECrel">
        <subtype name="compound" value="86"/>
    </relation>
    <relation entry1="50" entry2="57" type="ECrel">
        <subtype name="compound" value="86"/>
    </relation>
    <relation entry1="53" entry2="57" type="ECrel">
        <subtype name="compound" value="86"/>
    </relation>
    <relation entry1="45" entry2="79" type="ECrel">
        <subtype name="compound" value="87"/>
    </relation>
    <relation entry1="45" entry2="55" type="ECrel">
        <subtype name="compound" value="87"/>
    </relation>
    <relation entry1="79" entry2="55" type="ECrel">
        <subtype name="compound" value="87"/>
    </relation>
    <relation entry1="44" entry2="49" type="ECrel">
        <subtype name="compound" value="85"/>
    </relation>
    <relation entry1="44" entry2="47" type="ECrel">
        <subtype name="compound" value="85"/>
    </relation>
    <relation entry1="44" entry2="56" type="ECrel">
        <subtype name="compound" value="85"/>
    </relation>
    <relation entry1="44" entry2="75" type="ECrel">
        <subtype name="compound" value="85"/>
    </relation>
    <relation entry1="65" entry2="72" type="maplink">
        <subtype name="compound" value="98"/>
    </relation>
    <relation entry1="130" entry2="131" type="maplink">
        <subtype name="compound" value="123"/>
    </relation>
    <relation entry1="46" entry2="143" type="ECrel">
        <subtype name="compound" value="103"/>
    </relation>
    <relation entry1="80" entry2="143" type="ECrel">
        <subtype name="compound" value="103"/>
    </relation>
    <relation entry1="143" entry2="141" type="ECrel">
        <subtype name="compound" value="137"/>
    </relation>
    <relation entry1="143" entry2="139" type="ECrel">
        <subtype name="compound" value="137"/>
    </relation>
    <relation entry1="43" entry2="141" type="ECrel">
        <subtype name="compound" value="102"/>
    </relation>
    <relation entry1="43" entry2="67" type="ECrel">
        <subtype name="compound" value="102"/>
    </relation>
    <relation entry1="69" entry2="141" type="ECrel">
        <subtype name="compound" value="102"/>
    </relation>
    <relation entry1="69" entry2="67" type="ECrel">
        <subtype name="compound" value="102"/>
    </relation>
    <relation entry1="141" entry2="67" type="ECrel">
        <subtype name="compound" value="102"/>
    </relation>
    <relation entry1="144" entry2="129" type="maplink">
        <subtype name="compound" value="121"/>
    </relation>
    <relation entry1="74" entry2="64" type="ECrel">
        <subtype name="compound" value="148"/>
    </relation>
    <relation entry1="74" entry2="63" type="ECrel">
        <subtype name="compound" value="148"/>
    </relation>
    <relation entry1="74" entry2="136" type="ECrel">
        <subtype name="compound" value="148"/>
    </relation>
    <relation entry1="65" entry2="136" type="ECrel">
        <subtype name="compound" value="148"/>
    </relation>
    <relation entry1="64" entry2="136" type="ECrel">
        <subtype name="compound" value="148"/>
    </relation>
    <relation entry1="63" entry2="136" type="ECrel">
        <subtype name="compound" value="148"/>
    </relation>
    <relation entry1="45" entry2="44" type="ECrel">
        <subtype name="compound" value="42"/>
    </relation>
    <reaction id="41" name="rn:R05803" type="irreversible">
        <substrate id="40" name="cpd:C11557"/>
        <product id="101" name="cpd:C04637"/>
    </reaction>
    <reaction id="43" name="rn:R04404" type="irreversible">
        <substrate id="101" name="cpd:C04637"/>
        <product id="102" name="cpd:C01277"/>
    </reaction>
    <reaction id="44" name="rn:R05800" type="irreversible">
        <substrate id="85" name="cpd:C01245"/>
        <product id="42" name="cpd:C11555"/>
    </reaction>
    <reaction id="45" name="rn:R05801" type="irreversible">
        <substrate id="42" name="cpd:C11555"/>
        <product id="87" name="cpd:C01284"/>
    </reaction>
    <reaction id="46" name="rn:R04513" type="irreversible">
        <substrate id="103" name="cpd:C05981"/>
        <product id="101" name="cpd:C04637"/>
    </reaction>
    <reaction id="47" name="rn:R03434" type="irreversible">
        <substrate id="83" name="cpd:C01272"/>
        <product id="85" name="cpd:C01245"/>
    </reaction>
    <reaction id="48" name="rn:R03430" type="irreversible">
        <substrate id="83" name="cpd:C01272"/>
        <product id="86" name="cpd:C01243"/>
    </reaction>
    <reaction id="49" name="rn:R03433" type="irreversible">
        <substrate id="85" name="cpd:C01245"/>
        <product id="83" name="cpd:C01272"/>
    </reaction>
    <reaction id="50" name="rn:R03428" type="irreversible">
        <substrate id="86" name="cpd:C01243"/>
        <product id="83" name="cpd:C01272"/>
    </reaction>
    <reaction id="53" name="rn:R03429" type="irreversible">
        <substrate id="86" name="cpd:C01243"/>
        <product id="90" name="cpd:C04477"/>
    </reaction>
    <reaction id="55" name="rn:R03479" type="reversible">
        <substrate id="88" name="cpd:C04520"/>
        <product id="87" name="cpd:C01284"/>
    </reaction>
    <reaction id="56" name="rn:R03394" type="irreversible">
        <substrate id="85" name="cpd:C01245"/>
        <product id="94" name="cpd:C01220"/>
    </reaction>
    <reaction id="57" name="rn:R03427" type="irreversible">
        <substrate id="86" name="cpd:C01243"/>
        <product id="92" name="cpd:C04063"/>
    </reaction>
    <reaction id="58" name="rn:R03393" type="irreversible">
        <substrate id="94" name="cpd:C01220"/>
        <product id="97" name="cpd:C03546"/>
    </reaction>
    <reaction id="59" name="rn:R04372" type="irreversible">
        <substrate id="92" name="cpd:C04063"/>
        <product id="96" name="cpd:C04006"/>
    </reaction>
    <reaction id="60" name="rn:R03330" type="irreversible">
        <substrate id="93" name="cpd:C04062"/>
        <product id="99" name="cpd:C01177"/>
    </reaction>
    <reaction id="62" name="rn:R07324" type="irreversible">
        <substrate id="95" name="cpd:C00092"/>
        <product id="96" name="cpd:C04006"/>
    </reaction>
    <reaction id="63" name="rn:R01186" type="irreversible">
        <substrate id="97" name="cpd:C03546"/>
        <product id="148" name="cpd:C00137"/>
    </reaction>
    <reaction id="64" name="rn:R01187" type="irreversible">
        <substrate id="96" name="cpd:C04006"/>
        <product id="148" name="cpd:C00137"/>
    </reaction>
    <reaction id="65" name="rn:R01184" type="irreversible">
        <substrate id="148" name="cpd:C00137"/>
        <product id="98" name="cpd:C00191"/>
    </reaction>
    <reaction id="67" name="rn:R03361" type="irreversible">
        <substrate id="104" name="cpd:C01194"/>
        <product id="102" name="cpd:C01277"/>
    </reaction>
    <reaction id="69" name="rn:R03469" type="irreversible">
        <substrate id="102" name="cpd:C01277"/>
        <product id="101" name="cpd:C04637"/>
    </reaction>
    <reaction id="70" name="rn:R03362" type="irreversible">
        <substrate id="104" name="cpd:C01194"/>
        <product id="100" name="cpd:C04549"/>
    </reaction>
    <reaction id="71" name="rn:R03363" type="irreversible">
        <substrate id="104" name="cpd:C01194"/>
        <product id="100" name="cpd:C04549"/>
    </reaction>
    <reaction id="74" name="rn:R01185" type="irreversible">
        <substrate id="99" name="cpd:C01177"/>
        <product id="148" name="cpd:C00137"/>
    </reaction>
    <reaction id="75" name="rn:R03435" type="irreversible">
        <substrate id="101" name="cpd:C04637"/>
        <product id="105" name="cpd:C00641"/>
        <product id="85" name="cpd:C01245"/>
    </reaction>
    <reaction id="79" name="rn:R05202" type="irreversible">
        <substrate id="87" name="cpd:C01284"/>
        <product id="84" name="cpd:C01204"/>
    </reaction>
    <reaction id="80" name="rn:R04545" type="irreversible">
        <substrate id="101" name="cpd:C04637"/>
        <product id="103" name="cpd:C05981"/>
    </reaction>
    <reaction id="129" name="rn:R00705 rn:R00706" type="irreversible">
        <substrate id="120" name="cpd:C00222"/>
        <product id="121" name="cpd:C00024"/>
    </reaction>
    <reaction id="130" name="rn:R01015" type="irreversible">
        <substrate id="122" name="cpd:C00111"/>
        <product id="123" name="cpd:C00118"/>
    </reaction>
    <reaction id="134" name="rn:R05802" type="irreversible">
        <substrate id="100" name="cpd:C04549"/>
        <product id="133" name="cpd:C11556"/>
    </reaction>
    <reaction id="136" name="rn:R01802" type="irreversible">
        <substrate id="148" name="cpd:C00137"/>
        <product id="104" name="cpd:C01194"/>
    </reaction>
    <reaction id="139" name="rn:R07299" type="irreversible">
        <substrate id="137" name="cpd:C11554"/>
        <product id="100" name="cpd:C04549"/>
    </reaction>
    <reaction id="141" name="rn:R05795" type="irreversible">
        <substrate id="102" name="cpd:C01277"/>
        <product id="137" name="cpd:C11554"/>
    </reaction>
    <reaction id="143" name="rn:R09827" type="irreversible">
        <substrate id="103" name="cpd:C05981"/>
        <product id="137" name="cpd:C11554"/>
    </reaction>
</pathway>
