<?xml version="1.0"?>
<!DOCTYPE pathway SYSTEM "http://www.kegg.jp/kegg/xml/KGML_v0.7.1_.dtd">
<!-- Creation date: Nov 12, 2013 16:10:12 +0900 (GMT+09:00) -->
<pathway name="path:hsa00830" org="hsa" number="00830"
         title="Retinol metabolism"
         image="http://www.kegg.jp/kegg/pathway/hsa/hsa00830.png"
         link="http://www.kegg.jp/kegg-bin/show_pathway?hsa00830">
    <entry id="3" name="cpd:C05917" type="compound"
        link="http://www.kegg.jp/dbget-bin/www_bget?C05917">
        <graphics name="C05917" fgcolor="#000000" bgcolor="#FFFFFF"
             type="circle" x="359" y="373" width="8" height="8"/>
    </entry>
    <entry id="4" name="path:hsa00830" type="map"
        link="http://www.kegg.jp/dbget-bin/www_bget?hsa00830">
        <graphics name="TITLE:Retinol metabolism" fgcolor="#000000" bgcolor="#FFFFFF"
             type="roundrectangle" x="176" y="58" width="271" height="25"/>
    </entry>
    <entry id="5" name="cpd:C00473" type="compound"
        link="http://www.kegg.jp/dbget-bin/www_bget?C00473">
        <graphics name="C00473" fgcolor="#000000" bgcolor="#FFFFFF"
             type="circle" x="198" y="272" width="8" height="8"/>
    </entry>
    <entry id="7" name="hsa:124 hsa:125 hsa:126 hsa:127 hsa:128 hsa:130 hsa:131" type="gene" reaction="rn:R02124"
        link="http://www.kegg.jp/dbget-bin/www_bget?hsa:124+hsa:125+hsa:126+hsa:127+hsa:128+hsa:130+hsa:131">
        <graphics name="ADH1A, ADH1..." fgcolor="#000000" bgcolor="#BFFFBF"
             type="rectangle" x="252" y="259" width="46" height="17"/>
    </entry>
    <entry id="8" name="cpd:C00376" type="compound"
        link="http://www.kegg.jp/dbget-bin/www_bget?C00376">
        <graphics name="C00376" fgcolor="#000000" bgcolor="#FFFFFF"
             type="circle" x="359" y="272" width="8" height="8"/>
    </entry>
    <entry id="10" name="hsa:53630" type="gene" reaction="rn:R00032"
        link="http://www.kegg.jp/dbget-bin/www_bget?hsa:53630">
        <graphics name="BCMO1, BCDO, BCDO1, BCMO, BCO, BCO1" fgcolor="#000000" bgcolor="#BFFFBF"
             type="rectangle" x="359" y="233" width="46" height="17"/>
    </entry>
    <entry id="11" name="cpd:C02094" type="compound"
        link="http://www.kegg.jp/dbget-bin/www_bget?C02094">
        <graphics name="C02094" fgcolor="#000000" bgcolor="#FFFFFF"
             type="circle" x="359" y="208" width="8" height="8"/>
    </entry>
    <entry id="13" name="hsa:216 hsa:8854" type="gene" reaction="rn:R02123"
        link="http://www.kegg.jp/dbget-bin/www_bget?hsa:216+hsa:8854">
        <graphics name="ALDH1A1, ALDC, ALDH-E1, ALDH1, ALDH11, HEL-9, HEL-S-53e, HEL12, PUMB1, RALDH1..." fgcolor="#000000" bgcolor="#BFFFBF"
             type="rectangle" x="467" y="218" width="46" height="17"/>
    </entry>
    <entry id="14" name="cpd:C00777" type="compound"
        link="http://www.kegg.jp/dbget-bin/www_bget?C00777">
        <graphics name="C00777" fgcolor="#000000" bgcolor="#FFFFFF"
             type="circle" x="551" y="208" width="8" height="8"/>
    </entry>
    <entry id="15" name="hsa:316" type="gene" reaction="rn:R02125"
        link="http://www.kegg.jp/dbget-bin/www_bget?hsa:316">
        <graphics name="AOX1, AO, AOH1" fgcolor="#000000" bgcolor="#BFFFBF"
             type="rectangle" x="467" y="197" width="46" height="17"/>
    </entry>
    <entry id="16" name="cpd:C02075 cpd:C02588" type="compound"
        link="http://www.kegg.jp/dbget-bin/www_bget?C02075+C02588">
        <graphics name="C02075..." fgcolor="#000000" bgcolor="#FFFFFF"
             type="circle" x="198" y="373" width="8" height="8"/>
    </entry>
    <entry id="19" name="hsa:9227" type="gene" reaction="rn:R08387"
        link="http://www.kegg.jp/dbget-bin/www_bget?hsa:9227">
        <graphics name="LRAT, LCA14" fgcolor="#000000" bgcolor="#BFFFBF"
             type="rectangle" x="223" y="339" width="46" height="17"/>
    </entry>
    <entry id="20" name="cpd:C00899" type="compound"
        link="http://www.kegg.jp/dbget-bin/www_bget?C00899">
        <graphics name="C00899" fgcolor="#000000" bgcolor="#FFFFFF"
             type="circle" x="198" y="474" width="8" height="8"/>
    </entry>
    <entry id="21" name="cpd:C02110" type="compound"
        link="http://www.kegg.jp/dbget-bin/www_bget?C02110">
        <graphics name="C02110" fgcolor="#000000" bgcolor="#FFFFFF"
             type="circle" x="359" y="474" width="8" height="8"/>
    </entry>
    <entry id="23" name="hsa:51109 hsa:5959" type="gene" reaction="rn:R03048 rn:R08380"
        link="http://www.kegg.jp/dbget-bin/www_bget?hsa:51109+hsa:5959">
        <graphics name="RDH11, ARSDR1, CGI82, HCBP12, MDT1, PSDR1, RALR1, SCALD, SDR7C1..." fgcolor="#000000" bgcolor="#BFFFBF"
             type="rectangle" x="269" y="478" width="46" height="17"/>
    </entry>
    <entry id="25" name="cpd:C16682" type="compound"
        link="http://www.kegg.jp/dbget-bin/www_bget?C16682">
        <graphics name="C16682" fgcolor="#000000" bgcolor="#FFFFFF"
             type="circle" x="198" y="128" width="8" height="8"/>
    </entry>
    <entry id="27" name="cpd:C16681" type="compound"
        link="http://www.kegg.jp/dbget-bin/www_bget?C16681">
        <graphics name="C16681" fgcolor="#000000" bgcolor="#FFFFFF"
             type="circle" x="360" y="128" width="8" height="8"/>
    </entry>
    <entry id="29" name="cpd:C15493" type="compound"
        link="http://www.kegg.jp/dbget-bin/www_bget?C15493">
        <graphics name="C15493" fgcolor="#000000" bgcolor="#FFFFFF"
             type="circle" x="551" y="128" width="8" height="8"/>
    </entry>
    <entry id="31" name="cpd:C15492" type="compound"
        link="http://www.kegg.jp/dbget-bin/www_bget?C15492">
        <graphics name="C15492" fgcolor="#000000" bgcolor="#FFFFFF"
             type="circle" x="100" y="208" width="8" height="8"/>
    </entry>
    <entry id="32" name="hsa:54884" type="gene" reaction="rn:R07163"
        link="http://www.kegg.jp/dbget-bin/www_bget?hsa:54884">
        <graphics name="RETSAT" fgcolor="#000000" bgcolor="#BFFFBF"
             type="rectangle" x="150" y="209" width="46" height="17"/>
    </entry>
    <entry id="33" name="hsa:6121" type="gene" reaction="rn:R08388"
        link="http://www.kegg.jp/dbget-bin/www_bget?hsa:6121">
        <graphics name="RPE65, BCO3, LCA2, RP20, mRPE65, rd12, sRPE65" fgcolor="#000000" bgcolor="#BFFFBF"
             type="rectangle" x="198" y="419" width="46" height="17"/>
    </entry>
    <entry id="34" name="hsa:145226 hsa:51109 hsa:5959" type="gene" reaction="rn:R08382 rn:R08383"
        link="http://www.kegg.jp/dbget-bin/www_bget?hsa:145226+hsa:51109+hsa:5959">
        <graphics name="RDH12, LCA13, LCA3, RP53, SDR7C2..." fgcolor="#000000" bgcolor="#BFFFBF"
             type="rectangle" x="276" y="139" width="46" height="17"/>
    </entry>
    <entry id="39" name="cpd:C00778" type="compound"
        link="http://www.kegg.jp/dbget-bin/www_bget?C00778">
        <graphics name="C00778" fgcolor="#000000" bgcolor="#FFFFFF"
             type="circle" x="410" y="474" width="8" height="8"/>
    </entry>
    <entry id="40" name="cpd:C05914" type="compound"
        link="http://www.kegg.jp/dbget-bin/www_bget?C05914">
        <graphics name="C05914" fgcolor="#000000" bgcolor="#FFFFFF"
             type="circle" x="410" y="423" width="8" height="8"/>
    </entry>
    <entry id="41" name="cpd:C05915" type="compound"
        link="http://www.kegg.jp/dbget-bin/www_bget?C05915">
        <graphics name="C05915" fgcolor="#000000" bgcolor="#FFFFFF"
             type="circle" x="410" y="373" width="8" height="8"/>
    </entry>
    <entry id="42" name="cpd:C05916" type="compound"
        link="http://www.kegg.jp/dbget-bin/www_bget?C05916">
        <graphics name="C05916" fgcolor="#000000" bgcolor="#FFFFFF"
             type="circle" x="410" y="323" width="8" height="8"/>
    </entry>
    <entry id="44" name="hsa:158835 hsa:8694" type="gene" reaction="rn:R08381"
        link="http://www.kegg.jp/dbget-bin/www_bget?hsa:158835+hsa:8694">
        <graphics name="AWAT2, ARAT, DC4, DGAT2L4, MFAT, WS..." fgcolor="#000000" bgcolor="#BFFFBF"
             type="rectangle" x="173" y="541" width="46" height="17"/>
    </entry>
    <entry id="46" name="cpd:C03455" type="compound"
        link="http://www.kegg.jp/dbget-bin/www_bget?C03455">
        <graphics name="C03455" fgcolor="#000000" bgcolor="#FFFFFF"
             type="circle" x="198" y="575" width="8" height="8"/>
    </entry>
    <entry id="47" name="hsa:9227" type="gene" reaction="rn:R08389"
        link="http://www.kegg.jp/dbget-bin/www_bget?hsa:9227">
        <graphics name="LRAT, LCA14" fgcolor="#000000" bgcolor="#BFFFBF"
             type="rectangle" x="223" y="541" width="46" height="17"/>
    </entry>
    <entry id="48" name="hsa:158835 hsa:8694" type="gene" reaction="rn:R02366 rn:R02367"
        link="http://www.kegg.jp/dbget-bin/www_bget?hsa:158835+hsa:8694">
        <graphics name="AWAT2, ARAT, DC4, DGAT2L4, MFAT, WS..." fgcolor="#000000" bgcolor="#BFFFBF"
             type="rectangle" x="173" y="339" width="46" height="17"/>
    </entry>
    <entry id="49" name="cpd:C05916" type="compound"
        link="http://www.kegg.jp/dbget-bin/www_bget?C05916">
        <graphics name="C05916" fgcolor="#000000" bgcolor="#FFFFFF"
             type="circle" x="410" y="272" width="8" height="8"/>
    </entry>
    <entry id="52" name="cpd:C11061" type="compound"
        link="http://www.kegg.jp/dbget-bin/www_bget?C11061">
        <graphics name="C11061" fgcolor="#000000" bgcolor="#FFFFFF"
             type="circle" x="699" y="373" width="8" height="8"/>
    </entry>
    <entry id="54" name="hsa:1592 hsa:340665 hsa:56603" type="gene" reaction="rn:R08392"
        link="http://www.kegg.jp/dbget-bin/www_bget?hsa:1592+hsa:340665+hsa:56603">
        <graphics name="CYP26A1, CP26, CYP26, P450RAI, P450RAI1..." fgcolor="#000000" bgcolor="#BFFFBF"
             type="rectangle" x="594" y="198" width="46" height="17"/>
    </entry>
    <entry id="55" name="cpd:C16677" type="compound"
        link="http://www.kegg.jp/dbget-bin/www_bget?C16677">
        <graphics name="C16677" fgcolor="#000000" bgcolor="#FFFFFF"
             type="circle" x="699" y="208" width="8" height="8"/>
    </entry>
    <entry id="56" name="hsa:1551 hsa:1576 hsa:1577" type="gene" reaction="rn:R08392"
        link="http://www.kegg.jp/dbget-bin/www_bget?hsa:1551+hsa:1576+hsa:1577">
        <graphics name="CYP3A7, CP37, CYPIIIA7, P-450(HFL33), P-450111A7, P450-HFLA..." fgcolor="#000000" bgcolor="#BFFFBF"
             type="rectangle" x="642" y="219" width="46" height="17"/>
    </entry>
    <entry id="57" name="hsa:1543 hsa:1544" type="gene" reaction="rn:R08392"
        link="http://www.kegg.jp/dbget-bin/www_bget?hsa:1543+hsa:1544">
        <graphics name="CYP1A1, AHH, AHRR, CP11, CYP1, P1-450, P450-C, P450DX..." fgcolor="#000000" bgcolor="#BFFFBF"
             type="rectangle" x="642" y="198" width="46" height="17"/>
    </entry>
    <entry id="59" name="cpd:C16678" type="compound"
        link="http://www.kegg.jp/dbget-bin/www_bget?C16678">
        <graphics name="C16678" fgcolor="#000000" bgcolor="#FFFFFF"
             type="circle" x="848" y="208" width="8" height="8"/>
    </entry>
    <entry id="62" name="cpd:C16683" type="compound"
        link="http://www.kegg.jp/dbget-bin/www_bget?C16683">
        <graphics name="C16683" fgcolor="#000000" bgcolor="#FFFFFF"
             type="circle" x="301" y="208" width="8" height="8"/>
    </entry>
    <entry id="64" name="hsa:1592 hsa:340665 hsa:56603" type="gene"
        link="http://www.kegg.jp/dbget-bin/www_bget?hsa:1592+hsa:340665+hsa:56603">
        <graphics name="CYP26A1, CP26, CYP26, P450RAI, P450RAI1..." fgcolor="#000000" bgcolor="#BFFFBF"
             type="rectangle" x="756" y="198" width="46" height="17"/>
    </entry>
    <entry id="65" name="hsa:1592" type="gene"
        link="http://www.kegg.jp/dbget-bin/www_bget?hsa:1592">
        <graphics name="CYP26A1, CP26, CYP26, P450RAI, P450RAI1" fgcolor="#000000" bgcolor="#BFFFBF"
             type="rectangle" x="245" y="209" width="46" height="17"/>
    </entry>
    <entry id="66" name="path:map00906" type="map"
        link="http://www.kegg.jp/dbget-bin/www_bget?map00906">
        <graphics name="Carotenoid biosynthesis" fgcolor="#000000" bgcolor="#FFFFFF"
             type="roundrectangle" x="360" y="162" width="75" height="34"/>
    </entry>
    <entry id="67" name="hsa:145226 hsa:157506 hsa:50700 hsa:51109 hsa:8608" type="gene" reaction="rn:R02124 rn:R08379"
        link="http://www.kegg.jp/dbget-bin/www_bget?hsa:145226+hsa:157506+hsa:50700+hsa:51109+hsa:8608">
        <graphics name="RDH12, LCA13, LCA3, RP53, SDR7C2..." fgcolor="#000000" bgcolor="#BFFFBF"
             type="rectangle" x="252" y="280" width="46" height="17"/>
    </entry>
    <entry id="68" name="hsa:10170 hsa:10901 hsa:317749 hsa:728635 hsa:9249" type="gene" reaction="rn:R02124 rn:R08379"
        link="http://www.kegg.jp/dbget-bin/www_bget?hsa:10170+hsa:10901+hsa:317749+hsa:728635+hsa:9249">
        <graphics name="DHRS9, 3-alpha-HSD, 3ALPHA-HSD, RDH-E2, RDH-TBE, RDH15, RDHL, RDHTBE, RETSDR8, SDR9C4..." fgcolor="#000000" bgcolor="#BFFFBF"
             type="rectangle" x="300" y="280" width="46" height="17"/>
    </entry>
    <entry id="70" name="cpd:C16680" type="compound"
        link="http://www.kegg.jp/dbget-bin/www_bget?C16680">
        <graphics name="C16680" fgcolor="#000000" bgcolor="#FFFFFF"
             type="circle" x="699" y="323" width="8" height="8"/>
    </entry>
    <entry id="71" name="cpd:C16679" type="compound"
        link="http://www.kegg.jp/dbget-bin/www_bget?C16679">
        <graphics name="C16679" fgcolor="#000000" bgcolor="#FFFFFF"
             type="circle" x="699" y="272" width="8" height="8"/>
    </entry>
    <entry id="73" name="hsa:1592 hsa:340665 hsa:56603" type="gene" reaction="rn:R08390"
        link="http://www.kegg.jp/dbget-bin/www_bget?hsa:1592+hsa:340665+hsa:56603">
        <graphics name="CYP26A1, CP26, CYP26, P450RAI, P450RAI1..." fgcolor="#000000" bgcolor="#BFFFBF"
             type="rectangle" x="617" y="243" width="46" height="17"/>
    </entry>
    <entry id="74" name="hsa:1548 hsa:1555 hsa:29785" type="gene" reaction="rn:R08391"
        link="http://www.kegg.jp/dbget-bin/www_bget?hsa:1548+hsa:1555+hsa:29785">
        <graphics name="CYP2A6, CPA6, CYP2A, CYP2A3, CYPIIA6, P450C2A, P450PB..." fgcolor="#000000" bgcolor="#BFFFBF"
             type="rectangle" x="617" y="313" width="46" height="17"/>
    </entry>
    <entry id="75" name="hsa:1551 hsa:1577" type="gene" reaction="rn:R08391"
        link="http://www.kegg.jp/dbget-bin/www_bget?hsa:1551+hsa:1577">
        <graphics name="CYP3A7, CP37, CYPIIIA7, P-450(HFL33), P-450111A7, P450-HFLA..." fgcolor="#000000" bgcolor="#BFFFBF"
             type="rectangle" x="617" y="334" width="46" height="17"/>
    </entry>
    <entry id="76" name="hsa:1551 hsa:1576 hsa:1577" type="gene" reaction="rn:R08390"
        link="http://www.kegg.jp/dbget-bin/www_bget?hsa:1551+hsa:1576+hsa:1577">
        <graphics name="CYP3A7, CP37, CYPIIIA7, P-450(HFL33), P-450111A7, P450-HFLA..." fgcolor="#000000" bgcolor="#BFFFBF"
             type="rectangle" x="593" y="283" width="46" height="17"/>
    </entry>
    <entry id="77" name="hsa:1543" type="gene" reaction="rn:R08390"
        link="http://www.kegg.jp/dbget-bin/www_bget?hsa:1543">
        <graphics name="CYP1A1, AHH, AHRR, CP11, CYP1, P1-450, P450-C, P450DX" fgcolor="#000000" bgcolor="#BFFFBF"
             type="rectangle" x="593" y="262" width="46" height="17"/>
    </entry>
    <entry id="78" name="hsa:1579" type="gene" reaction="rn:R08390"
        link="http://www.kegg.jp/dbget-bin/www_bget?hsa:1579">
        <graphics name="CYP4A11, CP4Y, CYP4A2, CYP4AII" fgcolor="#000000" bgcolor="#BFFFBF"
             type="rectangle" x="641" y="283" width="46" height="17"/>
    </entry>
    <entry id="79" name="hsa:1548 hsa:1555 hsa:1558 hsa:1559 hsa:1562" type="gene" reaction="rn:R08390"
        link="http://www.kegg.jp/dbget-bin/www_bget?hsa:1548+hsa:1555+hsa:1558+hsa:1559+hsa:1562">
        <graphics name="CYP2A6, CPA6, CYP2A, CYP2A3, CYPIIA6, P450C2A, P450PB..." fgcolor="#000000" bgcolor="#BFFFBF"
             type="rectangle" x="641" y="262" width="46" height="17"/>
    </entry>
    <entry id="80" name="hsa:1543 hsa:1544" type="gene"
        link="http://www.kegg.jp/dbget-bin/www_bget?hsa:1543+hsa:1544">
        <graphics name="CYP1A1, AHH, AHRR, CP11, CYP1, P1-450, P450-C, P450DX..." fgcolor="#000000" bgcolor="#BFFFBF"
             type="rectangle" x="804" y="198" width="46" height="17"/>
    </entry>
    <entry id="81" name="hsa:1551 hsa:1576 hsa:1577" type="gene"
        link="http://www.kegg.jp/dbget-bin/www_bget?hsa:1551+hsa:1576+hsa:1577">
        <graphics name="CYP3A7, CP37, CYPIIIA7, P-450(HFL33), P-450111A7, P450-HFLA..." fgcolor="#000000" bgcolor="#BFFFBF"
             type="rectangle" x="804" y="219" width="46" height="17"/>
    </entry>
    <entry id="82" name="hsa:1548 hsa:1555 hsa:1558 hsa:1559 hsa:1562 hsa:29785" type="gene" reaction="rn:R08392"
        link="http://www.kegg.jp/dbget-bin/www_bget?hsa:1548+hsa:1555+hsa:1558+hsa:1559+hsa:1562+hsa:29785">
        <graphics name="CYP2A6, CPA6, CYP2A, CYP2A3, CYPIIA6, P450C2A, P450PB..." fgcolor="#000000" bgcolor="#BFFFBF"
             type="rectangle" x="594" y="219" width="46" height="17"/>
    </entry>
    <entry id="83" name="hsa:1548 hsa:1555 hsa:1558 hsa:1559 hsa:1562 hsa:29785" type="gene"
        link="http://www.kegg.jp/dbget-bin/www_bget?hsa:1548+hsa:1555+hsa:1558+hsa:1559+hsa:1562+hsa:29785">
        <graphics name="CYP2A6, CPA6, CYP2A, CYP2A3, CYPIIA6, P450C2A, P450PB..." fgcolor="#000000" bgcolor="#BFFFBF"
             type="rectangle" x="756" y="219" width="46" height="17"/>
    </entry>
    <entry id="85" name="hsa:10901 hsa:317749 hsa:728635" type="gene" reaction="rn:R08383"
        link="http://www.kegg.jp/dbget-bin/www_bget?hsa:10901+hsa:317749+hsa:728635">
        <graphics name="DHRS4, CR, NRDR, PHCR, PSCD, SCAD-SRL, SDR-SRL, SDR25C1, SDR25C2..." fgcolor="#000000" bgcolor="#BFFFBF"
             type="rectangle" x="276" y="118" width="46" height="17"/>
    </entry>
    <entry id="86" name="hsa:316" type="gene" reaction="rn:R08384"
        link="http://www.kegg.jp/dbget-bin/www_bget?hsa:316">
        <graphics name="AOX1, AO, AOH1" fgcolor="#000000" bgcolor="#BFFFBF"
             type="rectangle" x="467" y="118" width="46" height="17"/>
    </entry>
    <entry id="87" name="hsa:216 hsa:8854" type="gene" reaction="rn:R08385"
        link="http://www.kegg.jp/dbget-bin/www_bget?hsa:216+hsa:8854">
        <graphics name="ALDH1A1, ALDC, ALDH-E1, ALDH1, ALDH11, HEL-9, HEL-S-53e, HEL12, PUMB1, RALDH1..." fgcolor="#000000" bgcolor="#BFFFBF"
             type="rectangle" x="467" y="139" width="46" height="17"/>
    </entry>
    <entry id="88" name="hsa:10720 hsa:10941 hsa:54490 hsa:54575 hsa:54576 hsa:54577 hsa:54578 hsa:54579 hsa:54600 hsa:54657 hsa:54658 hsa:54659 hsa:574537 hsa:7363 hsa:7364 hsa:7365 hsa:7366 hsa:7367 hsa:79799" type="gene" reaction="rn:R02902"
        link="http://www.kegg.jp/dbget-bin/www_bget?hsa:10720+hsa:10941+hsa:54490+hsa:54575+hsa:54576+hsa:54577+hsa:54578+hsa:54579+hsa:54600+hsa:54657+hsa:54658+hsa:54659+hsa:574537+hsa:7363+hsa:7364+hsa:7365+hsa:7366+hsa:7367+hsa:79799">
        <graphics name="UGT2B11..." fgcolor="#000000" bgcolor="#BFFFBF"
             type="rectangle" x="617" y="373" width="46" height="17"/>
    </entry>
    <entry id="89" name="hsa:8228" type="gene" reaction="rn:R02368"
        link="http://www.kegg.jp/dbget-bin/www_bget?hsa:8228">
        <graphics name="PNPLA4, DXS1283E, GS2, iPLA2eta" fgcolor="#000000" bgcolor="#BFFFBF"
             type="rectangle" x="140" y="314" width="46" height="17"/>
    </entry>
    <entry id="91" name="hsa:195814 hsa:8630" type="gene" reaction="rn:R02124"
        link="http://www.kegg.jp/dbget-bin/www_bget?hsa:195814+hsa:8630">
        <graphics name="SDR16C5, RDH#2, RDH-E2, RDHE2..." fgcolor="#000000" bgcolor="#BFFFBF"
             type="rectangle" x="300" y="259" width="46" height="17"/>
    </entry>
    <relation entry1="85" entry2="86" type="ECrel">
        <subtype name="compound" value="27"/>
    </relation>
    <relation entry1="85" entry2="87" type="ECrel">
        <subtype name="compound" value="27"/>
    </relation>
    <relation entry1="34" entry2="86" type="ECrel">
        <subtype name="compound" value="27"/>
    </relation>
    <relation entry1="34" entry2="87" type="ECrel">
        <subtype name="compound" value="27"/>
    </relation>
    <relation entry1="32" entry2="65" type="ECrel">
        <subtype name="compound" value="5"/>
    </relation>
    <relation entry1="32" entry2="7" type="ECrel">
        <subtype name="compound" value="5"/>
    </relation>
    <relation entry1="32" entry2="67" type="ECrel">
        <subtype name="compound" value="5"/>
    </relation>
    <relation entry1="32" entry2="68" type="ECrel">
        <subtype name="compound" value="5"/>
    </relation>
    <relation entry1="32" entry2="19" type="ECrel">
        <subtype name="compound" value="5"/>
    </relation>
    <relation entry1="32" entry2="48" type="ECrel">
        <subtype name="compound" value="5"/>
    </relation>
    <relation entry1="32" entry2="89" type="ECrel">
        <subtype name="compound" value="5"/>
    </relation>
    <relation entry1="65" entry2="7" type="ECrel">
        <subtype name="compound" value="5"/>
    </relation>
    <relation entry1="65" entry2="67" type="ECrel">
        <subtype name="compound" value="5"/>
    </relation>
    <relation entry1="65" entry2="68" type="ECrel">
        <subtype name="compound" value="5"/>
    </relation>
    <relation entry1="65" entry2="19" type="ECrel">
        <subtype name="compound" value="5"/>
    </relation>
    <relation entry1="65" entry2="48" type="ECrel">
        <subtype name="compound" value="5"/>
    </relation>
    <relation entry1="65" entry2="89" type="ECrel">
        <subtype name="compound" value="5"/>
    </relation>
    <relation entry1="7" entry2="19" type="ECrel">
        <subtype name="compound" value="5"/>
    </relation>
    <relation entry1="7" entry2="48" type="ECrel">
        <subtype name="compound" value="5"/>
    </relation>
    <relation entry1="7" entry2="89" type="ECrel">
        <subtype name="compound" value="5"/>
    </relation>
    <relation entry1="67" entry2="19" type="ECrel">
        <subtype name="compound" value="5"/>
    </relation>
    <relation entry1="67" entry2="48" type="ECrel">
        <subtype name="compound" value="5"/>
    </relation>
    <relation entry1="67" entry2="89" type="ECrel">
        <subtype name="compound" value="5"/>
    </relation>
    <relation entry1="68" entry2="19" type="ECrel">
        <subtype name="compound" value="5"/>
    </relation>
    <relation entry1="68" entry2="48" type="ECrel">
        <subtype name="compound" value="5"/>
    </relation>
    <relation entry1="68" entry2="89" type="ECrel">
        <subtype name="compound" value="5"/>
    </relation>
    <relation entry1="19" entry2="33" type="ECrel">
        <subtype name="compound" value="16"/>
    </relation>
    <relation entry1="48" entry2="33" type="ECrel">
        <subtype name="compound" value="16"/>
    </relation>
    <relation entry1="89" entry2="33" type="ECrel">
        <subtype name="compound" value="16"/>
    </relation>
    <relation entry1="33" entry2="44" type="ECrel">
        <subtype name="compound" value="20"/>
    </relation>
    <relation entry1="33" entry2="47" type="ECrel">
        <subtype name="compound" value="20"/>
    </relation>
    <relation entry1="33" entry2="23" type="ECrel">
        <subtype name="compound" value="20"/>
    </relation>
    <relation entry1="44" entry2="23" type="ECrel">
        <subtype name="compound" value="20"/>
    </relation>
    <relation entry1="47" entry2="23" type="ECrel">
        <subtype name="compound" value="20"/>
    </relation>
    <relation entry1="10" entry2="7" type="ECrel">
        <subtype name="compound" value="8"/>
    </relation>
    <relation entry1="10" entry2="67" type="ECrel">
        <subtype name="compound" value="8"/>
    </relation>
    <relation entry1="10" entry2="68" type="ECrel">
        <subtype name="compound" value="8"/>
    </relation>
    <relation entry1="10" entry2="13" type="ECrel">
        <subtype name="compound" value="8"/>
    </relation>
    <relation entry1="10" entry2="15" type="ECrel">
        <subtype name="compound" value="8"/>
    </relation>
    <relation entry1="7" entry2="13" type="ECrel">
        <subtype name="compound" value="8"/>
    </relation>
    <relation entry1="7" entry2="15" type="ECrel">
        <subtype name="compound" value="8"/>
    </relation>
    <relation entry1="67" entry2="13" type="ECrel">
        <subtype name="compound" value="8"/>
    </relation>
    <relation entry1="67" entry2="15" type="ECrel">
        <subtype name="compound" value="8"/>
    </relation>
    <relation entry1="68" entry2="13" type="ECrel">
        <subtype name="compound" value="8"/>
    </relation>
    <relation entry1="68" entry2="15" type="ECrel">
        <subtype name="compound" value="8"/>
    </relation>
    <relation entry1="15" entry2="54" type="ECrel">
        <subtype name="compound" value="14"/>
    </relation>
    <relation entry1="15" entry2="57" type="ECrel">
        <subtype name="compound" value="14"/>
    </relation>
    <relation entry1="15" entry2="56" type="ECrel">
        <subtype name="compound" value="14"/>
    </relation>
    <relation entry1="15" entry2="82" type="ECrel">
        <subtype name="compound" value="14"/>
    </relation>
    <relation entry1="15" entry2="73" type="ECrel">
        <subtype name="compound" value="14"/>
    </relation>
    <relation entry1="15" entry2="77" type="ECrel">
        <subtype name="compound" value="14"/>
    </relation>
    <relation entry1="15" entry2="79" type="ECrel">
        <subtype name="compound" value="14"/>
    </relation>
    <relation entry1="15" entry2="76" type="ECrel">
        <subtype name="compound" value="14"/>
    </relation>
    <relation entry1="15" entry2="78" type="ECrel">
        <subtype name="compound" value="14"/>
    </relation>
    <relation entry1="15" entry2="74" type="ECrel">
        <subtype name="compound" value="14"/>
    </relation>
    <relation entry1="15" entry2="75" type="ECrel">
        <subtype name="compound" value="14"/>
    </relation>
    <relation entry1="15" entry2="88" type="ECrel">
        <subtype name="compound" value="14"/>
    </relation>
    <relation entry1="13" entry2="54" type="ECrel">
        <subtype name="compound" value="14"/>
    </relation>
    <relation entry1="13" entry2="57" type="ECrel">
        <subtype name="compound" value="14"/>
    </relation>
    <relation entry1="13" entry2="56" type="ECrel">
        <subtype name="compound" value="14"/>
    </relation>
    <relation entry1="13" entry2="82" type="ECrel">
        <subtype name="compound" value="14"/>
    </relation>
    <relation entry1="13" entry2="73" type="ECrel">
        <subtype name="compound" value="14"/>
    </relation>
    <relation entry1="13" entry2="77" type="ECrel">
        <subtype name="compound" value="14"/>
    </relation>
    <relation entry1="13" entry2="79" type="ECrel">
        <subtype name="compound" value="14"/>
    </relation>
    <relation entry1="13" entry2="76" type="ECrel">
        <subtype name="compound" value="14"/>
    </relation>
    <relation entry1="13" entry2="78" type="ECrel">
        <subtype name="compound" value="14"/>
    </relation>
    <relation entry1="13" entry2="74" type="ECrel">
        <subtype name="compound" value="14"/>
    </relation>
    <relation entry1="13" entry2="75" type="ECrel">
        <subtype name="compound" value="14"/>
    </relation>
    <relation entry1="13" entry2="88" type="ECrel">
        <subtype name="compound" value="14"/>
    </relation>
    <relation entry1="54" entry2="77" type="ECrel">
        <subtype name="compound" value="14"/>
    </relation>
    <relation entry1="54" entry2="79" type="ECrel">
        <subtype name="compound" value="14"/>
    </relation>
    <relation entry1="54" entry2="76" type="ECrel">
        <subtype name="compound" value="14"/>
    </relation>
    <relation entry1="54" entry2="78" type="ECrel">
        <subtype name="compound" value="14"/>
    </relation>
    <relation entry1="54" entry2="74" type="ECrel">
        <subtype name="compound" value="14"/>
    </relation>
    <relation entry1="54" entry2="75" type="ECrel">
        <subtype name="compound" value="14"/>
    </relation>
    <relation entry1="54" entry2="88" type="ECrel">
        <subtype name="compound" value="14"/>
    </relation>
    <relation entry1="57" entry2="73" type="ECrel">
        <subtype name="compound" value="14"/>
    </relation>
    <relation entry1="57" entry2="79" type="ECrel">
        <subtype name="compound" value="14"/>
    </relation>
    <relation entry1="57" entry2="76" type="ECrel">
        <subtype name="compound" value="14"/>
    </relation>
    <relation entry1="57" entry2="78" type="ECrel">
        <subtype name="compound" value="14"/>
    </relation>
    <relation entry1="57" entry2="74" type="ECrel">
        <subtype name="compound" value="14"/>
    </relation>
    <relation entry1="57" entry2="75" type="ECrel">
        <subtype name="compound" value="14"/>
    </relation>
    <relation entry1="57" entry2="88" type="ECrel">
        <subtype name="compound" value="14"/>
    </relation>
    <relation entry1="56" entry2="73" type="ECrel">
        <subtype name="compound" value="14"/>
    </relation>
    <relation entry1="56" entry2="77" type="ECrel">
        <subtype name="compound" value="14"/>
    </relation>
    <relation entry1="56" entry2="79" type="ECrel">
        <subtype name="compound" value="14"/>
    </relation>
    <relation entry1="56" entry2="78" type="ECrel">
        <subtype name="compound" value="14"/>
    </relation>
    <relation entry1="56" entry2="74" type="ECrel">
        <subtype name="compound" value="14"/>
    </relation>
    <relation entry1="56" entry2="88" type="ECrel">
        <subtype name="compound" value="14"/>
    </relation>
    <relation entry1="82" entry2="73" type="ECrel">
        <subtype name="compound" value="14"/>
    </relation>
    <relation entry1="82" entry2="77" type="ECrel">
        <subtype name="compound" value="14"/>
    </relation>
    <relation entry1="82" entry2="76" type="ECrel">
        <subtype name="compound" value="14"/>
    </relation>
    <relation entry1="82" entry2="78" type="ECrel">
        <subtype name="compound" value="14"/>
    </relation>
    <relation entry1="82" entry2="75" type="ECrel">
        <subtype name="compound" value="14"/>
    </relation>
    <relation entry1="82" entry2="88" type="ECrel">
        <subtype name="compound" value="14"/>
    </relation>
    <relation entry1="73" entry2="74" type="ECrel">
        <subtype name="compound" value="14"/>
    </relation>
    <relation entry1="73" entry2="75" type="ECrel">
        <subtype name="compound" value="14"/>
    </relation>
    <relation entry1="73" entry2="88" type="ECrel">
        <subtype name="compound" value="14"/>
    </relation>
    <relation entry1="77" entry2="74" type="ECrel">
        <subtype name="compound" value="14"/>
    </relation>
    <relation entry1="77" entry2="75" type="ECrel">
        <subtype name="compound" value="14"/>
    </relation>
    <relation entry1="77" entry2="88" type="ECrel">
        <subtype name="compound" value="14"/>
    </relation>
    <relation entry1="79" entry2="75" type="ECrel">
        <subtype name="compound" value="14"/>
    </relation>
    <relation entry1="79" entry2="88" type="ECrel">
        <subtype name="compound" value="14"/>
    </relation>
    <relation entry1="76" entry2="74" type="ECrel">
        <subtype name="compound" value="14"/>
    </relation>
    <relation entry1="76" entry2="88" type="ECrel">
        <subtype name="compound" value="14"/>
    </relation>
    <relation entry1="78" entry2="74" type="ECrel">
        <subtype name="compound" value="14"/>
    </relation>
    <relation entry1="78" entry2="75" type="ECrel">
        <subtype name="compound" value="14"/>
    </relation>
    <relation entry1="78" entry2="88" type="ECrel">
        <subtype name="compound" value="14"/>
    </relation>
    <relation entry1="74" entry2="88" type="ECrel">
        <subtype name="compound" value="14"/>
    </relation>
    <relation entry1="75" entry2="88" type="ECrel">
        <subtype name="compound" value="14"/>
    </relation>
    <relation entry1="54" entry2="80" type="ECrel">
        <subtype name="compound" value="55"/>
    </relation>
    <relation entry1="54" entry2="83" type="ECrel">
        <subtype name="compound" value="55"/>
    </relation>
    <relation entry1="54" entry2="81" type="ECrel">
        <subtype name="compound" value="55"/>
    </relation>
    <relation entry1="57" entry2="64" type="ECrel">
        <subtype name="compound" value="55"/>
    </relation>
    <relation entry1="57" entry2="83" type="ECrel">
        <subtype name="compound" value="55"/>
    </relation>
    <relation entry1="57" entry2="81" type="ECrel">
        <subtype name="compound" value="55"/>
    </relation>
    <relation entry1="82" entry2="64" type="ECrel">
        <subtype name="compound" value="55"/>
    </relation>
    <relation entry1="82" entry2="80" type="ECrel">
        <subtype name="compound" value="55"/>
    </relation>
    <relation entry1="82" entry2="81" type="ECrel">
        <subtype name="compound" value="55"/>
    </relation>
    <relation entry1="56" entry2="64" type="ECrel">
        <subtype name="compound" value="55"/>
    </relation>
    <relation entry1="56" entry2="80" type="ECrel">
        <subtype name="compound" value="55"/>
    </relation>
    <relation entry1="56" entry2="83" type="ECrel">
        <subtype name="compound" value="55"/>
    </relation>
    <relation entry1="89" entry2="91" type="ECrel">
        <subtype name="compound" value="5"/>
    </relation>
    <relation entry1="48" entry2="91" type="ECrel">
        <subtype name="compound" value="5"/>
    </relation>
    <relation entry1="19" entry2="91" type="ECrel">
        <subtype name="compound" value="5"/>
    </relation>
    <relation entry1="91" entry2="32" type="ECrel">
        <subtype name="compound" value="5"/>
    </relation>
    <relation entry1="91" entry2="10" type="ECrel">
        <subtype name="compound" value="8"/>
    </relation>
    <relation entry1="91" entry2="13" type="ECrel">
        <subtype name="compound" value="8"/>
    </relation>
    <relation entry1="91" entry2="15" type="ECrel">
        <subtype name="compound" value="8"/>
    </relation>
    <reaction id="7" name="rn:R02124" type="reversible">
        <substrate id="5" name="cpd:C00473"/>
        <product id="8" name="cpd:C00376"/>
    </reaction>
    <reaction id="13" name="rn:R02123" type="irreversible">
        <substrate id="8" name="cpd:C00376"/>
        <product id="14" name="cpd:C00777"/>
    </reaction>
    <reaction id="10" name="rn:R00032" type="irreversible">
        <substrate id="11" name="cpd:C02094"/>
        <product id="8" name="cpd:C00376"/>
    </reaction>
    <reaction id="15" name="rn:R02125" type="irreversible">
        <substrate id="8" name="cpd:C00376"/>
        <product id="14" name="cpd:C00777"/>
    </reaction>
    <reaction id="19" name="rn:R08387" type="irreversible">
        <substrate id="5" name="cpd:C00473"/>
        <product id="16" name="cpd:C02075 cpd:C02588"/>
    </reaction>
    <reaction id="23" name="rn:R03048 rn:R08380" type="reversible">
        <substrate id="21" name="cpd:C02110"/>
        <product id="20" name="cpd:C00899"/>
    </reaction>
    <reaction id="32" name="rn:R07163" type="irreversible">
        <substrate id="5" name="cpd:C00473"/>
        <product id="31" name="cpd:C15492"/>
    </reaction>
    <reaction id="33" name="rn:R08388" type="irreversible">
        <substrate id="16" name="cpd:C02075 cpd:C02588"/>
        <product id="20" name="cpd:C00899"/>
    </reaction>
    <reaction id="34" name="rn:R08382 rn:R08383" type="reversible">
        <substrate id="25" name="cpd:C16682"/>
        <product id="27" name="cpd:C16681"/>
    </reaction>
    <reaction id="44" name="rn:R08381" type="irreversible">
        <substrate id="20" name="cpd:C00899"/>
        <product id="46" name="cpd:C03455"/>
    </reaction>
    <reaction id="47" name="rn:R08389" type="irreversible">
        <substrate id="20" name="cpd:C00899"/>
        <product id="46" name="cpd:C03455"/>
    </reaction>
    <reaction id="54" name="rn:R08392" type="irreversible">
        <substrate id="14" name="cpd:C00777"/>
        <product id="55" name="cpd:C16677"/>
    </reaction>
    <reaction id="56" name="rn:R08392" type="irreversible">
        <substrate id="14" name="cpd:C00777"/>
        <product id="55" name="cpd:C16677"/>
    </reaction>
    <reaction id="57" name="rn:R08392" type="irreversible">
        <substrate id="14" name="cpd:C00777"/>
        <product id="55" name="cpd:C16677"/>
    </reaction>
    <reaction id="67" name="rn:R02124 rn:R08379" type="reversible">
        <substrate id="5" name="cpd:C00473"/>
        <product id="8" name="cpd:C00376"/>
    </reaction>
    <reaction id="68" name="rn:R02124 rn:R08379" type="reversible">
        <substrate id="5" name="cpd:C00473"/>
        <product id="8" name="cpd:C00376"/>
    </reaction>
    <reaction id="73" name="rn:R08390" type="irreversible">
        <substrate id="14" name="cpd:C00777"/>
        <product id="71" name="cpd:C16679"/>
    </reaction>
    <reaction id="74" name="rn:R08391" type="irreversible">
        <substrate id="14" name="cpd:C00777"/>
        <product id="70" name="cpd:C16680"/>
    </reaction>
    <reaction id="75" name="rn:R08391" type="irreversible">
        <substrate id="14" name="cpd:C00777"/>
        <product id="70" name="cpd:C16680"/>
    </reaction>
    <reaction id="76" name="rn:R08390" type="irreversible">
        <substrate id="14" name="cpd:C00777"/>
        <product id="71" name="cpd:C16679"/>
    </reaction>
    <reaction id="77" name="rn:R08390" type="irreversible">
        <substrate id="14" name="cpd:C00777"/>
        <product id="71" name="cpd:C16679"/>
    </reaction>
    <reaction id="78" name="rn:R08390" type="irreversible">
        <substrate id="14" name="cpd:C00777"/>
        <product id="71" name="cpd:C16679"/>
    </reaction>
    <reaction id="79" name="rn:R08390" type="irreversible">
        <substrate id="14" name="cpd:C00777"/>
        <product id="71" name="cpd:C16679"/>
    </reaction>
    <reaction id="82" name="rn:R08392" type="irreversible">
        <substrate id="14" name="cpd:C00777"/>
        <product id="55" name="cpd:C16677"/>
    </reaction>
    <reaction id="85" name="rn:R08383" type="reversible">
        <substrate id="25" name="cpd:C16682"/>
        <product id="27" name="cpd:C16681"/>
    </reaction>
    <reaction id="86" name="rn:R08384" type="irreversible">
        <substrate id="27" name="cpd:C16681"/>
        <product id="29" name="cpd:C15493"/>
    </reaction>
    <reaction id="87" name="rn:R08385" type="irreversible">
        <substrate id="27" name="cpd:C16681"/>
        <product id="29" name="cpd:C15493"/>
    </reaction>
    <reaction id="88" name="rn:R02902" type="irreversible">
        <substrate id="14" name="cpd:C00777"/>
        <product id="52" name="cpd:C11061"/>
    </reaction>
    <reaction id="89" name="rn:R02368" type="irreversible">
        <substrate id="16" name="cpd:C02075 cpd:C02588"/>
        <product id="5" name="cpd:C00473"/>
    </reaction>
    <reaction id="91" name="rn:R02124" type="reversible">
        <substrate id="5" name="cpd:C00473"/>
        <product id="8" name="cpd:C00376"/>
    </reaction>
</pathway>
