<?xml version="1.0"?>
<!DOCTYPE pathway SYSTEM "http://www.kegg.jp/kegg/xml/KGML_v0.7.1_.dtd">
<!-- Creation date: Aug 30, 2013 09:32:23 +0900 (GMT+09:00) -->
<pathway name="path:hsa00061" org="hsa" number="00061"
         title="Fatty acid biosynthesis"
         image="http://www.kegg.jp/kegg/pathway/hsa/hsa00061.png"
         link="http://www.kegg.jp/kegg-bin/show_pathway?hsa00061">
    <entry id="16" name="ko:K02371" type="ortholog" reaction="rn:R04969"
        link="http://www.kegg.jp/dbget-bin/www_bget?K02371">
        <graphics name="K02371" fgcolor="#000000" bgcolor="#FFFFFF"
             type="rectangle" x="982" y="586" width="46" height="17"/>
    </entry>
    <entry id="17" name="ko:K02371" type="ortholog" reaction="rn:R04966"
        link="http://www.kegg.jp/dbget-bin/www_bget?K02371">
        <graphics name="K02371" fgcolor="#000000" bgcolor="#FFFFFF"
             type="rectangle" x="840" y="586" width="46" height="17"/>
    </entry>
    <entry id="18" name="ko:K02371" type="ortholog" reaction="rn:R04724"
        link="http://www.kegg.jp/dbget-bin/www_bget?K02371">
        <graphics name="K02371" fgcolor="#000000" bgcolor="#FFFFFF"
             type="rectangle" x="699" y="586" width="46" height="17"/>
    </entry>
    <entry id="19" name="ko:K02371" type="ortholog" reaction="rn:R04961"
        link="http://www.kegg.jp/dbget-bin/www_bget?K02371">
        <graphics name="K02371" fgcolor="#000000" bgcolor="#FFFFFF"
             type="rectangle" x="557" y="586" width="46" height="17"/>
    </entry>
    <entry id="20" name="ko:K02371" type="ortholog" reaction="rn:R04958"
        link="http://www.kegg.jp/dbget-bin/www_bget?K02371">
        <graphics name="K02371" fgcolor="#000000" bgcolor="#FFFFFF"
             type="rectangle" x="415" y="586" width="46" height="17"/>
    </entry>
    <entry id="21" name="ko:K02371" type="ortholog" reaction="rn:R04955"
        link="http://www.kegg.jp/dbget-bin/www_bget?K02371">
        <graphics name="K02371" fgcolor="#000000" bgcolor="#FFFFFF"
             type="rectangle" x="273" y="586" width="46" height="17"/>
    </entry>
    <entry id="22" name="ko:K10780" type="ortholog" reaction="rn:R04430"
        link="http://www.kegg.jp/dbget-bin/www_bget?K10780">
        <graphics name="K10780" fgcolor="#000000" bgcolor="#FFFFFF"
             type="rectangle" x="132" y="605" width="46" height="17"/>
    </entry>
    <entry id="23" name="cpd:C04088" type="compound"
        link="http://www.kegg.jp/dbget-bin/www_bget?C04088">
        <graphics name="C04088" fgcolor="#000000" bgcolor="#FFFFFF"
             type="circle" x="1184" y="631" width="8" height="8"/>
    </entry>
    <entry id="24" name="cpd:C16221" type="compound"
        link="http://www.kegg.jp/dbget-bin/www_bget?C16221">
        <graphics name="C16221" fgcolor="#000000" bgcolor="#FFFFFF"
             type="circle" x="1184" y="539" width="8" height="8"/>
    </entry>
    <entry id="25" name="cpd:C16220" type="compound"
        link="http://www.kegg.jp/dbget-bin/www_bget?C16220">
        <graphics name="C16220" fgcolor="#000000" bgcolor="#FFFFFF"
             type="circle" x="1184" y="448" width="8" height="8"/>
    </entry>
    <entry id="26" name="cpd:C16219" type="compound"
        link="http://www.kegg.jp/dbget-bin/www_bget?C16219">
        <graphics name="C16219" fgcolor="#000000" bgcolor="#FFFFFF"
             type="circle" x="1184" y="354" width="8" height="8"/>
    </entry>
    <entry id="27" name="cpd:C00712" type="compound"
        link="http://www.kegg.jp/dbget-bin/www_bget?C00712">
        <graphics name="C00712" fgcolor="#000000" bgcolor="#FFFFFF"
             type="circle" x="1297" y="722" width="8" height="8"/>
    </entry>
    <entry id="28" name="cpd:C01530" type="compound"
        link="http://www.kegg.jp/dbget-bin/www_bget?C01530">
        <graphics name="C01530" fgcolor="#000000" bgcolor="#FFFFFF"
             type="circle" x="1184" y="722" width="8" height="8"/>
    </entry>
    <entry id="29" name="cpd:C08362" type="compound"
        link="http://www.kegg.jp/dbget-bin/www_bget?C08362">
        <graphics name="C08362" fgcolor="#000000" bgcolor="#FFFFFF"
             type="circle" x="1084" y="722" width="8" height="8"/>
    </entry>
    <entry id="30" name="cpd:C01203" type="compound"
        link="http://www.kegg.jp/dbget-bin/www_bget?C01203">
        <graphics name="C01203" fgcolor="#000000" bgcolor="#FFFFFF"
             type="circle" x="1297" y="631" width="8" height="8"/>
    </entry>
    <entry id="31" name="cpd:C16520" type="compound"
        link="http://www.kegg.jp/dbget-bin/www_bget?C16520">
        <graphics name="C16520" fgcolor="#000000" bgcolor="#FFFFFF"
             type="circle" x="1084" y="631" width="8" height="8"/>
    </entry>
    <entry id="32" name="cpd:C06424" type="compound"
        link="http://www.kegg.jp/dbget-bin/www_bget?C06424">
        <graphics name="C06424" fgcolor="#000000" bgcolor="#FFFFFF"
             type="circle" x="815" y="722" width="8" height="8"/>
    </entry>
    <entry id="33" name="cpd:C02679" type="compound"
        link="http://www.kegg.jp/dbget-bin/www_bget?C02679">
        <graphics name="C02679" fgcolor="#000000" bgcolor="#FFFFFF"
             type="circle" x="674" y="722" width="8" height="8"/>
    </entry>
    <entry id="34" name="cpd:C01571" type="compound"
        link="http://www.kegg.jp/dbget-bin/www_bget?C01571">
        <graphics name="C01571" fgcolor="#000000" bgcolor="#FFFFFF"
             type="circle" x="532" y="722" width="8" height="8"/>
    </entry>
    <entry id="35" name="cpd:C06423" type="compound"
        link="http://www.kegg.jp/dbget-bin/www_bget?C06423">
        <graphics name="C06423" fgcolor="#000000" bgcolor="#FFFFFF"
             type="circle" x="390" y="722" width="8" height="8"/>
    </entry>
    <entry id="36" name="hsa:2194" type="gene" reaction="rn:R08159"
        link="http://www.kegg.jp/dbget-bin/www_bget?hsa:2194">
        <graphics name="FASN, FAS, OA-519, SDR27X1" fgcolor="#000000" bgcolor="#BFFFBF"
             type="rectangle" x="790" y="677" width="46" height="17"/>
    </entry>
    <entry id="38" name="ko:K10782" type="ortholog" reaction="rn:R08162"
        link="http://www.kegg.jp/dbget-bin/www_bget?K10782">
        <graphics name="K10782" fgcolor="#000000" bgcolor="#FFFFFF"
             type="rectangle" x="1059" y="677" width="46" height="17"/>
    </entry>
    <entry id="39" name="ko:K10781" type="ortholog" reaction="rn:R08162"
        link="http://www.kegg.jp/dbget-bin/www_bget?K10781">
        <graphics name="K10781" fgcolor="#000000" bgcolor="#FFFFFF"
             type="rectangle" x="1109" y="677" width="46" height="17"/>
    </entry>
    <entry id="40" name="ko:K10781" type="ortholog" reaction="rn:R08158"
        link="http://www.kegg.jp/dbget-bin/www_bget?K10781">
        <graphics name="K10781" fgcolor="#000000" bgcolor="#FFFFFF"
             type="rectangle" x="533" y="677" width="46" height="17"/>
    </entry>
    <entry id="41" name="ko:K10781" type="ortholog" reaction="rn:R08157"
        link="http://www.kegg.jp/dbget-bin/www_bget?K10781">
        <graphics name="K10781" fgcolor="#000000" bgcolor="#FFFFFF"
             type="rectangle" x="390" y="677" width="46" height="17"/>
    </entry>
    <entry id="42" name="ko:K03921 ko:K03922" type="ortholog" reaction="rn:R03370"
        link="http://www.kegg.jp/dbget-bin/www_bget?K03921+K03922">
        <graphics name="K03921..." fgcolor="#000000" bgcolor="#FFFFFF"
             type="rectangle" x="1237" y="632" width="46" height="17"/>
    </entry>
    <entry id="43" name="ko:K00208" type="ortholog" reaction="rn:R07765"
        link="http://www.kegg.jp/dbget-bin/www_bget?K00208">
        <graphics name="K00208" fgcolor="#000000" bgcolor="#FFFFFF"
             type="rectangle" x="1209" y="576" width="46" height="17"/>
    </entry>
    <entry id="44" name="ko:K10780" type="ortholog" reaction="rn:R04970"
        link="http://www.kegg.jp/dbget-bin/www_bget?K10780">
        <graphics name="K10780" fgcolor="#000000" bgcolor="#FFFFFF"
             type="rectangle" x="982" y="605" width="46" height="17"/>
    </entry>
    <entry id="45" name="ko:K10780" type="ortholog" reaction="rn:R04967"
        link="http://www.kegg.jp/dbget-bin/www_bget?K10780">
        <graphics name="K10780" fgcolor="#000000" bgcolor="#FFFFFF"
             type="rectangle" x="840" y="605" width="46" height="17"/>
    </entry>
    <entry id="46" name="ko:K10780" type="ortholog" reaction="rn:R04725"
        link="http://www.kegg.jp/dbget-bin/www_bget?K10780">
        <graphics name="K10780" fgcolor="#000000" bgcolor="#FFFFFF"
             type="rectangle" x="699" y="605" width="46" height="17"/>
    </entry>
    <entry id="47" name="ko:K10780" type="ortholog" reaction="rn:R04962"
        link="http://www.kegg.jp/dbget-bin/www_bget?K10780">
        <graphics name="K10780" fgcolor="#000000" bgcolor="#FFFFFF"
             type="rectangle" x="557" y="605" width="46" height="17"/>
    </entry>
    <entry id="48" name="ko:K10780" type="ortholog" reaction="rn:R04959"
        link="http://www.kegg.jp/dbget-bin/www_bget?K10780">
        <graphics name="K10780" fgcolor="#000000" bgcolor="#FFFFFF"
             type="rectangle" x="415" y="605" width="46" height="17"/>
    </entry>
    <entry id="49" name="ko:K10780" type="ortholog" reaction="rn:R04956"
        link="http://www.kegg.jp/dbget-bin/www_bget?K10780">
        <graphics name="K10780" fgcolor="#000000" bgcolor="#FFFFFF"
             type="rectangle" x="273" y="605" width="46" height="17"/>
    </entry>
    <entry id="50" name="ko:K02371" type="ortholog" reaction="rn:R04429"
        link="http://www.kegg.jp/dbget-bin/www_bget?K02371">
        <graphics name="K02371" fgcolor="#000000" bgcolor="#FFFFFF"
             type="rectangle" x="132" y="586" width="46" height="17"/>
    </entry>
    <entry id="51" name="ko:K02372" type="ortholog" reaction="rn:R07764"
        link="http://www.kegg.jp/dbget-bin/www_bget?K02372">
        <graphics name="K02372" fgcolor="#000000" bgcolor="#FFFFFF"
             type="rectangle" x="1209" y="495" width="46" height="17"/>
    </entry>
    <entry id="52" name="hsa:54995" type="gene" reaction="rn:R07762"
        link="http://www.kegg.jp/dbget-bin/www_bget?hsa:54995">
        <graphics name="OXSM, FASN2D, KASI, KS" fgcolor="#000000" bgcolor="#BFFFBF"
             type="rectangle" x="1209" y="319" width="46" height="17"/>
    </entry>
    <entry id="53" name="ko:K03921 ko:K03922" type="ortholog" reaction="rn:R08161"
        link="http://www.kegg.jp/dbget-bin/www_bget?K03921+K03922">
        <graphics name="K03921..." fgcolor="#000000" bgcolor="#FFFFFF"
             type="rectangle" x="1040" y="634" width="46" height="17"/>
    </entry>
    <entry id="54" name="ko:K00059" type="ortholog" reaction="rn:R07763"
        link="http://www.kegg.jp/dbget-bin/www_bget?K00059">
        <graphics name="K00059" fgcolor="#000000" bgcolor="#FFFFFF"
             type="rectangle" x="1209" y="404" width="46" height="17"/>
    </entry>
    <entry id="55" name="hsa:55301" type="gene" reaction="rn:R08163"
        link="http://www.kegg.jp/dbget-bin/www_bget?hsa:55301">
        <graphics name="OLAH, AURA1, SAST, THEDC1" fgcolor="#000000" bgcolor="#BFFFBF"
             type="rectangle" x="1209" y="677" width="46" height="17"/>
    </entry>
    <entry id="56" name="hsa:55301" type="gene" reaction="rn:R02814"
        link="http://www.kegg.jp/dbget-bin/www_bget?hsa:55301">
        <graphics name="OLAH, AURA1, SAST, THEDC1" fgcolor="#000000" bgcolor="#BFFFBF"
             type="rectangle" x="1299" y="677" width="46" height="17"/>
    </entry>
    <entry id="57" name="hsa:55301" type="gene" reaction="rn:R04014"
        link="http://www.kegg.jp/dbget-bin/www_bget?hsa:55301">
        <graphics name="OLAH, AURA1, SAST, THEDC1" fgcolor="#000000" bgcolor="#BFFFBF"
             type="rectangle" x="649" y="677" width="46" height="17"/>
    </entry>
    <entry id="58" name="hsa:55301" type="gene" reaction="rn:R08159"
        link="http://www.kegg.jp/dbget-bin/www_bget?hsa:55301">
        <graphics name="OLAH, AURA1, SAST, THEDC1" fgcolor="#000000" bgcolor="#BFFFBF"
             type="rectangle" x="840" y="677" width="46" height="17"/>
    </entry>
    <entry id="59" name="ko:K00648" type="ortholog" reaction="rn:R01624"
        link="http://www.kegg.jp/dbget-bin/www_bget?K00648">
        <graphics name="K00648" fgcolor="#000000" bgcolor="#FFFFFF"
             type="rectangle" x="132" y="185" width="46" height="17"/>
    </entry>
    <entry id="60" name="ko:K00648" type="ortholog" reaction="rn:R04355"
        link="http://www.kegg.jp/dbget-bin/www_bget?K00648">
        <graphics name="K00648" fgcolor="#000000" bgcolor="#FFFFFF"
             type="rectangle" x="132" y="328" width="46" height="17"/>
    </entry>
    <entry id="61" name="hsa:54995" type="gene" reaction="rn:R04968"
        link="http://www.kegg.jp/dbget-bin/www_bget?hsa:54995">
        <graphics name="OXSM, FASN2D, KASI, KS" fgcolor="#000000" bgcolor="#BFFFBF"
             type="rectangle" x="982" y="319" width="46" height="17"/>
    </entry>
    <entry id="62" name="hsa:54995" type="gene" reaction="rn:R04726"
        link="http://www.kegg.jp/dbget-bin/www_bget?hsa:54995">
        <graphics name="OXSM, FASN2D, KASI, KS" fgcolor="#000000" bgcolor="#BFFFBF"
             type="rectangle" x="840" y="319" width="46" height="17"/>
    </entry>
    <entry id="63" name="hsa:54995" type="gene" reaction="rn:R04963"
        link="http://www.kegg.jp/dbget-bin/www_bget?hsa:54995">
        <graphics name="OXSM, FASN2D, KASI, KS" fgcolor="#000000" bgcolor="#BFFFBF"
             type="rectangle" x="699" y="319" width="46" height="17"/>
    </entry>
    <entry id="64" name="hsa:54995" type="gene" reaction="rn:R04960"
        link="http://www.kegg.jp/dbget-bin/www_bget?hsa:54995">
        <graphics name="OXSM, FASN2D, KASI, KS" fgcolor="#000000" bgcolor="#BFFFBF"
             type="rectangle" x="557" y="319" width="46" height="17"/>
    </entry>
    <entry id="65" name="hsa:54995" type="gene" reaction="rn:R04957"
        link="http://www.kegg.jp/dbget-bin/www_bget?hsa:54995">
        <graphics name="OXSM, FASN2D, KASI, KS" fgcolor="#000000" bgcolor="#BFFFBF"
             type="rectangle" x="415" y="319" width="46" height="17"/>
    </entry>
    <entry id="66" name="hsa:54995" type="gene" reaction="rn:R04952"
        link="http://www.kegg.jp/dbget-bin/www_bget?hsa:54995">
        <graphics name="OXSM, FASN2D, KASI, KS" fgcolor="#000000" bgcolor="#BFFFBF"
             type="rectangle" x="273" y="319" width="46" height="17"/>
    </entry>
    <entry id="67" name="path:hsa00071" type="map"
        link="http://www.kegg.jp/dbget-bin/www_bget?hsa00071">
        <graphics name="Fatty acid degradation" fgcolor="#000000" bgcolor="#FFFFFF"
             type="roundrectangle" x="957" y="785" width="127" height="25"/>
    </entry>
    <entry id="68" name="path:hsa00061" type="map"
        link="http://www.kegg.jp/dbget-bin/www_bget?hsa00061">
        <graphics name="TITLE:Fatty acid biosynthesis" fgcolor="#000000" bgcolor="#FFFFFF"
             type="roundrectangle" x="145" y="58" width="210" height="25"/>
    </entry>
    <entry id="69" name="path:hsa00620" type="map"
        link="http://www.kegg.jp/dbget-bin/www_bget?hsa00620">
        <graphics name="Pyruvate metabolism" fgcolor="#000000" bgcolor="#FFFFFF"
             type="roundrectangle" x="451" y="200" width="118" height="25"/>
    </entry>
    <entry id="70" name="path:hsa00020" type="map"
        link="http://www.kegg.jp/dbget-bin/www_bget?hsa00020">
        <graphics name="Citrate cycle (TCA cycle)" fgcolor="#000000" bgcolor="#FFFFFF"
             type="roundrectangle" x="169" y="99" width="75" height="25"/>
    </entry>
    <entry id="71" name="hsa:55301" type="gene" reaction="rn:R01706"
        link="http://www.kegg.jp/dbget-bin/www_bget?hsa:55301">
        <graphics name="OLAH, AURA1, SAST, THEDC1" fgcolor="#000000" bgcolor="#BFFFBF"
             type="rectangle" x="982" y="677" width="46" height="17"/>
    </entry>
    <entry id="72" name="hsa:2194" type="gene" reaction="rn:R01706"
        link="http://www.kegg.jp/dbget-bin/www_bget?hsa:2194">
        <graphics name="FASN, FAS, OA-519, SDR27X1" fgcolor="#000000" bgcolor="#BFFFBF"
             type="rectangle" x="932" y="658" width="46" height="17"/>
    </entry>
    <entry id="73" name="ko:K00208" type="ortholog" reaction="rn:R04969"
        link="http://www.kegg.jp/dbget-bin/www_bget?K00208">
        <graphics name="K00208" fgcolor="#000000" bgcolor="#FFFFFF"
             type="rectangle" x="982" y="567" width="46" height="17"/>
    </entry>
    <entry id="74" name="ko:K00668" type="ortholog" reaction="rn:R04969"
        link="http://www.kegg.jp/dbget-bin/www_bget?K00668">
        <graphics name="K00668" fgcolor="#000000" bgcolor="#FFFFFF"
             type="rectangle" x="932" y="586" width="46" height="17"/>
    </entry>
    <entry id="75" name="hsa:2194" type="gene" reaction="rn:R04970"
        link="http://www.kegg.jp/dbget-bin/www_bget?hsa:2194">
        <graphics name="FASN, FAS, OA-519, SDR27X1" fgcolor="#000000" bgcolor="#BFFFBF"
             type="rectangle" x="932" y="567" width="46" height="17"/>
    </entry>
    <entry id="76" name="ko:K01716 ko:K02372 ko:K16363" type="ortholog" reaction="rn:R04544"
        link="http://www.kegg.jp/dbget-bin/www_bget?K01716+K02372+K16363">
        <graphics name="K01716..." fgcolor="#000000" bgcolor="#FFFFFF"
             type="rectangle" x="982" y="495" width="46" height="17"/>
    </entry>
    <entry id="77" name="ko:K00668" type="ortholog" reaction="rn:R04544"
        link="http://www.kegg.jp/dbget-bin/www_bget?K00668">
        <graphics name="K00668" fgcolor="#000000" bgcolor="#FFFFFF"
             type="rectangle" x="932" y="495" width="46" height="17"/>
    </entry>
    <entry id="78" name="hsa:2194" type="gene" reaction="rn:R04544"
        link="http://www.kegg.jp/dbget-bin/www_bget?hsa:2194">
        <graphics name="FASN, FAS, OA-519, SDR27X1" fgcolor="#000000" bgcolor="#BFFFBF"
             type="rectangle" x="932" y="476" width="46" height="17"/>
    </entry>
    <entry id="79" name="ko:K00059" type="ortholog" reaction="rn:R04543"
        link="http://www.kegg.jp/dbget-bin/www_bget?K00059">
        <graphics name="K00059" fgcolor="#000000" bgcolor="#FFFFFF"
             type="rectangle" x="982" y="404" width="46" height="17"/>
    </entry>
    <entry id="80" name="ko:K00667" type="ortholog" reaction="rn:R04543"
        link="http://www.kegg.jp/dbget-bin/www_bget?K00667">
        <graphics name="K00667" fgcolor="#000000" bgcolor="#FFFFFF"
             type="rectangle" x="932" y="404" width="46" height="17"/>
    </entry>
    <entry id="81" name="hsa:2194" type="gene" reaction="rn:R04543"
        link="http://www.kegg.jp/dbget-bin/www_bget?hsa:2194">
        <graphics name="FASN, FAS, OA-519, SDR27X1" fgcolor="#000000" bgcolor="#BFFFBF"
             type="rectangle" x="932" y="385" width="46" height="17"/>
    </entry>
    <entry id="82" name="ko:K00647" type="ortholog" reaction="rn:R04968"
        link="http://www.kegg.jp/dbget-bin/www_bget?K00647">
        <graphics name="K00647" fgcolor="#000000" bgcolor="#FFFFFF"
             type="rectangle" x="982" y="300" width="46" height="17"/>
    </entry>
    <entry id="83" name="ko:K00667" type="ortholog" reaction="rn:R04968"
        link="http://www.kegg.jp/dbget-bin/www_bget?K00667">
        <graphics name="K00667" fgcolor="#000000" bgcolor="#FFFFFF"
             type="rectangle" x="932" y="309" width="46" height="17"/>
    </entry>
    <entry id="84" name="hsa:2194" type="gene" reaction="rn:R04968"
        link="http://www.kegg.jp/dbget-bin/www_bget?hsa:2194">
        <graphics name="FASN, FAS, OA-519, SDR27X1" fgcolor="#000000" bgcolor="#BFFFBF"
             type="rectangle" x="932" y="290" width="46" height="17"/>
    </entry>
    <entry id="85" name="ko:K00208" type="ortholog" reaction="rn:R04966"
        link="http://www.kegg.jp/dbget-bin/www_bget?K00208">
        <graphics name="K00208" fgcolor="#000000" bgcolor="#FFFFFF"
             type="rectangle" x="840" y="567" width="46" height="17"/>
    </entry>
    <entry id="86" name="ko:K00668" type="ortholog" reaction="rn:R04966"
        link="http://www.kegg.jp/dbget-bin/www_bget?K00668">
        <graphics name="K00668" fgcolor="#000000" bgcolor="#FFFFFF"
             type="rectangle" x="790" y="586" width="46" height="17"/>
    </entry>
    <entry id="87" name="hsa:2194" type="gene" reaction="rn:R04967"
        link="http://www.kegg.jp/dbget-bin/www_bget?hsa:2194">
        <graphics name="FASN, FAS, OA-519, SDR27X1" fgcolor="#000000" bgcolor="#BFFFBF"
             type="rectangle" x="790" y="567" width="46" height="17"/>
    </entry>
    <entry id="88" name="ko:K01716 ko:K02372 ko:K16363" type="ortholog" reaction="rn:R04568"
        link="http://www.kegg.jp/dbget-bin/www_bget?K01716+K02372+K16363">
        <graphics name="K01716..." fgcolor="#000000" bgcolor="#FFFFFF"
             type="rectangle" x="840" y="495" width="46" height="17"/>
    </entry>
    <entry id="89" name="ko:K00668" type="ortholog" reaction="rn:R04568"
        link="http://www.kegg.jp/dbget-bin/www_bget?K00668">
        <graphics name="K00668" fgcolor="#000000" bgcolor="#FFFFFF"
             type="rectangle" x="790" y="495" width="46" height="17"/>
    </entry>
    <entry id="90" name="hsa:2194" type="gene" reaction="rn:R04568"
        link="http://www.kegg.jp/dbget-bin/www_bget?hsa:2194">
        <graphics name="FASN, FAS, OA-519, SDR27X1" fgcolor="#000000" bgcolor="#BFFFBF"
             type="rectangle" x="790" y="476" width="46" height="17"/>
    </entry>
    <entry id="91" name="ko:K00059" type="ortholog" reaction="rn:R04566"
        link="http://www.kegg.jp/dbget-bin/www_bget?K00059">
        <graphics name="K00059" fgcolor="#000000" bgcolor="#FFFFFF"
             type="rectangle" x="840" y="404" width="46" height="17"/>
    </entry>
    <entry id="92" name="ko:K00667" type="ortholog" reaction="rn:R04566"
        link="http://www.kegg.jp/dbget-bin/www_bget?K00667">
        <graphics name="K00667" fgcolor="#000000" bgcolor="#FFFFFF"
             type="rectangle" x="790" y="404" width="46" height="17"/>
    </entry>
    <entry id="93" name="hsa:2194" type="gene" reaction="rn:R04566"
        link="http://www.kegg.jp/dbget-bin/www_bget?hsa:2194">
        <graphics name="FASN, FAS, OA-519, SDR27X1" fgcolor="#000000" bgcolor="#BFFFBF"
             type="rectangle" x="790" y="385" width="46" height="17"/>
    </entry>
    <entry id="94" name="ko:K00647" type="ortholog" reaction="rn:R04726"
        link="http://www.kegg.jp/dbget-bin/www_bget?K00647">
        <graphics name="K00647" fgcolor="#000000" bgcolor="#FFFFFF"
             type="rectangle" x="840" y="300" width="46" height="17"/>
    </entry>
    <entry id="95" name="ko:K00667" type="ortholog" reaction="rn:R04726"
        link="http://www.kegg.jp/dbget-bin/www_bget?K00667">
        <graphics name="K00667" fgcolor="#000000" bgcolor="#FFFFFF"
             type="rectangle" x="790" y="309" width="46" height="17"/>
    </entry>
    <entry id="96" name="hsa:2194" type="gene" reaction="rn:R04726"
        link="http://www.kegg.jp/dbget-bin/www_bget?hsa:2194">
        <graphics name="FASN, FAS, OA-519, SDR27X1" fgcolor="#000000" bgcolor="#BFFFBF"
             type="rectangle" x="790" y="290" width="46" height="17"/>
    </entry>
    <entry id="97" name="ko:K00208" type="ortholog" reaction="rn:R04724"
        link="http://www.kegg.jp/dbget-bin/www_bget?K00208">
        <graphics name="K00208" fgcolor="#000000" bgcolor="#FFFFFF"
             type="rectangle" x="699" y="567" width="46" height="17"/>
    </entry>
    <entry id="98" name="ko:K00668" type="ortholog" reaction="rn:R04724"
        link="http://www.kegg.jp/dbget-bin/www_bget?K00668">
        <graphics name="K00668" fgcolor="#000000" bgcolor="#FFFFFF"
             type="rectangle" x="649" y="586" width="46" height="17"/>
    </entry>
    <entry id="99" name="hsa:2194" type="gene" reaction="rn:R04725"
        link="http://www.kegg.jp/dbget-bin/www_bget?hsa:2194">
        <graphics name="FASN, FAS, OA-519, SDR27X1" fgcolor="#000000" bgcolor="#BFFFBF"
             type="rectangle" x="649" y="567" width="46" height="17"/>
    </entry>
    <entry id="100" name="ko:K01716 ko:K02372 ko:K16363" type="ortholog" reaction="rn:R04965"
        link="http://www.kegg.jp/dbget-bin/www_bget?K01716+K02372+K16363">
        <graphics name="K01716..." fgcolor="#000000" bgcolor="#FFFFFF"
             type="rectangle" x="699" y="495" width="46" height="17"/>
    </entry>
    <entry id="101" name="ko:K00668" type="ortholog" reaction="rn:R04965"
        link="http://www.kegg.jp/dbget-bin/www_bget?K00668">
        <graphics name="K00668" fgcolor="#000000" bgcolor="#FFFFFF"
             type="rectangle" x="649" y="495" width="46" height="17"/>
    </entry>
    <entry id="102" name="hsa:2194" type="gene" reaction="rn:R04965"
        link="http://www.kegg.jp/dbget-bin/www_bget?hsa:2194">
        <graphics name="FASN, FAS, OA-519, SDR27X1" fgcolor="#000000" bgcolor="#BFFFBF"
             type="rectangle" x="649" y="476" width="46" height="17"/>
    </entry>
    <entry id="103" name="ko:K00059" type="ortholog" reaction="rn:R04964"
        link="http://www.kegg.jp/dbget-bin/www_bget?K00059">
        <graphics name="K00059" fgcolor="#000000" bgcolor="#FFFFFF"
             type="rectangle" x="699" y="404" width="46" height="17"/>
    </entry>
    <entry id="104" name="ko:K00667" type="ortholog" reaction="rn:R04964"
        link="http://www.kegg.jp/dbget-bin/www_bget?K00667">
        <graphics name="K00667" fgcolor="#000000" bgcolor="#FFFFFF"
             type="rectangle" x="649" y="404" width="46" height="17"/>
    </entry>
    <entry id="105" name="hsa:2194" type="gene" reaction="rn:R04964"
        link="http://www.kegg.jp/dbget-bin/www_bget?hsa:2194">
        <graphics name="FASN, FAS, OA-519, SDR27X1" fgcolor="#000000" bgcolor="#BFFFBF"
             type="rectangle" x="649" y="385" width="46" height="17"/>
    </entry>
    <entry id="106" name="ko:K00647" type="ortholog" reaction="rn:R04963"
        link="http://www.kegg.jp/dbget-bin/www_bget?K00647">
        <graphics name="K00647" fgcolor="#000000" bgcolor="#FFFFFF"
             type="rectangle" x="699" y="300" width="46" height="17"/>
    </entry>
    <entry id="107" name="ko:K00667" type="ortholog" reaction="rn:R04963"
        link="http://www.kegg.jp/dbget-bin/www_bget?K00667">
        <graphics name="K00667" fgcolor="#000000" bgcolor="#FFFFFF"
             type="rectangle" x="649" y="309" width="46" height="17"/>
    </entry>
    <entry id="108" name="hsa:2194" type="gene" reaction="rn:R04963"
        link="http://www.kegg.jp/dbget-bin/www_bget?hsa:2194">
        <graphics name="FASN, FAS, OA-519, SDR27X1" fgcolor="#000000" bgcolor="#BFFFBF"
             type="rectangle" x="649" y="290" width="46" height="17"/>
    </entry>
    <entry id="109" name="ko:K00208" type="ortholog" reaction="rn:R04961"
        link="http://www.kegg.jp/dbget-bin/www_bget?K00208">
        <graphics name="K00208" fgcolor="#000000" bgcolor="#FFFFFF"
             type="rectangle" x="557" y="567" width="46" height="17"/>
    </entry>
    <entry id="110" name="ko:K00668" type="ortholog" reaction="rn:R04961"
        link="http://www.kegg.jp/dbget-bin/www_bget?K00668">
        <graphics name="K00668" fgcolor="#000000" bgcolor="#FFFFFF"
             type="rectangle" x="507" y="586" width="46" height="17"/>
    </entry>
    <entry id="111" name="hsa:2194" type="gene" reaction="rn:R04962"
        link="http://www.kegg.jp/dbget-bin/www_bget?hsa:2194">
        <graphics name="FASN, FAS, OA-519, SDR27X1" fgcolor="#000000" bgcolor="#BFFFBF"
             type="rectangle" x="507" y="567" width="46" height="17"/>
    </entry>
    <entry id="112" name="ko:K01716 ko:K02372 ko:K16363" type="ortholog" reaction="rn:R04535"
        link="http://www.kegg.jp/dbget-bin/www_bget?K01716+K02372+K16363">
        <graphics name="K01716..." fgcolor="#000000" bgcolor="#FFFFFF"
             type="rectangle" x="557" y="495" width="46" height="17"/>
    </entry>
    <entry id="113" name="ko:K00668" type="ortholog" reaction="rn:R04535"
        link="http://www.kegg.jp/dbget-bin/www_bget?K00668">
        <graphics name="K00668" fgcolor="#000000" bgcolor="#FFFFFF"
             type="rectangle" x="507" y="495" width="46" height="17"/>
    </entry>
    <entry id="114" name="hsa:2194" type="gene" reaction="rn:R04535"
        link="http://www.kegg.jp/dbget-bin/www_bget?hsa:2194">
        <graphics name="FASN, FAS, OA-519, SDR27X1" fgcolor="#000000" bgcolor="#BFFFBF"
             type="rectangle" x="507" y="476" width="46" height="17"/>
    </entry>
    <entry id="115" name="ko:K00059" type="ortholog" reaction="rn:R04534"
        link="http://www.kegg.jp/dbget-bin/www_bget?K00059">
        <graphics name="K00059" fgcolor="#000000" bgcolor="#FFFFFF"
             type="rectangle" x="557" y="404" width="46" height="17"/>
    </entry>
    <entry id="116" name="ko:K00667" type="ortholog" reaction="rn:R04534"
        link="http://www.kegg.jp/dbget-bin/www_bget?K00667">
        <graphics name="K00667" fgcolor="#000000" bgcolor="#FFFFFF"
             type="rectangle" x="507" y="404" width="46" height="17"/>
    </entry>
    <entry id="117" name="hsa:2194" type="gene" reaction="rn:R04534"
        link="http://www.kegg.jp/dbget-bin/www_bget?hsa:2194">
        <graphics name="FASN, FAS, OA-519, SDR27X1" fgcolor="#000000" bgcolor="#BFFFBF"
             type="rectangle" x="507" y="385" width="46" height="17"/>
    </entry>
    <entry id="118" name="ko:K00647" type="ortholog" reaction="rn:R04960"
        link="http://www.kegg.jp/dbget-bin/www_bget?K00647">
        <graphics name="K00647" fgcolor="#000000" bgcolor="#FFFFFF"
             type="rectangle" x="557" y="300" width="46" height="17"/>
    </entry>
    <entry id="119" name="ko:K00667" type="ortholog" reaction="rn:R04960"
        link="http://www.kegg.jp/dbget-bin/www_bget?K00667">
        <graphics name="K00667" fgcolor="#000000" bgcolor="#FFFFFF"
             type="rectangle" x="507" y="309" width="46" height="17"/>
    </entry>
    <entry id="120" name="hsa:2194" type="gene" reaction="rn:R04960"
        link="http://www.kegg.jp/dbget-bin/www_bget?hsa:2194">
        <graphics name="FASN, FAS, OA-519, SDR27X1" fgcolor="#000000" bgcolor="#BFFFBF"
             type="rectangle" x="507" y="290" width="46" height="17"/>
    </entry>
    <entry id="121" name="ko:K00208" type="ortholog" reaction="rn:R04958"
        link="http://www.kegg.jp/dbget-bin/www_bget?K00208">
        <graphics name="K00208" fgcolor="#000000" bgcolor="#FFFFFF"
             type="rectangle" x="415" y="567" width="46" height="17"/>
    </entry>
    <entry id="122" name="ko:K00668" type="ortholog" reaction="rn:R04958"
        link="http://www.kegg.jp/dbget-bin/www_bget?K00668">
        <graphics name="K00668" fgcolor="#000000" bgcolor="#FFFFFF"
             type="rectangle" x="365" y="586" width="46" height="17"/>
    </entry>
    <entry id="123" name="hsa:2194" type="gene" reaction="rn:R04959"
        link="http://www.kegg.jp/dbget-bin/www_bget?hsa:2194">
        <graphics name="FASN, FAS, OA-519, SDR27X1" fgcolor="#000000" bgcolor="#BFFFBF"
             type="rectangle" x="365" y="567" width="46" height="17"/>
    </entry>
    <entry id="124" name="ko:K01716 ko:K02372 ko:K16363" type="ortholog" reaction="rn:R04537"
        link="http://www.kegg.jp/dbget-bin/www_bget?K01716+K02372+K16363">
        <graphics name="K01716..." fgcolor="#000000" bgcolor="#FFFFFF"
             type="rectangle" x="415" y="495" width="46" height="17"/>
    </entry>
    <entry id="125" name="ko:K00668" type="ortholog" reaction="rn:R04537"
        link="http://www.kegg.jp/dbget-bin/www_bget?K00668">
        <graphics name="K00668" fgcolor="#000000" bgcolor="#FFFFFF"
             type="rectangle" x="365" y="495" width="46" height="17"/>
    </entry>
    <entry id="126" name="hsa:2194" type="gene" reaction="rn:R04537"
        link="http://www.kegg.jp/dbget-bin/www_bget?hsa:2194">
        <graphics name="FASN, FAS, OA-519, SDR27X1" fgcolor="#000000" bgcolor="#BFFFBF"
             type="rectangle" x="365" y="476" width="46" height="17"/>
    </entry>
    <entry id="127" name="ko:K00059" type="ortholog" reaction="rn:R04536"
        link="http://www.kegg.jp/dbget-bin/www_bget?K00059">
        <graphics name="K00059" fgcolor="#000000" bgcolor="#FFFFFF"
             type="rectangle" x="415" y="404" width="46" height="17"/>
    </entry>
    <entry id="128" name="ko:K00667" type="ortholog" reaction="rn:R04536"
        link="http://www.kegg.jp/dbget-bin/www_bget?K00667">
        <graphics name="K00667" fgcolor="#000000" bgcolor="#FFFFFF"
             type="rectangle" x="365" y="404" width="46" height="17"/>
    </entry>
    <entry id="129" name="hsa:2194" type="gene" reaction="rn:R04536"
        link="http://www.kegg.jp/dbget-bin/www_bget?hsa:2194">
        <graphics name="FASN, FAS, OA-519, SDR27X1" fgcolor="#000000" bgcolor="#BFFFBF"
             type="rectangle" x="365" y="385" width="46" height="17"/>
    </entry>
    <entry id="130" name="ko:K00647" type="ortholog" reaction="rn:R04957"
        link="http://www.kegg.jp/dbget-bin/www_bget?K00647">
        <graphics name="K00647" fgcolor="#000000" bgcolor="#FFFFFF"
             type="rectangle" x="415" y="300" width="46" height="17"/>
    </entry>
    <entry id="131" name="ko:K00667" type="ortholog" reaction="rn:R04957"
        link="http://www.kegg.jp/dbget-bin/www_bget?K00667">
        <graphics name="K00667" fgcolor="#000000" bgcolor="#FFFFFF"
             type="rectangle" x="365" y="309" width="46" height="17"/>
    </entry>
    <entry id="132" name="hsa:2194" type="gene" reaction="rn:R04957"
        link="http://www.kegg.jp/dbget-bin/www_bget?hsa:2194">
        <graphics name="FASN, FAS, OA-519, SDR27X1" fgcolor="#000000" bgcolor="#BFFFBF"
             type="rectangle" x="365" y="290" width="46" height="17"/>
    </entry>
    <entry id="133" name="ko:K00208" type="ortholog" reaction="rn:R04955"
        link="http://www.kegg.jp/dbget-bin/www_bget?K00208">
        <graphics name="K00208" fgcolor="#000000" bgcolor="#FFFFFF"
             type="rectangle" x="273" y="567" width="46" height="17"/>
    </entry>
    <entry id="134" name="ko:K00668" type="ortholog" reaction="rn:R04955"
        link="http://www.kegg.jp/dbget-bin/www_bget?K00668">
        <graphics name="K00668" fgcolor="#000000" bgcolor="#FFFFFF"
             type="rectangle" x="223" y="586" width="46" height="17"/>
    </entry>
    <entry id="135" name="hsa:2194" type="gene" reaction="rn:R04956"
        link="http://www.kegg.jp/dbget-bin/www_bget?hsa:2194">
        <graphics name="FASN, FAS, OA-519, SDR27X1" fgcolor="#000000" bgcolor="#BFFFBF"
             type="rectangle" x="223" y="567" width="46" height="17"/>
    </entry>
    <entry id="136" name="ko:K01716 ko:K02372 ko:K16363" type="ortholog" reaction="rn:R04954"
        link="http://www.kegg.jp/dbget-bin/www_bget?K01716+K02372+K16363">
        <graphics name="K01716..." fgcolor="#000000" bgcolor="#FFFFFF"
             type="rectangle" x="273" y="495" width="46" height="17"/>
    </entry>
    <entry id="137" name="ko:K00668" type="ortholog" reaction="rn:R04954"
        link="http://www.kegg.jp/dbget-bin/www_bget?K00668">
        <graphics name="K00668" fgcolor="#000000" bgcolor="#FFFFFF"
             type="rectangle" x="223" y="495" width="46" height="17"/>
    </entry>
    <entry id="138" name="hsa:2194" type="gene" reaction="rn:R04954"
        link="http://www.kegg.jp/dbget-bin/www_bget?hsa:2194">
        <graphics name="FASN, FAS, OA-519, SDR27X1" fgcolor="#000000" bgcolor="#BFFFBF"
             type="rectangle" x="223" y="476" width="46" height="17"/>
    </entry>
    <entry id="139" name="ko:K00059" type="ortholog" reaction="rn:R04953"
        link="http://www.kegg.jp/dbget-bin/www_bget?K00059">
        <graphics name="K00059" fgcolor="#000000" bgcolor="#FFFFFF"
             type="rectangle" x="273" y="404" width="46" height="17"/>
    </entry>
    <entry id="140" name="ko:K00667" type="ortholog" reaction="rn:R04953"
        link="http://www.kegg.jp/dbget-bin/www_bget?K00667">
        <graphics name="K00667" fgcolor="#000000" bgcolor="#FFFFFF"
             type="rectangle" x="223" y="404" width="46" height="17"/>
    </entry>
    <entry id="141" name="hsa:2194" type="gene" reaction="rn:R04953"
        link="http://www.kegg.jp/dbget-bin/www_bget?hsa:2194">
        <graphics name="FASN, FAS, OA-519, SDR27X1" fgcolor="#000000" bgcolor="#BFFFBF"
             type="rectangle" x="223" y="385" width="46" height="17"/>
    </entry>
    <entry id="142" name="ko:K00647" type="ortholog" reaction="rn:R04952"
        link="http://www.kegg.jp/dbget-bin/www_bget?K00647">
        <graphics name="K00647" fgcolor="#000000" bgcolor="#FFFFFF"
             type="rectangle" x="273" y="300" width="46" height="17"/>
    </entry>
    <entry id="143" name="hsa:2194" type="gene" reaction="rn:R04952"
        link="http://www.kegg.jp/dbget-bin/www_bget?hsa:2194">
        <graphics name="FASN, FAS, OA-519, SDR27X1" fgcolor="#000000" bgcolor="#BFFFBF"
             type="rectangle" x="223" y="290" width="46" height="17"/>
    </entry>
    <entry id="144" name="ko:K00667" type="ortholog" reaction="rn:R04952"
        link="http://www.kegg.jp/dbget-bin/www_bget?K00667">
        <graphics name="K00667" fgcolor="#000000" bgcolor="#FFFFFF"
             type="rectangle" x="223" y="309" width="46" height="17"/>
    </entry>
    <entry id="145" name="ko:K00208" type="ortholog" reaction="rn:R04429"
        link="http://www.kegg.jp/dbget-bin/www_bget?K00208">
        <graphics name="K00208" fgcolor="#000000" bgcolor="#FFFFFF"
             type="rectangle" x="132" y="567" width="46" height="17"/>
    </entry>
    <entry id="146" name="ko:K00668" type="ortholog" reaction="rn:R04429"
        link="http://www.kegg.jp/dbget-bin/www_bget?K00668">
        <graphics name="K00668" fgcolor="#000000" bgcolor="#FFFFFF"
             type="rectangle" x="82" y="586" width="46" height="17"/>
    </entry>
    <entry id="147" name="hsa:2194" type="gene" reaction="rn:R04430"
        link="http://www.kegg.jp/dbget-bin/www_bget?hsa:2194">
        <graphics name="FASN, FAS, OA-519, SDR27X1" fgcolor="#000000" bgcolor="#BFFFBF"
             type="rectangle" x="82" y="567" width="46" height="17"/>
    </entry>
    <entry id="148" name="ko:K01716 ko:K02372 ko:K16363" type="ortholog" reaction="rn:R04428"
        link="http://www.kegg.jp/dbget-bin/www_bget?K01716+K02372+K16363">
        <graphics name="K01716..." fgcolor="#000000" bgcolor="#FFFFFF"
             type="rectangle" x="132" y="495" width="46" height="17"/>
    </entry>
    <entry id="149" name="ko:K00668" type="ortholog" reaction="rn:R04428"
        link="http://www.kegg.jp/dbget-bin/www_bget?K00668">
        <graphics name="K00668" fgcolor="#000000" bgcolor="#FFFFFF"
             type="rectangle" x="82" y="495" width="46" height="17"/>
    </entry>
    <entry id="150" name="hsa:2194" type="gene" reaction="rn:R04428"
        link="http://www.kegg.jp/dbget-bin/www_bget?hsa:2194">
        <graphics name="FASN, FAS, OA-519, SDR27X1" fgcolor="#000000" bgcolor="#BFFFBF"
             type="rectangle" x="82" y="476" width="46" height="17"/>
    </entry>
    <entry id="151" name="ko:K00059" type="ortholog" reaction="rn:R04533"
        link="http://www.kegg.jp/dbget-bin/www_bget?K00059">
        <graphics name="K00059" fgcolor="#000000" bgcolor="#FFFFFF"
             type="rectangle" x="132" y="404" width="46" height="17"/>
    </entry>
    <entry id="152" name="ko:K00667" type="ortholog" reaction="rn:R04533"
        link="http://www.kegg.jp/dbget-bin/www_bget?K00667">
        <graphics name="K00667" fgcolor="#000000" bgcolor="#FFFFFF"
             type="rectangle" x="82" y="404" width="46" height="17"/>
    </entry>
    <entry id="153" name="hsa:2194" type="gene" reaction="rn:R04533"
        link="http://www.kegg.jp/dbget-bin/www_bget?hsa:2194">
        <graphics name="FASN, FAS, OA-519, SDR27X1" fgcolor="#000000" bgcolor="#BFFFBF"
             type="rectangle" x="82" y="385" width="46" height="17"/>
    </entry>
    <entry id="154" name="ko:K00667" type="ortholog" reaction="rn:R04355"
        link="http://www.kegg.jp/dbget-bin/www_bget?K00667">
        <graphics name="K00667" fgcolor="#000000" bgcolor="#FFFFFF"
             type="rectangle" x="82" y="309" width="46" height="17"/>
    </entry>
    <entry id="155" name="hsa:2194" type="gene" reaction="rn:R04355"
        link="http://www.kegg.jp/dbget-bin/www_bget?hsa:2194">
        <graphics name="FASN, FAS, OA-519, SDR27X1" fgcolor="#000000" bgcolor="#BFFFBF"
             type="rectangle" x="82" y="290" width="46" height="17"/>
    </entry>
    <entry id="156" name="hsa:27349" type="gene" reaction="rn:R01626"
        link="http://www.kegg.jp/dbget-bin/www_bget?hsa:27349">
        <graphics name="MCAT, FASN2C, MCT, MT, NET62, fabD" fgcolor="#000000" bgcolor="#BFFFBF"
             type="rectangle" x="245" y="208" width="46" height="17"/>
    </entry>
    <entry id="157" name="ko:K00668" type="ortholog" reaction="rn:R01626"
        link="http://www.kegg.jp/dbget-bin/www_bget?K00668">
        <graphics name="K00668" fgcolor="#000000" bgcolor="#FFFFFF"
             type="rectangle" x="195" y="227" width="46" height="17"/>
    </entry>
    <entry id="158" name="hsa:2194" type="gene" reaction="rn:R01626"
        link="http://www.kegg.jp/dbget-bin/www_bget?hsa:2194">
        <graphics name="FASN, FAS, OA-519, SDR27X1" fgcolor="#000000" bgcolor="#BFFFBF"
             type="rectangle" x="195" y="208" width="46" height="17"/>
    </entry>
    <entry id="159" name="ko:K11533" type="ortholog" reaction="rn:R01624"
        link="http://www.kegg.jp/dbget-bin/www_bget?K11533">
        <graphics name="K11533" fgcolor="#000000" bgcolor="#FFFFFF"
             type="rectangle" x="82" y="204" width="46" height="17"/>
    </entry>
    <entry id="160" name="ko:K00668" type="ortholog" reaction="rn:R01624"
        link="http://www.kegg.jp/dbget-bin/www_bget?K00668">
        <graphics name="K00668" fgcolor="#000000" bgcolor="#FFFFFF"
             type="rectangle" x="82" y="185" width="46" height="17"/>
    </entry>
    <entry id="161" name="hsa:2194" type="gene" reaction="rn:R01624"
        link="http://www.kegg.jp/dbget-bin/www_bget?hsa:2194">
        <graphics name="FASN, FAS, OA-519, SDR27X1" fgcolor="#000000" bgcolor="#BFFFBF"
             type="rectangle" x="82" y="166" width="46" height="17"/>
    </entry>
    <entry id="162" name="hsa:31 hsa:32" type="gene" reaction="rn:R04385"
        link="http://www.kegg.jp/dbget-bin/www_bget?hsa:31+hsa:32">
        <graphics name="ACACA, ACAC, ACACAD, ACC, ACC1, ACCA..." fgcolor="#000000" bgcolor="#BFFFBF"
             type="rectangle" x="319" y="145" width="46" height="17"/>
    </entry>
    <entry id="163" name="hsa:31 hsa:32" type="gene" reaction="rn:R04386"
        link="http://www.kegg.jp/dbget-bin/www_bget?hsa:31+hsa:32">
        <graphics name="ACACA, ACAC, ACACAD, ACC, ACC1, ACCA..." fgcolor="#000000" bgcolor="#BFFFBF"
             type="rectangle" x="220" y="145" width="46" height="17"/>
    </entry>
    <entry id="164" name="path:hsa00410" type="map"
        link="http://www.kegg.jp/dbget-bin/www_bget?hsa00410">
        <graphics name="beta-Alanine metabolism" fgcolor="#000000" bgcolor="#FFFFFF"
             type="roundrectangle" x="457" y="229" width="130" height="25"/>
    </entry>
    <entry id="165" name="cpd:C00024" type="compound"
        link="http://www.kegg.jp/dbget-bin/www_bget?C00024">
        <graphics name="C00024" fgcolor="#000000" bgcolor="#FFFFFF"
             type="circle" x="107" y="126" width="8" height="8"/>
    </entry>
    <entry id="166" name="cpd:C04419" type="compound"
        link="http://www.kegg.jp/dbget-bin/www_bget?C04419">
        <graphics name="C04419" fgcolor="#000000" bgcolor="#FFFFFF"
             type="circle" x="318" y="112" width="8" height="8"/>
    </entry>
    <entry id="167" name="cpd:C06250" type="compound"
        link="http://www.kegg.jp/dbget-bin/www_bget?C06250">
        <graphics name="C06250" fgcolor="#000000" bgcolor="#FFFFFF"
             type="circle" x="318" y="163" width="8" height="8"/>
    </entry>
    <entry id="168" name="cpd:C00083" type="compound"
        link="http://www.kegg.jp/dbget-bin/www_bget?C00083">
        <graphics name="C00083" fgcolor="#000000" bgcolor="#FFFFFF"
             type="circle" x="220" y="179" width="8" height="8"/>
    </entry>
    <entry id="169" name="cpd:C01209" type="compound"
        link="http://www.kegg.jp/dbget-bin/www_bget?C01209">
        <graphics name="C01209" fgcolor="#000000" bgcolor="#FFFFFF"
             type="circle" x="220" y="254" width="8" height="8"/>
    </entry>
    <entry id="170" name="cpd:C03939" type="compound"
        link="http://www.kegg.jp/dbget-bin/www_bget?C03939">
        <graphics name="C03939" fgcolor="#000000" bgcolor="#FFFFFF"
             type="circle" x="107" y="234" width="8" height="8"/>
    </entry>
    <entry id="171" name="cpd:C05744" type="compound"
        link="http://www.kegg.jp/dbget-bin/www_bget?C05744">
        <graphics name="C05744" fgcolor="#000000" bgcolor="#FFFFFF"
             type="circle" x="107" y="355" width="8" height="8"/>
    </entry>
    <entry id="172" name="cpd:C04618" type="compound"
        link="http://www.kegg.jp/dbget-bin/www_bget?C04618">
        <graphics name="C04618" fgcolor="#000000" bgcolor="#FFFFFF"
             type="circle" x="107" y="448" width="8" height="8"/>
    </entry>
    <entry id="173" name="cpd:C04246" type="compound"
        link="http://www.kegg.jp/dbget-bin/www_bget?C04246">
        <graphics name="C04246" fgcolor="#000000" bgcolor="#FFFFFF"
             type="circle" x="107" y="539" width="8" height="8"/>
    </entry>
    <entry id="174" name="cpd:C05745" type="compound"
        link="http://www.kegg.jp/dbget-bin/www_bget?C05745">
        <graphics name="C05745" fgcolor="#000000" bgcolor="#FFFFFF"
             type="circle" x="107" y="631" width="8" height="8"/>
    </entry>
    <entry id="175" name="cpd:C00229" type="compound"
        link="http://www.kegg.jp/dbget-bin/www_bget?C00229">
        <graphics name="C00229" fgcolor="#000000" bgcolor="#FFFFFF"
             type="circle" x="71" y="141" width="8" height="8"/>
    </entry>
    <entry id="176" name="cpd:C05746" type="compound"
        link="http://www.kegg.jp/dbget-bin/www_bget?C05746">
        <graphics name="C05746" fgcolor="#000000" bgcolor="#FFFFFF"
             type="circle" x="248" y="355" width="8" height="8"/>
    </entry>
    <entry id="177" name="cpd:C05747" type="compound"
        link="http://www.kegg.jp/dbget-bin/www_bget?C05747">
        <graphics name="C05747" fgcolor="#000000" bgcolor="#FFFFFF"
             type="circle" x="248" y="448" width="8" height="8"/>
    </entry>
    <entry id="178" name="cpd:C05748" type="compound"
        link="http://www.kegg.jp/dbget-bin/www_bget?C05748">
        <graphics name="C05748" fgcolor="#000000" bgcolor="#FFFFFF"
             type="circle" x="248" y="539" width="8" height="8"/>
    </entry>
    <entry id="179" name="cpd:C05749" type="compound"
        link="http://www.kegg.jp/dbget-bin/www_bget?C05749">
        <graphics name="C05749" fgcolor="#000000" bgcolor="#FFFFFF"
             type="circle" x="248" y="631" width="8" height="8"/>
    </entry>
    <entry id="180" name="cpd:C05752" type="compound"
        link="http://www.kegg.jp/dbget-bin/www_bget?C05752">
        <graphics name="C05752" fgcolor="#000000" bgcolor="#FFFFFF"
             type="circle" x="390" y="631" width="8" height="8"/>
    </entry>
    <entry id="181" name="cpd:C05751" type="compound"
        link="http://www.kegg.jp/dbget-bin/www_bget?C05751">
        <graphics name="C05751" fgcolor="#000000" bgcolor="#FFFFFF"
             type="circle" x="390" y="539" width="8" height="8"/>
    </entry>
    <entry id="182" name="cpd:C04620" type="compound"
        link="http://www.kegg.jp/dbget-bin/www_bget?C04620">
        <graphics name="C04620" fgcolor="#000000" bgcolor="#FFFFFF"
             type="circle" x="390" y="448" width="8" height="8"/>
    </entry>
    <entry id="183" name="cpd:C05750" type="compound"
        link="http://www.kegg.jp/dbget-bin/www_bget?C05750">
        <graphics name="C05750" fgcolor="#000000" bgcolor="#FFFFFF"
             type="circle" x="390" y="355" width="8" height="8"/>
    </entry>
    <entry id="184" name="cpd:C05753" type="compound"
        link="http://www.kegg.jp/dbget-bin/www_bget?C05753">
        <graphics name="C05753" fgcolor="#000000" bgcolor="#FFFFFF"
             type="circle" x="532" y="355" width="8" height="8"/>
    </entry>
    <entry id="185" name="cpd:C04619" type="compound"
        link="http://www.kegg.jp/dbget-bin/www_bget?C04619">
        <graphics name="C04619" fgcolor="#000000" bgcolor="#FFFFFF"
             type="circle" x="532" y="448" width="8" height="8"/>
    </entry>
    <entry id="186" name="cpd:C05754" type="compound"
        link="http://www.kegg.jp/dbget-bin/www_bget?C05754">
        <graphics name="C05754" fgcolor="#000000" bgcolor="#FFFFFF"
             type="circle" x="532" y="539" width="8" height="8"/>
    </entry>
    <entry id="187" name="cpd:C05755" type="compound"
        link="http://www.kegg.jp/dbget-bin/www_bget?C05755">
        <graphics name="C05755" fgcolor="#000000" bgcolor="#FFFFFF"
             type="circle" x="532" y="631" width="8" height="8"/>
    </entry>
    <entry id="188" name="cpd:C05223" type="compound"
        link="http://www.kegg.jp/dbget-bin/www_bget?C05223">
        <graphics name="C05223" fgcolor="#000000" bgcolor="#FFFFFF"
             type="circle" x="674" y="631" width="8" height="8"/>
    </entry>
    <entry id="189" name="cpd:C05758" type="compound"
        link="http://www.kegg.jp/dbget-bin/www_bget?C05758">
        <graphics name="C05758" fgcolor="#000000" bgcolor="#FFFFFF"
             type="circle" x="674" y="539" width="8" height="8"/>
    </entry>
    <entry id="190" name="cpd:C05757" type="compound"
        link="http://www.kegg.jp/dbget-bin/www_bget?C05757">
        <graphics name="C05757" fgcolor="#000000" bgcolor="#FFFFFF"
             type="circle" x="674" y="448" width="8" height="8"/>
    </entry>
    <entry id="191" name="cpd:C05756" type="compound"
        link="http://www.kegg.jp/dbget-bin/www_bget?C05756">
        <graphics name="C05756" fgcolor="#000000" bgcolor="#FFFFFF"
             type="circle" x="674" y="355" width="8" height="8"/>
    </entry>
    <entry id="192" name="cpd:C05759" type="compound"
        link="http://www.kegg.jp/dbget-bin/www_bget?C05759">
        <graphics name="C05759" fgcolor="#000000" bgcolor="#FFFFFF"
             type="circle" x="815" y="355" width="8" height="8"/>
    </entry>
    <entry id="193" name="cpd:C04688" type="compound"
        link="http://www.kegg.jp/dbget-bin/www_bget?C04688">
        <graphics name="C04688" fgcolor="#000000" bgcolor="#FFFFFF"
             type="circle" x="815" y="448" width="8" height="8"/>
    </entry>
    <entry id="194" name="cpd:C05760" type="compound"
        link="http://www.kegg.jp/dbget-bin/www_bget?C05760">
        <graphics name="C05760" fgcolor="#000000" bgcolor="#FFFFFF"
             type="circle" x="815" y="539" width="8" height="8"/>
    </entry>
    <entry id="195" name="cpd:C05761" type="compound"
        link="http://www.kegg.jp/dbget-bin/www_bget?C05761">
        <graphics name="C05761" fgcolor="#000000" bgcolor="#FFFFFF"
             type="circle" x="815" y="631" width="8" height="8"/>
    </entry>
    <entry id="196" name="cpd:C00249" type="compound"
        link="http://www.kegg.jp/dbget-bin/www_bget?C00249">
        <graphics name="C00249" fgcolor="#000000" bgcolor="#FFFFFF"
             type="circle" x="957" y="722" width="8" height="8"/>
    </entry>
    <entry id="197" name="cpd:C05764" type="compound"
        link="http://www.kegg.jp/dbget-bin/www_bget?C05764">
        <graphics name="C05764" fgcolor="#000000" bgcolor="#FFFFFF"
             type="circle" x="957" y="631" width="8" height="8"/>
    </entry>
    <entry id="198" name="cpd:C05763" type="compound"
        link="http://www.kegg.jp/dbget-bin/www_bget?C05763">
        <graphics name="C05763" fgcolor="#000000" bgcolor="#FFFFFF"
             type="circle" x="957" y="539" width="8" height="8"/>
    </entry>
    <entry id="199" name="cpd:C04633" type="compound"
        link="http://www.kegg.jp/dbget-bin/www_bget?C04633">
        <graphics name="C04633" fgcolor="#000000" bgcolor="#FFFFFF"
             type="circle" x="957" y="448" width="8" height="8"/>
    </entry>
    <entry id="200" name="cpd:C05762" type="compound"
        link="http://www.kegg.jp/dbget-bin/www_bget?C05762">
        <graphics name="C05762" fgcolor="#000000" bgcolor="#FFFFFF"
             type="circle" x="957" y="355" width="8" height="8"/>
    </entry>
    <entry id="242" name="ko:K11533" type="ortholog" reaction="rn:R04355"
        link="http://www.kegg.jp/dbget-bin/www_bget?K11533">
        <graphics name="K11533" fgcolor="#000000" bgcolor="#FFFFFF"
             type="rectangle" x="82" y="328" width="46" height="17"/>
    </entry>
    <entry id="243" name="ko:K11533" type="ortholog" reaction="rn:R04952"
        link="http://www.kegg.jp/dbget-bin/www_bget?K11533">
        <graphics name="K11533" fgcolor="#000000" bgcolor="#FFFFFF"
             type="rectangle" x="223" y="328" width="46" height="17"/>
    </entry>
    <entry id="244" name="ko:K11533" type="ortholog" reaction="rn:R04957"
        link="http://www.kegg.jp/dbget-bin/www_bget?K11533">
        <graphics name="K11533" fgcolor="#000000" bgcolor="#FFFFFF"
             type="rectangle" x="365" y="328" width="46" height="17"/>
    </entry>
    <entry id="245" name="ko:K11533" type="ortholog" reaction="rn:R04960"
        link="http://www.kegg.jp/dbget-bin/www_bget?K11533">
        <graphics name="K11533" fgcolor="#000000" bgcolor="#FFFFFF"
             type="rectangle" x="507" y="328" width="46" height="17"/>
    </entry>
    <entry id="246" name="ko:K11533" type="ortholog" reaction="rn:R04963"
        link="http://www.kegg.jp/dbget-bin/www_bget?K11533">
        <graphics name="K11533" fgcolor="#000000" bgcolor="#FFFFFF"
             type="rectangle" x="649" y="328" width="46" height="17"/>
    </entry>
    <entry id="247" name="ko:K11533" type="ortholog" reaction="rn:R04726"
        link="http://www.kegg.jp/dbget-bin/www_bget?K11533">
        <graphics name="K11533" fgcolor="#000000" bgcolor="#FFFFFF"
             type="rectangle" x="790" y="328" width="46" height="17"/>
    </entry>
    <entry id="248" name="ko:K11533" type="ortholog" reaction="rn:R04968"
        link="http://www.kegg.jp/dbget-bin/www_bget?K11533">
        <graphics name="K11533" fgcolor="#000000" bgcolor="#FFFFFF"
             type="rectangle" x="932" y="328" width="46" height="17"/>
    </entry>
    <entry id="249" name="ko:K11533" type="ortholog" reaction="rn:R04533"
        link="http://www.kegg.jp/dbget-bin/www_bget?K11533">
        <graphics name="K11533" fgcolor="#000000" bgcolor="#FFFFFF"
             type="rectangle" x="82" y="423" width="46" height="17"/>
    </entry>
    <entry id="250" name="ko:K11533" type="ortholog" reaction="rn:R04953"
        link="http://www.kegg.jp/dbget-bin/www_bget?K11533">
        <graphics name="K11533" fgcolor="#000000" bgcolor="#FFFFFF"
             type="rectangle" x="223" y="423" width="46" height="17"/>
    </entry>
    <entry id="251" name="ko:K11533" type="ortholog" reaction="rn:R04536"
        link="http://www.kegg.jp/dbget-bin/www_bget?K11533">
        <graphics name="K11533" fgcolor="#000000" bgcolor="#FFFFFF"
             type="rectangle" x="365" y="423" width="46" height="17"/>
    </entry>
    <entry id="252" name="ko:K11533" type="ortholog" reaction="rn:R04534"
        link="http://www.kegg.jp/dbget-bin/www_bget?K11533">
        <graphics name="K11533" fgcolor="#000000" bgcolor="#FFFFFF"
             type="rectangle" x="507" y="423" width="46" height="17"/>
    </entry>
    <entry id="253" name="ko:K11533" type="ortholog" reaction="rn:R04566"
        link="http://www.kegg.jp/dbget-bin/www_bget?K11533">
        <graphics name="K11533" fgcolor="#000000" bgcolor="#FFFFFF"
             type="rectangle" x="790" y="423" width="46" height="17"/>
    </entry>
    <entry id="254" name="ko:K11533" type="ortholog" reaction="rn:R04543"
        link="http://www.kegg.jp/dbget-bin/www_bget?K11533">
        <graphics name="K11533" fgcolor="#000000" bgcolor="#FFFFFF"
             type="rectangle" x="932" y="423" width="46" height="17"/>
    </entry>
    <entry id="255" name="ko:K11533" type="ortholog" reaction="rn:R04964"
        link="http://www.kegg.jp/dbget-bin/www_bget?K11533">
        <graphics name="K11533" fgcolor="#000000" bgcolor="#FFFFFF"
             type="rectangle" x="649" y="423" width="46" height="17"/>
    </entry>
    <entry id="256" name="ko:K11533" type="ortholog" reaction="rn:R04428"
        link="http://www.kegg.jp/dbget-bin/www_bget?K11533">
        <graphics name="K11533" fgcolor="#000000" bgcolor="#FFFFFF"
             type="rectangle" x="82" y="514" width="46" height="17"/>
    </entry>
    <entry id="257" name="ko:K11533" type="ortholog" reaction="rn:R04954"
        link="http://www.kegg.jp/dbget-bin/www_bget?K11533">
        <graphics name="K11533" fgcolor="#000000" bgcolor="#FFFFFF"
             type="rectangle" x="223" y="514" width="46" height="17"/>
    </entry>
    <entry id="258" name="ko:K11533" type="ortholog" reaction="rn:R04537"
        link="http://www.kegg.jp/dbget-bin/www_bget?K11533">
        <graphics name="K11533" fgcolor="#000000" bgcolor="#FFFFFF"
             type="rectangle" x="365" y="514" width="46" height="17"/>
    </entry>
    <entry id="259" name="ko:K11533" type="ortholog" reaction="rn:R04535"
        link="http://www.kegg.jp/dbget-bin/www_bget?K11533">
        <graphics name="K11533" fgcolor="#000000" bgcolor="#FFFFFF"
             type="rectangle" x="507" y="514" width="46" height="17"/>
    </entry>
    <entry id="260" name="ko:K11533" type="ortholog" reaction="rn:R04965"
        link="http://www.kegg.jp/dbget-bin/www_bget?K11533">
        <graphics name="K11533" fgcolor="#000000" bgcolor="#FFFFFF"
             type="rectangle" x="649" y="514" width="46" height="17"/>
    </entry>
    <entry id="261" name="ko:K11533" type="ortholog" reaction="rn:R04568"
        link="http://www.kegg.jp/dbget-bin/www_bget?K11533">
        <graphics name="K11533" fgcolor="#000000" bgcolor="#FFFFFF"
             type="rectangle" x="790" y="514" width="46" height="17"/>
    </entry>
    <entry id="262" name="ko:K11533" type="ortholog" reaction="rn:R04544"
        link="http://www.kegg.jp/dbget-bin/www_bget?K11533">
        <graphics name="K11533" fgcolor="#000000" bgcolor="#FFFFFF"
             type="rectangle" x="932" y="514" width="46" height="17"/>
    </entry>
    <entry id="263" name="ko:K11533" type="ortholog" reaction="rn:R04429"
        link="http://www.kegg.jp/dbget-bin/www_bget?K11533">
        <graphics name="K11533" fgcolor="#000000" bgcolor="#FFFFFF"
             type="rectangle" x="82" y="605" width="46" height="17"/>
    </entry>
    <entry id="264" name="ko:K11533" type="ortholog" reaction="rn:R04955"
        link="http://www.kegg.jp/dbget-bin/www_bget?K11533">
        <graphics name="K11533" fgcolor="#000000" bgcolor="#FFFFFF"
             type="rectangle" x="223" y="605" width="46" height="17"/>
    </entry>
    <entry id="265" name="ko:K11533" type="ortholog" reaction="rn:R04958"
        link="http://www.kegg.jp/dbget-bin/www_bget?K11533">
        <graphics name="K11533" fgcolor="#000000" bgcolor="#FFFFFF"
             type="rectangle" x="365" y="605" width="46" height="17"/>
    </entry>
    <entry id="266" name="ko:K11533" type="ortholog" reaction="rn:R04961"
        link="http://www.kegg.jp/dbget-bin/www_bget?K11533">
        <graphics name="K11533" fgcolor="#000000" bgcolor="#FFFFFF"
             type="rectangle" x="507" y="605" width="46" height="17"/>
    </entry>
    <entry id="267" name="ko:K11533" type="ortholog" reaction="rn:R04724"
        link="http://www.kegg.jp/dbget-bin/www_bget?K11533">
        <graphics name="K11533" fgcolor="#000000" bgcolor="#FFFFFF"
             type="rectangle" x="649" y="605" width="46" height="17"/>
    </entry>
    <entry id="268" name="ko:K11533" type="ortholog" reaction="rn:R04966"
        link="http://www.kegg.jp/dbget-bin/www_bget?K11533">
        <graphics name="K11533" fgcolor="#000000" bgcolor="#FFFFFF"
             type="rectangle" x="790" y="605" width="46" height="17"/>
    </entry>
    <entry id="269" name="ko:K11533" type="ortholog" reaction="rn:R04969"
        link="http://www.kegg.jp/dbget-bin/www_bget?K11533">
        <graphics name="K11533" fgcolor="#000000" bgcolor="#FFFFFF"
             type="rectangle" x="932" y="605" width="46" height="17"/>
    </entry>
    <entry id="270" name="ko:K11533" type="ortholog" reaction="rn:R07762"
        link="http://www.kegg.jp/dbget-bin/www_bget?K11533">
        <graphics name="K11533" fgcolor="#000000" bgcolor="#FFFFFF"
             type="rectangle" x="1159" y="309" width="46" height="17"/>
    </entry>
    <entry id="271" name="ko:K11533" type="ortholog" reaction="rn:R07763"
        link="http://www.kegg.jp/dbget-bin/www_bget?K11533">
        <graphics name="K11533" fgcolor="#000000" bgcolor="#FFFFFF"
             type="rectangle" x="1159" y="404" width="46" height="17"/>
    </entry>
    <entry id="272" name="ko:K11533" type="ortholog" reaction="rn:R07764"
        link="http://www.kegg.jp/dbget-bin/www_bget?K11533">
        <graphics name="K11533" fgcolor="#000000" bgcolor="#FFFFFF"
             type="rectangle" x="1159" y="495" width="46" height="17"/>
    </entry>
    <entry id="273" name="ko:K11533" type="ortholog" reaction="rn:R07765"
        link="http://www.kegg.jp/dbget-bin/www_bget?K11533">
        <graphics name="K11533" fgcolor="#000000" bgcolor="#FFFFFF"
             type="rectangle" x="1159" y="585" width="46" height="17"/>
    </entry>
    <entry id="274" name="ko:K00668" type="ortholog" reaction="rn:R01706"
        link="http://www.kegg.jp/dbget-bin/www_bget?K00668">
        <graphics name="K00668" fgcolor="#000000" bgcolor="#FFFFFF"
             type="rectangle" x="932" y="677" width="46" height="17"/>
    </entry>
    <entry id="275" name="ko:K11533" type="ortholog" reaction="rn:R01706"
        link="http://www.kegg.jp/dbget-bin/www_bget?K11533">
        <graphics name="K11533" fgcolor="#000000" bgcolor="#FFFFFF"
             type="rectangle" x="932" y="696" width="46" height="17"/>
    </entry>
    <entry id="276" name="ko:K11533" type="ortholog" reaction="rn:R08163"
        link="http://www.kegg.jp/dbget-bin/www_bget?K11533">
        <graphics name="K11533" fgcolor="#000000" bgcolor="#FFFFFF"
             type="rectangle" x="1159" y="677" width="46" height="17"/>
    </entry>
    <entry id="277" name="ko:K00647" type="ortholog" reaction="rn:R07762"
        link="http://www.kegg.jp/dbget-bin/www_bget?K00647">
        <graphics name="K00647" fgcolor="#000000" bgcolor="#FFFFFF"
             type="rectangle" x="1209" y="300" width="46" height="17"/>
    </entry>
    <entry id="278" name="ko:K02371" type="ortholog" reaction="rn:R07765"
        link="http://www.kegg.jp/dbget-bin/www_bget?K02371">
        <graphics name="K02371" fgcolor="#000000" bgcolor="#FFFFFF"
             type="rectangle" x="1209" y="595" width="46" height="17"/>
    </entry>
    <entry id="279" name="ko:K00647" type="ortholog" reaction="rn:R04355"
        link="http://www.kegg.jp/dbget-bin/www_bget?K00647">
        <graphics name="K00647" fgcolor="#000000" bgcolor="#FFFFFF"
             type="rectangle" x="132" y="290" width="46" height="17"/>
    </entry>
    <entry id="280" name="hsa:54995" type="gene" reaction="rn:R04355"
        link="http://www.kegg.jp/dbget-bin/www_bget?hsa:54995">
        <graphics name="OXSM, FASN2D, KASI, KS" fgcolor="#000000" bgcolor="#BFFFBF"
             type="rectangle" x="132" y="309" width="46" height="17"/>
    </entry>
    <entry id="281" name="ko:K13935" type="ortholog" reaction="rn:R01626"
        link="http://www.kegg.jp/dbget-bin/www_bget?K13935">
        <graphics name="K13935" fgcolor="#000000" bgcolor="#FFFFFF"
             type="rectangle" x="245" y="227" width="46" height="17"/>
    </entry>
    <relation entry1="162" entry2="163" type="ECrel">
        <subtype name="compound" value="166"/>
    </relation>
    <relation entry1="162" entry2="163" type="ECrel">
        <subtype name="compound" value="167"/>
    </relation>
    <relation entry1="161" entry2="163" type="ECrel">
        <subtype name="compound" value="165"/>
    </relation>
    <relation entry1="158" entry2="163" type="ECrel">
        <subtype name="compound" value="168"/>
    </relation>
    <relation entry1="156" entry2="163" type="ECrel">
        <subtype name="compound" value="168"/>
    </relation>
    <relation entry1="66" entry2="147" type="ECrel">
        <subtype name="compound" value="174"/>
    </relation>
    <relation entry1="66" entry2="158" type="ECrel">
        <subtype name="compound" value="169"/>
    </relation>
    <relation entry1="65" entry2="158" type="ECrel">
        <subtype name="compound" value="169"/>
    </relation>
    <relation entry1="64" entry2="158" type="ECrel">
        <subtype name="compound" value="169"/>
    </relation>
    <relation entry1="63" entry2="158" type="ECrel">
        <subtype name="compound" value="169"/>
    </relation>
    <relation entry1="62" entry2="158" type="ECrel">
        <subtype name="compound" value="169"/>
    </relation>
    <relation entry1="61" entry2="158" type="ECrel">
        <subtype name="compound" value="169"/>
    </relation>
    <relation entry1="52" entry2="158" type="ECrel">
        <subtype name="compound" value="169"/>
    </relation>
    <relation entry1="155" entry2="156" type="ECrel">
        <subtype name="compound" value="169"/>
    </relation>
    <relation entry1="143" entry2="156" type="ECrel">
        <subtype name="compound" value="169"/>
    </relation>
    <relation entry1="66" entry2="156" type="ECrel">
        <subtype name="compound" value="169"/>
    </relation>
    <relation entry1="132" entry2="156" type="ECrel">
        <subtype name="compound" value="169"/>
    </relation>
    <relation entry1="65" entry2="156" type="ECrel">
        <subtype name="compound" value="169"/>
    </relation>
    <relation entry1="120" entry2="156" type="ECrel">
        <subtype name="compound" value="169"/>
    </relation>
    <relation entry1="64" entry2="156" type="ECrel">
        <subtype name="compound" value="169"/>
    </relation>
    <relation entry1="108" entry2="156" type="ECrel">
        <subtype name="compound" value="169"/>
    </relation>
    <relation entry1="63" entry2="156" type="ECrel">
        <subtype name="compound" value="169"/>
    </relation>
    <relation entry1="96" entry2="156" type="ECrel">
        <subtype name="compound" value="169"/>
    </relation>
    <relation entry1="62" entry2="156" type="ECrel">
        <subtype name="compound" value="169"/>
    </relation>
    <relation entry1="84" entry2="156" type="ECrel">
        <subtype name="compound" value="169"/>
    </relation>
    <relation entry1="61" entry2="156" type="ECrel">
        <subtype name="compound" value="169"/>
    </relation>
    <relation entry1="52" entry2="156" type="ECrel">
        <subtype name="compound" value="169"/>
    </relation>
    <relation entry1="66" entry2="155" type="ECrel">
        <subtype name="compound" value="169"/>
    </relation>
    <relation entry1="65" entry2="155" type="ECrel">
        <subtype name="compound" value="169"/>
    </relation>
    <relation entry1="64" entry2="155" type="ECrel">
        <subtype name="compound" value="169"/>
    </relation>
    <relation entry1="63" entry2="155" type="ECrel">
        <subtype name="compound" value="169"/>
    </relation>
    <relation entry1="62" entry2="155" type="ECrel">
        <subtype name="compound" value="169"/>
    </relation>
    <relation entry1="61" entry2="155" type="ECrel">
        <subtype name="compound" value="169"/>
    </relation>
    <relation entry1="52" entry2="155" type="ECrel">
        <subtype name="compound" value="169"/>
    </relation>
    <relation entry1="65" entry2="143" type="ECrel">
        <subtype name="compound" value="169"/>
    </relation>
    <relation entry1="64" entry2="143" type="ECrel">
        <subtype name="compound" value="169"/>
    </relation>
    <relation entry1="63" entry2="143" type="ECrel">
        <subtype name="compound" value="169"/>
    </relation>
    <relation entry1="62" entry2="143" type="ECrel">
        <subtype name="compound" value="169"/>
    </relation>
    <relation entry1="61" entry2="143" type="ECrel">
        <subtype name="compound" value="169"/>
    </relation>
    <relation entry1="52" entry2="143" type="ECrel">
        <subtype name="compound" value="169"/>
    </relation>
    <relation entry1="66" entry2="132" type="ECrel">
        <subtype name="compound" value="169"/>
    </relation>
    <relation entry1="66" entry2="120" type="ECrel">
        <subtype name="compound" value="169"/>
    </relation>
    <relation entry1="66" entry2="108" type="ECrel">
        <subtype name="compound" value="169"/>
    </relation>
    <relation entry1="66" entry2="96" type="ECrel">
        <subtype name="compound" value="169"/>
    </relation>
    <relation entry1="66" entry2="84" type="ECrel">
        <subtype name="compound" value="169"/>
    </relation>
    <relation entry1="64" entry2="132" type="ECrel">
        <subtype name="compound" value="169"/>
    </relation>
    <relation entry1="63" entry2="132" type="ECrel">
        <subtype name="compound" value="169"/>
    </relation>
    <relation entry1="62" entry2="132" type="ECrel">
        <subtype name="compound" value="169"/>
    </relation>
    <relation entry1="61" entry2="132" type="ECrel">
        <subtype name="compound" value="169"/>
    </relation>
    <relation entry1="52" entry2="132" type="ECrel">
        <subtype name="compound" value="169"/>
    </relation>
    <relation entry1="65" entry2="120" type="ECrel">
        <subtype name="compound" value="169"/>
    </relation>
    <relation entry1="65" entry2="108" type="ECrel">
        <subtype name="compound" value="169"/>
    </relation>
    <relation entry1="65" entry2="96" type="ECrel">
        <subtype name="compound" value="169"/>
    </relation>
    <relation entry1="65" entry2="84" type="ECrel">
        <subtype name="compound" value="169"/>
    </relation>
    <relation entry1="63" entry2="120" type="ECrel">
        <subtype name="compound" value="169"/>
    </relation>
    <relation entry1="62" entry2="120" type="ECrel">
        <subtype name="compound" value="169"/>
    </relation>
    <relation entry1="61" entry2="120" type="ECrel">
        <subtype name="compound" value="169"/>
    </relation>
    <relation entry1="52" entry2="120" type="ECrel">
        <subtype name="compound" value="169"/>
    </relation>
    <relation entry1="64" entry2="108" type="ECrel">
        <subtype name="compound" value="169"/>
    </relation>
    <relation entry1="64" entry2="96" type="ECrel">
        <subtype name="compound" value="169"/>
    </relation>
    <relation entry1="64" entry2="84" type="ECrel">
        <subtype name="compound" value="169"/>
    </relation>
    <relation entry1="62" entry2="108" type="ECrel">
        <subtype name="compound" value="169"/>
    </relation>
    <relation entry1="61" entry2="108" type="ECrel">
        <subtype name="compound" value="169"/>
    </relation>
    <relation entry1="52" entry2="108" type="ECrel">
        <subtype name="compound" value="169"/>
    </relation>
    <relation entry1="63" entry2="96" type="ECrel">
        <subtype name="compound" value="169"/>
    </relation>
    <relation entry1="63" entry2="84" type="ECrel">
        <subtype name="compound" value="169"/>
    </relation>
    <relation entry1="61" entry2="96" type="ECrel">
        <subtype name="compound" value="169"/>
    </relation>
    <relation entry1="52" entry2="96" type="ECrel">
        <subtype name="compound" value="169"/>
    </relation>
    <relation entry1="62" entry2="84" type="ECrel">
        <subtype name="compound" value="169"/>
    </relation>
    <relation entry1="52" entry2="84" type="ECrel">
        <subtype name="compound" value="169"/>
    </relation>
    <relation entry1="66" entry2="141" type="ECrel">
        <subtype name="compound" value="176"/>
    </relation>
    <relation entry1="65" entry2="135" type="ECrel">
        <subtype name="compound" value="179"/>
    </relation>
    <relation entry1="65" entry2="129" type="ECrel">
        <subtype name="compound" value="183"/>
    </relation>
    <relation entry1="64" entry2="117" type="ECrel">
        <subtype name="compound" value="184"/>
    </relation>
    <relation entry1="64" entry2="123" type="ECrel">
        <subtype name="compound" value="180"/>
    </relation>
    <relation entry1="63" entry2="111" type="ECrel">
        <subtype name="compound" value="187"/>
    </relation>
    <relation entry1="63" entry2="105" type="ECrel">
        <subtype name="compound" value="191"/>
    </relation>
    <relation entry1="62" entry2="99" type="ECrel">
        <subtype name="compound" value="188"/>
    </relation>
    <relation entry1="62" entry2="93" type="ECrel">
        <subtype name="compound" value="192"/>
    </relation>
    <relation entry1="58" entry2="87" type="ECrel">
        <subtype name="compound" value="195"/>
    </relation>
    <relation entry1="61" entry2="87" type="ECrel">
        <subtype name="compound" value="195"/>
    </relation>
    <relation entry1="36" entry2="61" type="ECrel">
        <subtype name="compound" value="195"/>
    </relation>
    <relation entry1="58" entry2="84" type="ECrel">
        <subtype name="compound" value="195"/>
    </relation>
    <relation entry1="58" entry2="61" type="ECrel">
        <subtype name="compound" value="195"/>
    </relation>
    <relation entry1="61" entry2="81" type="ECrel">
        <subtype name="compound" value="200"/>
    </relation>
    <relation entry1="71" entry2="75" type="ECrel">
        <subtype name="compound" value="197"/>
    </relation>
    <relation entry1="52" entry2="75" type="ECrel">
        <subtype name="compound" value="197"/>
    </relation>
    <relation entry1="52" entry2="72" type="ECrel">
        <subtype name="compound" value="197"/>
    </relation>
    <relation entry1="52" entry2="71" type="ECrel">
        <subtype name="compound" value="197"/>
    </relation>
    <relation entry1="99" entry2="57" type="ECrel">
        <subtype name="compound" value="188"/>
    </relation>
    <relation entry1="96" entry2="57" type="ECrel">
        <subtype name="compound" value="188"/>
    </relation>
    <relation entry1="62" entry2="57" type="ECrel">
        <subtype name="compound" value="188"/>
    </relation>
    <relation entry1="163" entry2="70" type="maplink">
        <subtype name="compound" value="165"/>
    </relation>
    <relation entry1="161" entry2="70" type="maplink">
        <subtype name="compound" value="165"/>
    </relation>
    <relation entry1="163" entry2="69" type="maplink">
        <subtype name="compound" value="168"/>
    </relation>
    <relation entry1="163" entry2="164" type="maplink">
        <subtype name="compound" value="168"/>
    </relation>
    <relation entry1="158" entry2="69" type="maplink">
        <subtype name="compound" value="168"/>
    </relation>
    <relation entry1="158" entry2="164" type="maplink">
        <subtype name="compound" value="168"/>
    </relation>
    <relation entry1="156" entry2="69" type="maplink">
        <subtype name="compound" value="168"/>
    </relation>
    <relation entry1="156" entry2="164" type="maplink">
        <subtype name="compound" value="168"/>
    </relation>
    <relation entry1="69" entry2="164" type="maplink">
        <subtype name="compound" value="168"/>
    </relation>
    <relation entry1="161" entry2="280" type="ECrel">
        <subtype name="compound" value="170"/>
    </relation>
    <relation entry1="280" entry2="153" type="ECrel">
        <subtype name="compound" value="171"/>
    </relation>
    <relation entry1="158" entry2="280" type="ECrel">
        <subtype name="compound" value="169"/>
    </relation>
    <relation entry1="156" entry2="280" type="ECrel">
        <subtype name="compound" value="169"/>
    </relation>
    <relation entry1="280" entry2="143" type="ECrel">
        <subtype name="compound" value="169"/>
    </relation>
    <relation entry1="280" entry2="132" type="ECrel">
        <subtype name="compound" value="169"/>
    </relation>
    <relation entry1="280" entry2="120" type="ECrel">
        <subtype name="compound" value="169"/>
    </relation>
    <relation entry1="280" entry2="108" type="ECrel">
        <subtype name="compound" value="169"/>
    </relation>
    <relation entry1="280" entry2="96" type="ECrel">
        <subtype name="compound" value="169"/>
    </relation>
    <relation entry1="280" entry2="84" type="ECrel">
        <subtype name="compound" value="169"/>
    </relation>
    <reaction id="36" name="rn:R08159" type="irreversible">
        <substrate id="195" name="cpd:C05761"/>
        <product id="32" name="cpd:C06424"/>
    </reaction>
    <reaction id="52" name="rn:R07762" type="irreversible">
        <substrate id="169" name="cpd:C01209"/>
        <substrate id="197" name="cpd:C05764"/>
        <product id="26" name="cpd:C16219"/>
    </reaction>
    <reaction id="55" name="rn:R08163" type="irreversible">
        <substrate id="23" name="cpd:C04088"/>
        <product id="28" name="cpd:C01530"/>
    </reaction>
    <reaction id="56" name="rn:R02814" type="irreversible">
        <substrate id="30" name="cpd:C01203"/>
        <product id="27" name="cpd:C00712"/>
    </reaction>
    <reaction id="57" name="rn:R04014" type="irreversible">
        <substrate id="188" name="cpd:C05223"/>
        <product id="33" name="cpd:C02679"/>
    </reaction>
    <reaction id="58" name="rn:R08159" type="irreversible">
        <substrate id="195" name="cpd:C05761"/>
        <product id="32" name="cpd:C06424"/>
    </reaction>
    <reaction id="61" name="rn:R04968" type="irreversible">
        <substrate id="169" name="cpd:C01209"/>
        <substrate id="195" name="cpd:C05761"/>
        <product id="200" name="cpd:C05762"/>
    </reaction>
    <reaction id="62" name="rn:R04726" type="irreversible">
        <substrate id="169" name="cpd:C01209"/>
        <substrate id="188" name="cpd:C05223"/>
        <product id="192" name="cpd:C05759"/>
    </reaction>
    <reaction id="63" name="rn:R04963" type="irreversible">
        <substrate id="187" name="cpd:C05755"/>
        <substrate id="169" name="cpd:C01209"/>
        <product id="191" name="cpd:C05756"/>
    </reaction>
    <reaction id="64" name="rn:R04960" type="irreversible">
        <substrate id="169" name="cpd:C01209"/>
        <substrate id="180" name="cpd:C05752"/>
        <product id="184" name="cpd:C05753"/>
    </reaction>
    <reaction id="65" name="rn:R04957" type="irreversible">
        <substrate id="169" name="cpd:C01209"/>
        <substrate id="179" name="cpd:C05749"/>
        <product id="183" name="cpd:C05750"/>
    </reaction>
    <reaction id="66" name="rn:R04952" type="irreversible">
        <substrate id="169" name="cpd:C01209"/>
        <substrate id="174" name="cpd:C05745"/>
        <product id="176" name="cpd:C05746"/>
    </reaction>
    <reaction id="71" name="rn:R01706" type="irreversible">
        <substrate id="197" name="cpd:C05764"/>
        <product id="196" name="cpd:C00249"/>
    </reaction>
    <reaction id="72" name="rn:R01706" type="irreversible">
        <substrate id="197" name="cpd:C05764"/>
        <product id="196" name="cpd:C00249"/>
    </reaction>
    <reaction id="75" name="rn:R04970" type="reversible">
        <substrate id="198" name="cpd:C05763"/>
        <product id="197" name="cpd:C05764"/>
    </reaction>
    <reaction id="78" name="rn:R04544" type="reversible">
        <substrate id="199" name="cpd:C04633"/>
        <product id="198" name="cpd:C05763"/>
    </reaction>
    <reaction id="81" name="rn:R04543" type="reversible">
        <substrate id="200" name="cpd:C05762"/>
        <product id="199" name="cpd:C04633"/>
    </reaction>
    <reaction id="84" name="rn:R04968" type="irreversible">
        <substrate id="169" name="cpd:C01209"/>
        <substrate id="195" name="cpd:C05761"/>
        <product id="200" name="cpd:C05762"/>
    </reaction>
    <reaction id="87" name="rn:R04967" type="reversible">
        <substrate id="194" name="cpd:C05760"/>
        <product id="195" name="cpd:C05761"/>
    </reaction>
    <reaction id="90" name="rn:R04568" type="reversible">
        <substrate id="193" name="cpd:C04688"/>
        <product id="194" name="cpd:C05760"/>
    </reaction>
    <reaction id="93" name="rn:R04566" type="reversible">
        <substrate id="192" name="cpd:C05759"/>
        <product id="193" name="cpd:C04688"/>
    </reaction>
    <reaction id="96" name="rn:R04726" type="irreversible">
        <substrate id="169" name="cpd:C01209"/>
        <substrate id="188" name="cpd:C05223"/>
        <product id="192" name="cpd:C05759"/>
    </reaction>
    <reaction id="99" name="rn:R04725" type="reversible">
        <substrate id="189" name="cpd:C05758"/>
        <product id="188" name="cpd:C05223"/>
    </reaction>
    <reaction id="102" name="rn:R04965" type="reversible">
        <substrate id="190" name="cpd:C05757"/>
        <product id="189" name="cpd:C05758"/>
    </reaction>
    <reaction id="105" name="rn:R04964" type="reversible">
        <substrate id="191" name="cpd:C05756"/>
        <product id="190" name="cpd:C05757"/>
    </reaction>
    <reaction id="108" name="rn:R04963" type="irreversible">
        <substrate id="187" name="cpd:C05755"/>
        <substrate id="169" name="cpd:C01209"/>
        <product id="191" name="cpd:C05756"/>
    </reaction>
    <reaction id="111" name="rn:R04962" type="reversible">
        <substrate id="186" name="cpd:C05754"/>
        <product id="187" name="cpd:C05755"/>
    </reaction>
    <reaction id="114" name="rn:R04535" type="reversible">
        <substrate id="185" name="cpd:C04619"/>
        <product id="186" name="cpd:C05754"/>
    </reaction>
    <reaction id="117" name="rn:R04534" type="reversible">
        <substrate id="184" name="cpd:C05753"/>
        <product id="185" name="cpd:C04619"/>
    </reaction>
    <reaction id="120" name="rn:R04960" type="irreversible">
        <substrate id="169" name="cpd:C01209"/>
        <substrate id="180" name="cpd:C05752"/>
        <product id="184" name="cpd:C05753"/>
    </reaction>
    <reaction id="123" name="rn:R04959" type="reversible">
        <substrate id="181" name="cpd:C05751"/>
        <product id="180" name="cpd:C05752"/>
    </reaction>
    <reaction id="126" name="rn:R04537" type="reversible">
        <substrate id="182" name="cpd:C04620"/>
        <product id="181" name="cpd:C05751"/>
    </reaction>
    <reaction id="129" name="rn:R04536" type="reversible">
        <substrate id="183" name="cpd:C05750"/>
        <product id="182" name="cpd:C04620"/>
    </reaction>
    <reaction id="132" name="rn:R04957" type="irreversible">
        <substrate id="169" name="cpd:C01209"/>
        <substrate id="179" name="cpd:C05749"/>
        <product id="183" name="cpd:C05750"/>
    </reaction>
    <reaction id="135" name="rn:R04956" type="reversible">
        <substrate id="178" name="cpd:C05748"/>
        <product id="179" name="cpd:C05749"/>
    </reaction>
    <reaction id="138" name="rn:R04954" type="reversible">
        <substrate id="177" name="cpd:C05747"/>
        <product id="178" name="cpd:C05748"/>
    </reaction>
    <reaction id="141" name="rn:R04953" type="reversible">
        <substrate id="176" name="cpd:C05746"/>
        <product id="177" name="cpd:C05747"/>
    </reaction>
    <reaction id="143" name="rn:R04952" type="irreversible">
        <substrate id="169" name="cpd:C01209"/>
        <substrate id="174" name="cpd:C05745"/>
        <product id="176" name="cpd:C05746"/>
    </reaction>
    <reaction id="147" name="rn:R04430" type="reversible">
        <substrate id="173" name="cpd:C04246"/>
        <product id="174" name="cpd:C05745"/>
    </reaction>
    <reaction id="150" name="rn:R04428" type="reversible">
        <substrate id="172" name="cpd:C04618"/>
        <product id="173" name="cpd:C04246"/>
    </reaction>
    <reaction id="153" name="rn:R04533" type="reversible">
        <substrate id="172" name="cpd:C04618"/>
        <product id="171" name="cpd:C05744"/>
    </reaction>
    <reaction id="155" name="rn:R04355" type="irreversible">
        <substrate id="169" name="cpd:C01209"/>
        <substrate id="170" name="cpd:C03939"/>
        <product id="171" name="cpd:C05744"/>
    </reaction>
    <reaction id="156" name="rn:R01626" type="reversible">
        <substrate id="168" name="cpd:C00083"/>
        <product id="169" name="cpd:C01209"/>
    </reaction>
    <reaction id="158" name="rn:R01626" type="reversible">
        <substrate id="168" name="cpd:C00083"/>
        <product id="169" name="cpd:C01209"/>
    </reaction>
    <reaction id="161" name="rn:R01624" type="irreversible">
        <substrate id="165" name="cpd:C00024"/>
        <substrate id="175" name="cpd:C00229"/>
        <product id="170" name="cpd:C03939"/>
    </reaction>
    <reaction id="162" name="rn:R04385" type="irreversible">
        <substrate id="167" name="cpd:C06250"/>
        <product id="166" name="cpd:C04419"/>
    </reaction>
    <reaction id="163" name="rn:R04386" type="reversible">
        <substrate id="165" name="cpd:C00024"/>
        <substrate id="166" name="cpd:C04419"/>
        <product id="168" name="cpd:C00083"/>
        <product id="167" name="cpd:C06250"/>
    </reaction>
    <reaction id="280" name="rn:R04355" type="irreversible">
        <substrate id="169" name="cpd:C01209"/>
        <substrate id="170" name="cpd:C03939"/>
        <product id="171" name="cpd:C05744"/>
    </reaction>
</pathway>
