sam ple ID,1,2,3,4,5,6,7,8,9,10,11,12,1,2,3,4,5,6,7,8,9,10,11,12
,Normal,Normal,Normal,Normal,Normal,Normal,Normal,Normal,Normal,Normal,Normal,Normal,Tumor,Tumor,Tumor,Tumor,Tumor,Tumor,Tumor,Tumor,Tumor,Tumor,Tumor,Tumor
2-aminobutylate,0.52307692307692311,0.86153846153846159,0.80000000000000004,1.0153846153846153,1.0769230769230769,1.1692307692307693,1.1384615384615384,0.76923076923076927,0.9538461538461539,0.86153846153846159,0.98461538461538467,0.80000000000000004,0.70769230769230773,0.86153846153846159,1.3538461538461539,2.1538461538461537,3.7846153846153845,1.2307692307692308,0.98461538461538467,1.2,1.7230769230769232,1.2923076923076924,2.2153846153846155,0.89230769230769236
2-oxoglutarate(2OG),1.5300546448087433,1.0491803278688525,1.4207650273224046,0.78688524590163944,2.404371584699454,0.74316939890710387,0.74316939890710387,0.74316939890710387,0.93989071038251382,0.74316939890710387,1.0054644808743169,1.0928961748633881,0.97267759562841549,0.74316939890710387,1.9672131147540988,0.74316939890710387,0.99453551912568317,0.74316939890710387,0.77595628415300555,0.74316939890710387,1.0928961748633881,0.80874316939890722,0.98360655737704938,0.74316939890710387
2-oxoisopentanoate,nan,nan,nan,nan,nan,nan,nan,nan,nan,nan,nan,nan,nan,nan,nan,nan,nan,nan,nan,nan,nan,nan,nan,nan
"2,3-diphosphoglycerate",0.35230352303523033,0.35230352303523033,1.6476964769647697,0.35230352303523033,0.35230352303523033,0.35230352303523033,0.35230352303523033,0.35230352303523033,0.35230352303523033,0.35230352303523033,0.35230352303523033,0.35230352303523033,0.35230352303523033,0.35230352303523033,0.35230352303523033,0.35230352303523033,0.35230352303523033,0.35230352303523033,0.35230352303523033,0.35230352303523033,0.35230352303523033,0.35230352303523033,0.35230352303523033,0.35230352303523033
3-phosphoglycerate(3PG),0.60215053763440862,0.64516129032258063,2.3870967741935485,1.2688172043010753,1.3333333333333333,2.4301075268817205,1.1397849462365592,1.053763440860215,1.010752688172043,0.64516129032258063,0.62365591397849462,0.81720430107526887,0.989247311827957,3.032258064516129,0.989247311827957,1.978494623655914,1.010752688172043,2.3225806451612905,1.032258064516129,0.86021505376344087,0.5376344086021505,0.77419354838709675,0.32258064516129031,0.64516129032258063
"3,4-dihydroxyphenylalanine(DOPA)",0.125,0.125,0.125,1.0,0.125,0.125,0.125,0.125,0.125,0.125,0.125,0.125,0.125,0.125,0.125,4.166666666666667,0.125,0.125,0.125,0.125,0.125,0.125,0.125,0.125
4-aminobutylate,0.5,1.1428571428571428,0.26428571428571429,0.27857142857142858,1.25,0.39285714285714285,0.4642857142857143,0.5357142857142857,0.26428571428571429,1.3571428571428572,0.32142857142857145,0.8571428571428571,1.5714285714285714,0.4642857142857143,0.8214285714285714,1.0714285714285714,0.9285714285714286,2.8928571428571428,1.0714285714285714,2.8214285714285716,1.2857142857142858,1.9285714285714286,1.4285714285714286,1.6785714285714286
6-phosphogluconate(6PG),1.0555555555555556,0.53333333333333333,0.66666666666666663,1.3888888888888888,0.83333333333333337,2.6111111111111112,1.0,1.0555555555555556,1.1111111111111112,0.30000000000000004,0.77777777777777779,0.55555555555555558,1.7777777777777777,2.1666666666666665,1.0,2.3333333333333335,1.7222222222222223,5.166666666666667,0.66666666666666663,0.21111111111111111,1.3333333333333333,0.23888888888888887,0.72222222222222221,0.48333333333333328
acetylCoA,0.48780487804878048,0.48780487804878048,0.48780487804878048,0.48780487804878048,0.82926829268292679,2.4390243902439024,1.9024390243902438,0.48780487804878048,0.48780487804878048,1.024390243902439,1.4146341463414633,0.87804878048780488,0.48780487804878048,0.73170731707317072,0.92682926829268297,6.5853658536585362,0.73170731707317072,0.48780487804878048,0.48780487804878048,0.48780487804878048,0.48780487804878048,1.1707317073170731,0.97560975609756095,1.9024390243902438
adenine,0.82352941176470595,1.0,0.50980392156862753,0.50980392156862753,0.94117647058823528,0.88235294117647067,1.1176470588235294,1.0588235294117649,0.90196078431372551,0.78431372549019618,1.4705882352941178,1.2352941176470589,1.215686274509804,0.76470588235294124,1.0,0.80392156862745101,1.4509803921568629,1.2941176470588236,0.90196078431372551,1.3529411764705883,1.196078431372549,0.5490196078431373,1.2352941176470589,1.2352941176470589
adenosine,1.2,1.0,1.6000000000000001,0.71999999999999997,0.80999999999999994,0.70999999999999996,0.54000000000000004,1.0,0.91999999999999993,1.1000000000000001,0.59999999999999998,0.55000000000000004,2.6000000000000001,1.6000000000000001,1.0,1.6000000000000001,1.3,1.1000000000000001,0.91999999999999993,1.8999999999999999,0.73999999999999999,0.55999999999999994,2.5,0.98999999999999999
ADP,1.2341480694296847,0.81756996103436064,1.2957846262840949,0.87070492383988662,1.2362734679419058,0.94084307474318096,1.5841303577754162,1.1044987601842011,1.1207934821112291,0.31455897980871411,0.9847679773290825,1.0152320226709175,1.1888062345023025,1.2709883103081827,0.8905419766206164,1.0223166843783209,1.0903294367693943,0.73893021608218212,0.84945093871767618,0.73184555437477861,1.5097414098476798,0.30747431810131065,0.87070492383988662,0.59511158342189163
alanine,0.66640222134073779,0.62514875049583496,0.64656882189607301,0.52360174533915116,1.5573185243950813,1.2066640222134073,1.0289567631892107,0.82824276080920267,0.44744149147163825,0.91312971043236812,0.77826259420864741,0.84252280840936133,0.950416501388338,0.73304244347481162,1.1606505355017851,1.4367314557715192,2.4974216580721937,1.3859579531931774,0.97818326061086869,1.5993653312177707,1.4034113447044823,1.4986116620388734,1.3581911939706466,1.0218167393891313
AMP,0.78253012048192772,0.96746987951807228,0.12831325301204818,0.71626506024096381,0.82108433734939756,1.4560240963855422,1.0469879518072289,1.4855421686746988,0.83674698795180724,0.91566265060240959,0.7867469879518072,0.57891566265060246,1.2042168674698794,0.22108433734939759,1.0325301204819277,1.0891566265060242,1.5066265060240964,1.9234939759036145,0.76626506024096386,1.2572289156626506,1.236144578313253,0.93493975903614457,1.1475903614457832,1.6403614457831326
anthranilate,1.0,1.0,1.0,1.0,1.0,1.0,1.0,1.0,1.0,1.0,1.0,1.0,1.0,1.0,1.0,1.0,1.0,1.0,1.0,1.0,1.0,1.0,1.0,1.0
arginine,0.90055248618784534,0.87845303867403313,0.66850828729281764,0.8066298342541437,1.2320441988950277,1.0441988950276244,0.86740331491712708,0.83425414364640882,0.56353591160220995,1.1104972375690607,0.76243093922651939,1.2928176795580111,0.94475138121546964,1.0883977900552486,0.95580110497237569,2.5303867403314917,2.596685082872928,2.6464088397790055,0.73480662983425415,0.850828729281768,1.2375690607734806,1.839779005524862,1.298342541436464,1.7348066298342542
asparagine,0.61764705882352944,0.67647058823529416,0.94852941176470584,0.77941176470588236,1.0514705882352942,0.81617647058823528,0.90441176470588236,0.86029411764705888,0.46323529411764708,0.86029411764705888,0.61764705882352944,0.91911764705882348,1.0514705882352942,1.0588235294117647,1.0588235294117647,2.7205882352941178,2.75,2.9852941176470589,0.77941176470588236,1.5220588235294117,1.7205882352941178,1.5735294117647058,1.6470588235294117,1.411764705882353
aspartate,1.0844250363901018,0.94614264919941771,0.59679767103347892,1.197962154294032,0.71761280931586613,0.71906841339155747,1.0087336244541485,1.4294032023289664,0.7831149927219796,0.88937409024745273,0.77147016011644831,0.97525473071324598,1.4803493449781659,0.93158660844250363,0.99126637554585151,1.4250363901018923,2.1630276564774382,8.9650655021834069,0.7802037845705968,1.3988355167394468,1.7117903930131004,0.40611353711790393,2.0742358078602621,1.0611353711790392
ATP,1.5937356057116536,0.83095347766006444,1.9456471672040534,0.94058037770612624,1.6112390603408568,0.41639797328420081,1.9631506218332566,0.62367572547213268,1.3274988484569323,0.09580838323353294,1.5891294334408106,1.886688162137264,1.2473514509442654,1.5154306771073238,1.0594196222938739,0.70474435743896824,0.90741593735605708,0.19806540764624597,0.88899124827268539,0.1317365269461078,2.2690004606172272,0.06632888070013819,2.204514048825426,0.25426070935052969
cAMP,nan,nan,nan,nan,nan,nan,nan,nan,nan,nan,nan,nan,nan,nan,nan,nan,nan,nan,nan,nan,nan,nan,nan,nan
carnosine,1.2413793103448276,2.7586206896551726,1.8620689655172415,1.0344827586206897,0.82758620689655171,1.8620689655172415,1.4482758620689655,2.0,0.89655172413793105,1.586206896551724,1.2413793103448276,0.89655172413793105,1.103448275862069,2.1379310344827589,0.68965517241379315,0.34482758620689657,0.96551724137931028,0.55172413793103448,0.96551724137931028,1.6551724137931034,0.68965517241379315,0.27586206896551724,0.62068965517241381,0.48275862068965514
CDP,2.7272727272727271,0.90909090909090906,0.96969696969696972,1.1515151515151516,1.8181818181818181,0.84848484848484851,2.0606060606060606,1.2121212121212122,2.6666666666666665,0.26060606060606062,1.2727272727272727,1.0303030303030303,2.8484848484848486,0.96969696969696972,1.2727272727272727,0.38181818181818183,0.78787878787878785,0.44242424242424239,1.6363636363636365,0.54545454545454541,1.8787878787878789,0.3575757575757576,0.78787878787878785,0.84848484848484851
cGMP,nan,nan,nan,nan,nan,nan,nan,nan,nan,nan,nan,nan,nan,nan,nan,nan,nan,nan,nan,nan,nan,nan,nan,nan
cis-aconitate,1.0434782608695652,0.78260869565217395,1.173913043478261,0.39130434782608697,1.956521739130435,1.173913043478261,1.4347826086956521,0.69565217391304357,1.0,0.39130434782608697,0.78260869565217395,1.0,0.69565217391304357,1.3043478260869565,1.2173913043478262,0.47826086956521746,1.2608695652173914,0.86956521739130443,0.91304347826086962,0.39130434782608697,1.1304347826086958,0.39130434782608697,1.1304347826086958,0.56521739130434789
citrate,1.5,0.89075630252100846,0.31372549019607843,0.75490196078431371,1.6498599439775909,1.7296918767507004,1.4313725490196079,0.96218487394957986,1.6330532212885154,0.67647058823529416,1.2464985994397759,1.3459383753501402,1.330532212885154,0.48319327731092437,0.98039215686274506,0.43837535014005602,1.0168067226890756,1.1904761904761905,0.98319327731092432,0.72829131652661061,1.2521008403361344,0.82773109243697474,1.0784313725490196,0.89775910364145661
citrulline,1.1923076923076923,1.0,0.61538461538461542,1.0384615384615385,1.1923076923076923,1.3846153846153846,0.76923076923076927,1.3461538461538463,1.0,0.84615384615384615,0.84615384615384615,0.92307692307692313,0.88461538461538458,1.4230769230769231,17.153846153846153,1.0384615384615385,4.615384615384615,0.76923076923076927,0.73076923076923073,0.96153846153846156,1.0,0.96153846153846156,2.8846153846153846,1.4615384615384615
CMP,1.1000000000000001,0.59999999999999998,0.29999999999999999,0.65000000000000002,1.1499999999999999,2.0750000000000002,1.125,1.425,1.425,0.97499999999999998,0.67500000000000004,0.42499999999999999,1.325,0.29999999999999999,0.67500000000000004,0.80000000000000004,0.84999999999999998,1.95,1.3999999999999999,0.82499999999999996,1.05,1.8,0.94999999999999996,1.0
CoA,0.22222222222222221,0.59259259259259256,0.22222222222222221,0.3037037037037037,0.51851851851851849,2.9629629629629628,1.9259259259259258,1.2962962962962963,0.66666666666666663,1.2592592592592593,1.0,0.88888888888888884,0.22222222222222221,0.66666666666666663,1.1481481481481481,4.8518518518518521,1.9259259259259258,3.7037037037037037,0.22222222222222221,0.85185185185185186,1.2222222222222223,0.70370370370370372,0.62962962962962965,1.1111111111111112
creatine,0.77241847826086951,0.84918478260869568,1.814538043478261,0.78600543478260865,1.6691576086956521,1.3199728260869565,1.2221467391304348,0.76902173913043481,1.0523097826086956,0.87907608695652173,0.91983695652173914,0.99184782608695654,0.56725543478260865,1.513586956521739,0.72146739130434778,1.4605978260869565,1.0883152173913044,1.0081521739130435,0.90625,1.1019021739130435,1.3158967391304348,0.69497282608695654,0.49660326086956524,1.0346467391304348
CTP,1.8604651162790697,0.51162790697674421,1.2093023255813953,0.39534883720930231,1.3255813953488371,0.065116279069767441,1.2790697674418605,0.2558139534883721,1.3488372093023255,0.065116279069767441,1.2093023255813953,1.069767441860465,1.0,1.0,0.76744186046511631,0.17906976744186046,0.2558139534883721,0.065116279069767441,0.79069767441860461,0.065116279069767441,1.3720930232558139,0.065116279069767441,1.7906976744186047,0.23255813953488372
cystathionine,0.41428571428571426,0.41428571428571426,0.41428571428571426,0.41428571428571426,0.41428571428571426,0.41428571428571426,0.41428571428571426,0.41428571428571426,0.41428571428571426,0.41428571428571426,0.41428571428571426,0.41428571428571426,0.7142857142857143,0.41428571428571426,0.41428571428571426,0.41428571428571426,1.4000000000000001,3.7142857142857144,0.41428571428571426,1.2857142857142858,0.51428571428571435,0.41428571428571426,0.41428571428571426,0.41428571428571426
cysteine,0.2857142857142857,1.1428571428571428,0.68571428571428572,0.2857142857142857,0.37142857142857144,1.2380952380952381,0.60952380952380958,0.90476190476190477,0.3619047619047619,1.0476190476190477,0.46666666666666667,1.1428571428571428,0.2857142857142857,3.6190476190476191,0.86666666666666659,15.428571428571429,3.5238095238095237,19.047619047619047,0.59999999999999998,0.95238095238095233,1.0476190476190477,1.9047619047619047,0.40952380952380951,1.0476190476190477
cysteinesulfinate,nan,nan,nan,nan,nan,nan,nan,nan,nan,nan,nan,nan,nan,nan,nan,nan,nan,nan,nan,nan,nan,nan,nan,nan
cytidine,1.1599999999999999,1.1599999999999999,1.5600000000000001,1.46,1.5,0.69999999999999996,1.5,0.76000000000000001,0.85999999999999999,0.69999999999999996,1.3999999999999999,0.84000000000000008,0.94000000000000006,1.7600000000000002,1.0,0.80000000000000004,0.94000000000000006,0.5,1.3400000000000001,1.6600000000000001,0.88000000000000012,1.0,1.54,0.71999999999999997
cytosine,0.57142857142857151,0.85714285714285721,1.142857142857143,1.0,1.2857142857142858,0.57142857142857151,1.4285714285714286,1.0,1.0,0.85714285714285721,1.4285714285714286,1.4285714285714286,0.85714285714285721,1.0,1.142857142857143,0.85714285714285721,1.0,1.4285714285714286,1.0,0.57142857142857151,0.85714285714285721,0.7142857142857143,0.57142857142857151,1.0
dATP,1.1340206185567012,0.57731958762886604,1.7525773195876291,0.75257731958762886,1.1340206185567012,0.41237113402061859,1.5463917525773196,0.39175257731958762,1.0,0.39175257731958762,1.2371134020618557,1.5463917525773196,0.83505154639175261,1.1340206185567012,0.69072164948453618,0.53608247422680422,0.78350515463917525,0.39175257731958762,0.86597938144329911,0.39175257731958762,1.5463917525773196,0.39175257731958762,1.8556701030927836,0.39175257731958762
dCTP,nan,nan,nan,nan,nan,nan,nan,nan,nan,nan,nan,nan,nan,nan,nan,nan,nan,nan,nan,nan,nan,nan,nan,nan
dihydroxyacetonephosphate(DHAP),0.44086021505376338,0.70967741935483863,2.4731182795698925,0.37634408602150538,0.94623655913978499,1.7204301075268815,2.6881720430107525,0.96774193548387089,0.78494623655913975,0.70967741935483863,2.150537634408602,1.0,0.37634408602150538,2.258064516129032,2.365591397849462,4.8387096774193541,0.68817204301075263,0.83870967741935476,3.225806451612903,0.65591397849462352,0.37634408602150538,0.37634408602150538,1.9354838709677418,1.6129032258064515
dTDP,nan,nan,nan,nan,nan,nan,nan,nan,nan,nan,nan,nan,nan,nan,nan,nan,nan,nan,nan,nan,nan,nan,nan,nan
dTMP,nan,nan,nan,nan,nan,nan,nan,nan,nan,nan,nan,nan,nan,nan,nan,nan,nan,nan,nan,nan,nan,nan,nan,nan
dTTP,nan,nan,nan,nan,nan,nan,nan,nan,nan,nan,nan,nan,nan,nan,nan,nan,nan,nan,nan,nan,nan,nan,nan,nan
erythrose-4P(E4P),nan,nan,nan,nan,nan,nan,nan,nan,nan,nan,nan,nan,nan,nan,nan,nan,nan,nan,nan,nan,nan,nan,nan,nan
FAD,0.35897435897435898,0.33333333333333331,0.33333333333333331,0.33333333333333331,0.33333333333333331,1.2820512820512822,3.2051282051282053,2.4871794871794872,2.3076923076923075,0.33333333333333331,0.33333333333333331,0.33333333333333331,0.33333333333333331,0.33333333333333331,0.76923076923076927,1.0,0.33333333333333331,2.0769230769230771,0.48717948717948717,1.7692307692307692,0.5641025641025641,0.33333333333333331,0.38461538461538464,0.33333333333333331
fructose-6P(F6P),1.0,0.36170212765957444,1.404255319148936,0.46808510638297873,1.2553191489361701,1.4893617021276595,1.7021276595744681,0.55319148936170215,0.82978723404255317,0.31914893617021273,2.7659574468085104,0.82978723404255317,2.0425531914893615,2.1063829787234041,2.3404255319148937,0.085106382978723402,0.40425531914893614,0.085106382978723402,1.2127659574468086,0.2978723404255319,1.7446808510638296,0.21276595744680851,1.957446808510638,0.53191489361702127
"fructose-1,6DP(F1,6DP)",0.54545454545454541,0.28282828282828282,1.0101010101010102,1.2525252525252526,0.90909090909090906,2.0808080808080809,2.5050505050505052,1.292929292929293,1.2323232323232323,0.36363636363636365,0.38383838383838381,0.5252525252525253,2.606060606060606,0.96969696969696972,1.4747474747474747,2.202020202020202,0.88888888888888884,1.3333333333333333,2.0606060606060606,0.88888888888888884,1.7373737373737375,0.28282828282828282,0.98989898989898994,0.60606060606060608
fumarate(Fum),0.81355932203389836,0.67796610169491522,0.67796610169491522,0.57627118644067798,2.0,1.9322033898305084,0.98305084745762716,0.81355932203389836,0.67796610169491522,0.71186440677966101,1.0508474576271187,0.9152542372881356,0.81355932203389836,1.4576271186440677,1.0508474576271187,0.88135593220338981,2.4745762711864407,6.0677966101694913,1.0508474576271187,1.2881355932203389,1.9661016949152543,0.67796610169491522,1.1864406779661016,1.0169491525423728
GDP,1.3258845437616387,0.84543761638733705,0.5065176908752328,1.0800744878957169,1.0093109869646182,0.8938547486033519,1.7728119180633146,1.4078212290502794,1.2737430167597765,0.55121042830540035,1.0093109869646182,0.9906890130353817,1.3891992551210428,0.62197392923649908,1.1620111731843576,0.91247672253258849,1.180633147113594,0.9050279329608939,0.92364990689013038,0.93482309124767227,2.011173184357542,0.64059590316573556,1.1508379888268156,0.85661080074487894
gluconate,0.94444444444444442,1.0555555555555556,0.54444444444444451,0.77777777777777779,0.88888888888888884,0.77777777777777779,0.83333333333333337,1.1666666666666667,0.53888888888888886,0.94444444444444442,0.83333333333333337,1.0555555555555556,1.2222222222222223,0.77777777777777779,1.2777777777777777,3.0,1.5555555555555556,10.388888888888889,0.50555555555555554,0.88888888888888884,1.6666666666666667,1.3333333333333333,1.9444444444444444,1.3333333333333333
glucose-1P(G1P),1.1176470588235294,1.1176470588235294,0.58823529411764708,0.66176470588235292,0.91176470588235303,2.0588235294117649,1.1323529411764706,0.77941176470588236,0.58823529411764708,0.5,1.0735294117647058,0.86764705882352944,2.0588235294117649,3.9705882352941178,1.0,0.4264705882352941,2.7941176470588238,8.382352941176471,0.57352941176470584,2.0588235294117649,1.4705882352941178,0.4264705882352941,0.72058823529411775,0.89705882352941169
glucose-6P(G6P),0.77142857142857146,0.34285714285714286,1.3428571428571427,0.74285714285714288,1.1142857142857143,1.8857142857142857,1.8285714285714285,0.7142857142857143,0.48571428571428571,0.16857142857142859,1.9142857142857144,1.0,1.4857142857142858,3.8857142857142857,2.6857142857142855,0.16857142857142859,0.94285714285714284,2.4285714285714284,0.91428571428571426,0.20857142857142857,1.9142857142857144,0.17142857142857143,2.2571428571428571,0.34285714285714286
glutamate,0.86882716049382713,0.68878600823045266,1.1239711934156378,0.69753086419753085,0.88580246913580252,0.68364197530864201,0.96604938271604934,1.0344650205761317,0.63631687242798352,0.73662551440329216,0.63065843621399176,0.74125514403292181,1.6213991769547325,1.2561728395061729,1.1594650205761317,1.7993827160493827,1.1630658436213992,1.6496913580246915,0.83436213991769548,1.3621399176954732,1.2052469135802468,0.85545267489711929,1.2721193415637859,1.0339506172839505
glutamine,0.93235674278328307,0.82895303748384319,1.2822059457130548,0.94442050840155101,0.56958207669108141,1.3037483843171047,1.4054286945282206,0.94700560103403708,1.1744937526928048,0.70486859112451528,0.90822921154674707,1.0262817750969411,0.98750538560965107,1.080568720379147,0.92632485997414904,1.0702283498492029,1.3580353295993106,1.012494614390349,0.69711331322705727,0.71693235674278333,1.1848341232227488,0.55665661352865148,1.1658767772511849,1.0547177940542869
glutathione(GSH),0.031693077564637198,1.7514595496246872,1.2627189324437031,2.6605504587155964,2.2351959966638866,6.768974145120934,0.25854879065888242,1.1943286071726438,2.1284403669724772,0.79733110925771478,0.61718098415346123,1.3861551292743954,0.81067556296914101,0.23853211009174313,0.195162635529608,0.47873227689741449,1.2727272727272727,1.0375312760633861,1.2643869891576314,0.36030025020850709,0.96246872393661387,0.75062552126772308,0.7873227689741451,1.3861551292743954
glutathionedisulfide(GSSG),1.3524027459954233,0.90617848970251713,0.63157894736842102,0.99084668192219683,1.5217391304347827,0.78718535469107553,1.0137299771167048,0.94508009153318073,0.93363844393592677,0.75743707093821511,1.1624713958810069,0.81922196796338675,1.5652173913043479,0.73226544622425627,0.94050343249427915,0.66132723112128144,1.208237986270023,1.8512585812356979,1.1441647597254005,1.5354691075514875,1.2951945080091534,0.91304347826086951,1.2883295194508009,1.0091533180778032
glycerol-3P,0.69011725293132331,0.75376884422110557,1.0150753768844221,0.72361809045226133,1.6649916247906198,0.31490787269681741,1.7219430485762144,0.81407035175879394,0.49916247906197653,1.1926298157453936,1.1658291457286432,0.98492462311557794,0.50251256281407031,0.87102177554438864,1.4572864321608041,3.3768844221105527,1.0619765494137354,0.69681742043551087,0.77386934673366836,1.0251256281407035,1.2328308207705192,0.87102177554438864,1.3601340033500837,1.1624790619765495
glycine,0.81459682165979985,0.82401412595644496,0.58622719246615651,0.82165979988228366,0.88993525603296053,0.73101824602707477,1.0394349617422014,0.87463213655091232,0.74867569158328429,0.90288404944084755,0.69452619187757503,0.83696291936433198,1.4231901118304886,0.98410829899941143,1.1265450264861683,1.8057680988816951,1.8858151854031784,1.974102413184226,1.0158917010005886,1.4655679811653914,2.2519128899352561,1.6880517951736316,1.3572689817539729,1.192466156562684
glycolate,nan,nan,nan,nan,nan,nan,nan,nan,nan,nan,nan,nan,nan,nan,nan,nan,nan,nan,nan,nan,nan,nan,nan,nan
glyoxylate,nan,nan,nan,nan,nan,nan,nan,nan,nan,nan,nan,nan,nan,nan,nan,nan,nan,nan,nan,nan,nan,nan,nan,nan
GMP,0.74461538461538457,0.8092307692307692,0.061538461538461542,0.55076923076923079,0.82153846153846155,1.7230769230769232,1.0646153846153845,1.4246153846153846,0.91384615384615386,1.4830769230769232,0.70153846153846156,0.63384615384615384,0.66153846153846152,0.14769230769230771,1.0707692307692307,0.92615384615384611,2.2400000000000002,2.5692307692307694,0.93538461538461537,1.4707692307692308,1.6646153846153846,1.7353846153846153,1.8215384615384616,2.4984615384615383
GTP,1.613861386138614,0.73762376237623761,1.7128712871287128,0.91584158415841588,1.1881188118811881,0.35148514851485146,2.1732673267326734,0.75742574257425743,1.4009900990099009,0.17326732673267325,1.4702970297029703,1.7079207920792079,1.4009900990099009,1.4009900990099009,1.0841584158415842,0.71287128712871284,0.90099009900990101,0.31683168316831684,0.88118811881188119,0.36633663366336633,2.495049504950495,0.17821782178217821,2.217821782178218,0.38118811881188119
guanine,0.98795180722891551,0.44578313253012047,1.2048192771084336,1.0120481927710843,0.39759036144578308,1.0120481927710843,1.8072289156626504,1.3253012048192769,1.1445783132530118,0.74698795180722888,1.0963855421686746,1.1084337349397588,0.39759036144578308,0.75903614457831314,0.80722891566265054,0.39759036144578308,0.39759036144578308,0.39759036144578308,0.44578313253012047,0.39759036144578308,0.39759036144578308,0.80722891566265054,0.74698795180722888,1.2048192771084336
guanosine,0.68571428571428572,0.30857142857142861,1.5428571428571429,1.1428571428571428,0.62857142857142856,1.2,2.0,1.2,0.91428571428571426,1.0285714285714285,0.97142857142857142,0.91428571428571426,0.48000000000000004,3.4285714285714284,1.3714285714285714,0.48000000000000004,0.41714285714285715,1.0857142857142856,1.8857142857142857,2.3999999999999999,0.40571428571428569,0.5485714285714286,1.1428571428571428,0.97142857142857142
histidine,0.74900398406374502,0.97211155378486058,0.73306772908366535,0.82868525896414347,1.1792828685258965,0.91633466135458164,1.0278884462151394,0.79681274900398402,0.55776892430278879,0.87649402390438247,0.65338645418326691,0.87649402390438247,0.94820717131474108,1.0996015936254979,1.2350597609561753,2.3187250996015938,4.2470119521912348,2.1832669322709162,0.78087649402390436,1.0438247011952191,1.3864541832669324,1.6573705179282869,1.2270916334661355,1.250996015936255
homocysteine,nan,nan,nan,nan,nan,nan,nan,nan,nan,nan,nan,nan,nan,nan,nan,nan,nan,nan,nan,nan,nan,nan,nan,nan
homoserine,nan,nan,nan,nan,nan,nan,nan,nan,nan,nan,nan,nan,nan,nan,nan,nan,nan,nan,nan,nan,nan,nan,nan,nan
hydroxyproline,0.72727272727272729,0.96969696969696972,0.72727272727272729,0.78787878787878785,0.84848484848484851,0.60606060606060608,1.0303030303030303,1.8181818181818181,0.60606060606060608,0.54545454545454541,0.66666666666666663,0.66666666666666663,1.3333333333333333,1.393939393939394,1.0909090909090908,2.0606060606060606,2.606060606060606,0.84848484848484851,1.1515151515151516,3.3333333333333335,1.8181818181818181,1.0909090909090908,1.4545454545454546,0.78787878787878785
hypotaurine,1.0493273542600896,1.3094170403587444,0.26905829596412556,0.94170403587443952,0.547085201793722,1.399103139013453,0.8699551569506726,1.1838565022421526,0.73542600896860988,1.2197309417040358,1.5874439461883407,0.6905829596412556,0.88789237668161436,0.67264573991031396,1.1569506726457399,0.905829596412556,0.75336322869955152,1.8475336322869955,0.56502242152466364,1.6591928251121075,1.1390134529147982,2.1434977578475336,1.3721973094170403,0.95067264573991028
hypoxanthine,0.53752181500872598,0.43979057591623039,0.65270506108202442,0.72251308900523559,0.50261780104712039,0.99825479930191974,0.94589877835951131,1.075043630017452,0.46771378708551481,1.1378708551483421,0.71902268760907506,0.89703315881326351,0.72251308900523559,1.6055846422338569,1.2251308900523561,1.7766143106457242,1.0541012216404886,2.4921465968586389,0.69458987783595116,1.6090750436300174,1.0017452006980803,2.1815008726003491,1.1797556719022688,1.6230366492146597
IMP,0.90618485059068798,1.0924252953439888,0.13342599027102153,0.77553856845031277,0.8353022932592078,3.053509381514941,1.3120222376650452,1.6970118137595553,0.82696316886726895,1.4857539958304378,0.93815149409312026,0.81445448227936068,1.0757470465601111,0.21820708825573315,1.3523280055594162,0.75469075747046566,1.5038220986796387,1.3300903405142459,0.93120222376650452,0.97845726198749128,1.0215427380125086,0.75886031966643508,1.8707435719249479,1.6372480889506602
inosine,0.48048048048048048,0.25225225225225223,1.3333333333333333,0.92492492492492495,0.5285285285285285,1.7657657657657657,1.3393393393393394,1.2312312312312312,0.65465465465465467,1.0990990990990992,0.7567567567567568,0.7927927927927928,0.96096096096096095,2.954954954954955,1.2672672672672673,1.7837837837837838,0.5285285285285285,2.114114114114114,1.6696696696696696,2.4504504504504503,0.45645645645645644,0.54654654654654655,0.88288288288288286,1.0390390390390389
iso-citrate,1.0212765957446808,0.51063829787234039,0.51063829787234039,0.51063829787234039,0.97872340425531912,0.76595744680851063,0.8936170212765957,0.51063829787234039,0.72340425531914898,0.51063829787234039,1.2765957446808511,1.6170212765957446,1.2340425531914894,0.51063829787234039,0.51063829787234039,0.51063829787234039,0.51063829787234039,0.51063829787234039,1.3617021276595744,0.51063829787234039,1.8723404255319149,0.72340425531914898,1.1914893617021276,0.97872340425531912
isoleucine,0.61176470588235299,0.91764705882352937,0.5490196078431373,0.76078431372549016,1.4352941176470588,0.9882352941176471,0.56470588235294117,0.94117647058823528,0.32156862745098042,1.003921568627451,0.66666666666666663,0.98039215686274506,0.99607843137254903,1.0352941176470589,1.1764705882352942,2.8470588235294119,3.0666666666666669,3.4274509803921567,0.62745098039215685,1.4666666666666666,1.1843137254901961,1.6784313725490196,1.7647058823529411,1.5607843137254902
lactate,0.71342306784063692,0.86340788719090511,0.78736969942313528,0.8819620146408933,0.98849644098100731,1.0220288094997132,0.88344634483689233,1.0830887561987652,0.45987248254225283,0.85126336740545827,0.86927773842053768,1.2291603413959451,0.97237121748810851,1.1079850217589313,1.2898154707688156,2.8501838545356408,1.3857571770738455,2.3517187868974125,0.67908106466956786,0.88243430152143842,1.1678979860338023,1.2274061329824917,1.0115035590189927,1.3877137941503896
leucine,0.6003372681281619,0.91062394603709951,0.5295109612141653,0.74873524451939288,1.7875210792580101,0.96458684654300164,0.63743676222596968,0.83642495784148396,0.32715008431703202,1.1534569983136593,0.53962900505902189,1.0522765598650927,0.8499156829679595,0.94772344013490728,1.0725126475548061,2.900505902192243,2.4755480607082632,2.7892074198988195,0.65767284991568298,1.2748735244519394,1.0354131534569984,1.6290050590219225,1.2580101180438448,1.6087689713322091
lysine,0.93114754098360653,0.94098360655737701,0.88196721311475412,0.78032786885245897,1.0721311475409836,0.98360655737704916,0.84590163934426232,0.81311475409836065,0.47868852459016392,1.0885245901639344,0.93114754098360653,1.2393442622950819,0.88196721311475412,1.0163934426229508,1.1245901639344262,2.2983606557377048,3.3737704918032785,2.360655737704918,0.70163934426229513,0.83934426229508197,1.1508196721311474,1.8098360655737704,1.3770491803278688,1.7311475409836066
malate(Mal),1.004950495049505,0.64851485148514854,0.52475247524752477,0.63861386138613863,2.4504950495049505,2.5990099009900991,1.0148514851485149,0.92574257425742579,0.78712871287128716,0.75742574257425743,0.82673267326732669,0.99504950495049505,1.1336633663366336,1.2722772277227723,1.113861386138614,0.96534653465346532,2.3613861386138613,9.6386138613861387,0.80693069306930698,2.1435643564356437,1.613861386138614,0.82673267326732669,0.99009900990099009,1.0990099009900991
malonylCoA,1.8790496760259179,0.8855291576673866,2.1814254859611233,0.97192224622030232,1.4384449244060475,0.50971922246220303,1.5637149028077755,0.55291576673866094,1.3390928725701945,0.10799136069114471,1.9006479481641469,2.0993520518358531,1.468682505399568,1.6155507559395248,0.98056155507559395,0.78185745140388774,1.0194384449244061,0.20302375809935205,0.71274298056155505,0.13822894168466524,2.1166306695464363,0.11231101511879049,2.3974082073434126,0.30669546436285094
methionine,0.59459459459459463,0.7927927927927928,0.7567567567567568,0.70270270270270274,1.3513513513513513,1.0090090090090089,0.68468468468468469,0.81081081081081086,0.45045045045045046,1.1711711711711712,0.63063063063063063,0.99099099099099097,0.95495495495495497,1.2072072072072073,1.1531531531531531,1.6396396396396395,3.1711711711711712,2.2702702702702702,0.68468468468468469,1.2432432432432432,0.90090090090090091,1.9639639639639639,1.4054054054054055,1.4234234234234233
NAD+,0.8973607038123167,0.74193548387096775,0.58211143695014667,1.0117302052785924,1.5879765395894427,2.2067448680351904,1.9868035190615836,2.1568914956011729,2.469208211143695,0.43401759530791789,0.74633431085043989,0.82404692082111441,0.58211143695014667,0.98826979472140764,1.0821114369501466,1.5117302052785924,1.0909090909090908,2.5366568914956011,0.91935483870967738,1.8181818181818181,0.85630498533724342,0.35777126099706746,1.0278592375366569,0.76392961876832843
NADH,0.91176470588235292,0.76470588235294112,0.41176470588235292,1.1470588235294117,1.2647058823529411,0.88235294117647056,7.7352941176470589,1.6470588235294117,1.3823529411764706,0.5,1.5294117647058822,1.0,0.52941176470588236,1.3235294117647058,1.4705882352941178,0.5,1.0,0.73529411764705888,1.4411764705882353,1.2058823529411764,0.52941176470588236,0.21764705882352942,1.8235294117647058,0.91176470588235292
NADP+,1.3400000000000001,0.81000000000000005,0.33000000000000002,1.3100000000000001,2.2400000000000002,2.3999999999999999,5.1200000000000001,3.54,1.6699999999999999,0.40999999999999998,0.97999999999999998,0.79000000000000004,0.35999999999999999,0.77000000000000002,0.93999999999999995,1.9099999999999999,0.82999999999999996,3.48,1.49,0.79000000000000004,1.0800000000000001,0.53000000000000003,0.78000000000000003,1.02
NADPH,1.6000000000000001,0.91428571428571426,0.50857142857142856,0.80000000000000004,1.7714285714285714,2.0571428571428569,2.5714285714285716,0.97142857142857142,1.5428571428571429,0.34857142857142853,2.2857142857142856,1.8285714285714285,1.0857142857142856,0.97142857142857142,1.2,0.23428571428571426,1.6571428571428573,1.0285714285714285,0.68571428571428572,0.28000000000000003,0.80000000000000004,0.17714285714285716,1.5428571428571429,0.62857142857142856
opthalmate,0.86294416243654826,0.89340101522842652,1.116751269035533,1.4213197969543148,0.98477157360406087,1.3197969543147208,1.116751269035533,0.81218274111675126,1.116751269035533,1.015228426395939,1.116751269035533,0.86294416243654826,0.76142131979695438,0.75126903553299496,0.86294416243654826,1.4213197969543148,0.48730964467005078,1.116751269035533,1.015228426395939,1.5228426395939088,0.37563451776649748,0.38578680203045684,2.1319796954314723,0.57868020304568535
ornithine,0.95890410958904104,1.0410958904109588,1.0136986301369864,1.5068493150684932,0.54794520547945202,1.3150684931506849,0.68493150684931503,1.0410958904109588,0.60273972602739723,0.52054794520547942,0.98630136986301364,0.93150684931506844,1.3698630136986301,1.0136986301369864,0.73972602739726023,2.7123287671232879,3.3698630136986303,1.4794520547945205,0.46575342465753422,1.1232876712328768,1.0684931506849316,0.93150684931506844,0.95890410958904104,0.90410958904109584
phenylalanine,0.62608695652173918,0.85217391304347823,0.69565217391304346,0.80869565217391304,1.6608695652173913,0.9652173913043478,0.59999999999999998,0.89565217391304353,0.40869565217391307,1.2347826086956522,0.52173913043478259,1.1304347826086956,0.80869565217391304,0.90434782608695652,1.0347826086956522,2.9130434782608696,3.3739130434782609,2.6173913043478261,0.61739130434782608,1.2086956521739129,1.1043478260869566,1.8,1.182608695652174,1.808695652173913
phosphoenolpyruvate(PEP),0.5818181818181819,1.1090909090909091,4.5454545454545459,0.63636363636363635,1.1818181818181819,0.43636363636363634,0.40000000000000002,0.54545454545454541,0.40000000000000002,0.40000000000000002,1.1818181818181819,1.0545454545454545,1.3818181818181818,4.7272727272727275,0.40000000000000002,1.5454545454545454,0.59999999999999998,1.8181818181818181,0.54545454545454541,0.94545454545454544,0.40000000000000002,1.1818181818181819,0.70909090909090911,0.81818181818181823
proline,0.5886214442013129,0.7286652078774617,0.41356673960612689,0.67396061269146612,1.1553610503282277,1.0218818380743981,0.93873085339168494,0.73522975929978118,0.4113785557986871,0.79431072210065645,0.60612691466083146,0.98905908096280093,1.0109409190371992,0.83150984682713347,1.2297592997811817,2.4310722100656457,2.1247264770240699,2.2691466083150984,0.69146608315098468,1.1203501094091903,1.4529540481400438,2.5645514223194747,2.098468271334792,1.4310722100656454
PRPP,nan,nan,nan,nan,nan,nan,nan,nan,nan,nan,nan,nan,nan,nan,nan,nan,nan,nan,nan,nan,nan,nan,nan,nan
putrescine,1.0760869565217392,1.0,0.2608695652173913,0.63043478260869568,0.7934782608695653,0.68478260869565222,0.61956521739130443,0.76086956521739135,0.5434782608695653,0.71739130434782605,1.0760869565217392,1.0869565217391306,1.5217391304347827,0.2608695652173913,0.5434782608695653,2.2826086956521743,6.4130434782608701,0.82608695652173914,0.56521739130434789,1.956521739130435,3.2608695652173916,1.7391304347826089,1.1956521739130437,1.5217391304347827
pyruvate,0.79207920792079212,1.4653465346534653,1.2277227722772277,0.99009900990099009,1.2079207920792079,0.75247524752475248,0.73267326732673266,1.7425742574257426,0.7722772277227723,0.81188118811881194,1.2079207920792079,2.1980198019801982,0.5544554455445545,2.0,1.1881188118811881,1.1485148514851484,1.0099009900990099,1.4059405940594059,0.33663366336633666,0.53465346534653468,1.8811881188118811,0.87128712871287128,0.91089108910891092,0.71287128712871284
ribose-5P(R5P),0.55497382198952872,0.55497382198952872,1.0471204188481675,0.55497382198952872,0.55497382198952872,0.55497382198952872,0.95287958115183236,0.55497382198952872,0.55497382198952872,0.55497382198952872,0.55497382198952872,0.55497382198952872,0.55497382198952872,0.55497382198952872,0.55497382198952872,0.55497382198952872,0.55497382198952872,0.55497382198952872,1.1518324607329842,0.55497382198952872,0.55497382198952872,0.55497382198952872,0.55497382198952872,0.55497382198952872
ribulose-5P(Ru5P),0.62068965517241381,0.39080459770114945,1.1724137931034482,0.91954022988505746,0.7816091954022989,2.2528735632183907,1.5862068965517242,1.1264367816091954,0.9885057471264368,0.66666666666666663,1.0114942528735633,0.5977011494252874,1.2413793103448276,2.0459770114942528,1.4942528735632183,1.1724137931034482,0.94252873563218387,1.1264367816091954,1.9770114942528736,0.9885057471264368,0.52873563218390807,0.39080459770114945,0.96551724137931039,1.0344827586206897
S-adenosylhomocysteine(SAH),1.3913043478260871,1.3260869565217392,0.89130434782608692,2.8260869565217392,3.6956521739130439,3.4782608695652177,1.0652173913043479,1.2391304347826089,2.0434782608695654,0.89130434782608692,1.0869565217391306,1.1956521739130437,0.71739130434782605,0.34782608695652178,0.67391304347826098,0.82608695652173914,0.93478260869565222,0.71739130434782605,0.76086956521739135,0.69565217391304357,0.60869565217391308,0.5,1.8913043478260869,1.1956521739130437
S-adenosylmethionine(SAM),0.94350282485875703,0.58192090395480223,1.1807909604519775,8.6949152542372889,2.2711864406779663,6.4293785310734464,0.53672316384180796,1.2768361581920904,1.8192090395480225,1.536723163841808,2.3220338983050848,1.4406779661016949,0.98305084745762716,0.25988700564971751,0.51977401129943501,0.83615819209039544,0.94350282485875703,0.80790960451977401,1.0169491525423728,0.53672316384180796,0.82485875706214684,1.0847457627118644,0.39548022598870058,1.4406779661016949
sedoheptulose-7P(S7P),0.69767441860465118,0.34418604651162793,0.97674418604651159,0.79069767441860461,0.93023255813953487,1.8604651162790697,1.441860465116279,1.1627906976744187,0.60465116279069764,0.51162790697674421,0.79069767441860461,0.55813953488372092,2.0,2.2790697674418605,1.3023255813953489,2.9302325581395348,1.441860465116279,2.0465116279069768,0.88372093023255816,1.0232558139534884,2.9302325581395348,0.51162790697674421,1.3023255813953489,0.60465116279069764
serine,0.76023391812865493,0.95126705653021437,0.834307992202729,0.79922027290448339,1.0136452241715399,0.96296296296296291,0.54580896686159841,0.834307992202729,0.5536062378167641,1.0448343079922027,0.74463937621832355,1.037037037037037,1.0916179337231968,1.3099415204678362,0.80701754385964908,2.8421052631578947,1.7348927875243665,1.7855750487329434,0.60038986354775825,1.4502923976608186,1.2514619883040936,1.5438596491228069,0.98635477582845998,1.5165692007797271
spermidine,1.2121212121212122,0.98989898989898994,0.51515151515151514,0.90909090909090906,1.1111111111111112,0.92929292929292917,1.0101010101010102,0.84848484848484851,0.89898989898989901,0.58585858585858586,1.0101010101010102,0.82828282828282818,1.9191919191919191,0.6767676767676768,0.68686868686868685,1.0101010101010102,1.7171717171717171,1.8181818181818181,0.96969696969696961,0.91919191919191912,2.1212121212121211,2.0202020202020203,1.9191919191919191,1.3131313131313131
spermine,1.0,1.0,1.0,1.0,1.0,1.0,1.0,1.0,1.0,1.0,1.0,1.0,1.0,1.0,1.0,1.0,1.0,1.0,1.0,1.0,1.0,1.0,1.0,1.0
succinate(Suc),0.74217585692995525,0.83755588673621462,0.34277198211624443,0.67660208643815201,1.3561847988077496,1.9374068554396424,1.427719821162444,0.94783904619970194,0.5156482861400894,0.96274217585693,1.293591654247392,1.1415797317436662,0.7451564828614009,0.60804769001490311,1.007451564828614,1.7973174366616989,1.3561847988077496,2.211624441132638,0.76900149031296572,1.1147540983606556,1.3025335320417288,0.68256333830104321,0.99254843517138602,1.4307004470938898
succinylCoA(suc-CoA),nan,nan,nan,nan,nan,nan,nan,nan,nan,nan,nan,nan,nan,nan,nan,nan,nan,nan,nan,nan,nan,nan,nan,nan
taurine,0.93831168831168832,0.99458874458874458,0.62662337662337664,0.82683982683982682,0.99025974025974028,0.86796536796536794,1.274891774891775,1.1244588744588744,1.0054112554112553,0.91450216450216448,1.2077922077922079,1.2316017316017316,0.87012987012987009,0.81601731601731597,1.2424242424242424,0.62445887445887449,1.0909090909090908,0.92532467532467533,1.0638528138528138,1.1818181818181819,1.5205627705627707,1.1666666666666667,0.91883116883116878,1.2045454545454546
threonine,0.74576271186440679,0.80338983050847457,0.72881355932203384,0.84406779661016951,1.0101694915254238,0.85084745762711866,0.59661016949152545,0.91186440677966096,0.72542372881355932,1.047457627118644,0.59999999999999998,0.98983050847457632,1.2033898305084745,1.064406779661017,0.89830508474576276,3.0677966101694913,3.1627118644067798,2.0915254237288137,0.75593220338983047,1.5966101694915253,1.8033898305084746,1.8372881355932202,1.3457627118644069,1.5050847457627119
tryptophan,0.71875,1.0,0.78125,0.9375,1.5625,1.09375,0.8125,0.875,0.53125,1.34375,0.84375,1.15625,0.75,0.90625,0.96875,2.59375,1.0,2.34375,0.84375,1.125,1.21875,1.875,1.375,1.71875
tyramine,nan,nan,nan,nan,nan,nan,nan,nan,nan,nan,nan,nan,nan,nan,nan,nan,nan,nan,nan,nan,nan,nan,nan,nan
tyrosine,0.69076305220883538,0.8112449799196787,0.68273092369477917,0.85943775100401609,1.8313253012048192,0.93172690763052213,0.60240963855421692,0.77911646586345384,0.41767068273092367,1.1244979919678715,0.67469879518072284,1.1004016064257027,0.89959839357429716,0.96385542168674698,1.036144578313253,2.8433734939759034,5.8875502008032132,2.6827309236947792,0.67469879518072284,1.1164658634538152,1.1646586345381527,1.8232931726907631,1.285140562248996,1.751004016064257
uridine,0.84375,0.84375,1.28125,0.890625,1.359375,1.25,1.515625,1.03125,0.71875,0.984375,1.40625,1.09375,0.921875,1.34375,1.015625,0.984375,0.53125,0.9375,1.25,0.859375,0.875,1.609375,0.71875,1.046875
UTP,2.1397058823529411,0.55147058823529416,1.0808823529411764,0.55147058823529416,1.5220588235294117,0.23529411764705882,2.1397058823529411,0.38970588235294118,1.5,0.038235294117647062,2.4558823529411766,2.1397058823529411,1.8455882352941178,1.0441176470588236,0.97058823529411764,0.34558823529411764,0.45588235294117646,0.070588235294117646,1.0294117647058822,0.125,1.9338235294117647,0.033823529411764704,2.9117647058823528,0.21323529411764705
valine,0.63225806451612898,0.967741935483871,0.64838709677419359,0.85806451612903223,1.6193548387096774,1.0258064516129033,0.73870967741935489,1.0032258064516129,0.46129032258064517,0.91290322580645167,0.66774193548387095,0.87096774193548387,0.85483870967741937,0.99677419354838714,1.0225806451612902,2.3354838709677419,3.4193548387096775,2.3290322580645162,0.73225806451612907,1.403225806451613,1.1709677419354838,1.4258064516129032,1.2419354838709677,1.264516129032258
_-alanine,1.1578947368421053,0.8771929824561403,0.45614035087719296,0.52631578947368418,0.73684210526315785,0.80701754385964908,0.77192982456140347,1.263157894736842,0.63157894736842102,0.80701754385964908,1.0526315789473684,0.56140350877192979,1.8245614035087718,1.0175438596491229,0.98245614035087714,1.4035087719298245,2.1052631578947367,2.1754385964912282,0.80701754385964908,3.6491228070175437,2.6666666666666665,1.368421052631579,2.3157894736842106,0.91228070175438591
_-glutamyl-2-aminobutyrate(_-Glu-2AB),nan,nan,nan,nan,nan,nan,nan,nan,nan,nan,nan,nan,nan,nan,nan,nan,nan,nan,nan,nan,nan,nan,nan,nan
_-glutamylcysteine(_-Glu-Cys),0.2820512820512821,0.61538461538461542,0.39743589743589747,0.2820512820512821,0.5,1.0,0.65384615384615385,1.0641025641025643,0.32051282051282054,1.4102564102564104,0.71794871794871795,1.0512820512820513,0.2820512820512821,1.0897435897435899,1.6666666666666667,1.5384615384615385,1.6666666666666667,3.2051282051282053,0.2820512820512821,1.2564102564102566,0.88461538461538469,0.97435897435897434,0.71794871794871795,2.4358974358974361
