,Entrez,GeneName
0,100,ADA
1,10005,ACOT8
2,10007,GNPDA1
3,100137049,PLA2G4B
4,10020,GNE
5,10026,PIGK
6,100287639,MTHFD2P1
7,10050,SLC17A4
8,100507855,NA
9,100526794,NT5C1B-RDH14
10,10057,ABCC5
11,10060,ABCC9
12,10087,COL4A3BP
13,10090,UST
14,10135,NAMPT
15,10157,AASS
16,10164,CHST4
17,10165,SLC25A13
18,10166,SLC25A15
19,10195,ALG3
20,10201,NME6
21,10229,COQ7
22,10246,SLC17A2
23,10249,GLYAT
24,10257,ABCC4
25,102724197,NA
26,102724560,NA
27,10312,TCIRG1
28,10317,B3GALT5
29,10327,AKR1A1
30,10331,B3GNT3
31,1036,CDO1
32,10380,BPNT1
33,10390,CEPT1
34,10396,ATP8A1
35,1040,CDS1
36,10400,PEMT
37,10402,ST3GAL6
38,10423,CDIPT
39,10449,ACAA2
40,10455,ECI2
41,10476,ATP5H
42,10478,SLC25A17
43,10554,AGPAT1
44,10555,AGPAT2
45,10558,SPTLC1
46,10559,SLC35A1
47,1056,CEL
48,10560,SLC19A2
49,10568,SLC34A2
50,10587,TXNRD2
51,10588,MTHFS
52,10599,SLCO1B1
53,10606,PAICS
54,10610,ST6GALNAC2
55,10632,ATP5L
56,10654,PMVK
57,10678,B3GNT2
58,10682,EBP
59,10690,FUT9
60,107,ADCY1
61,10720,UGT2B11
62,10723,SLC12A7
63,10724,MGEA5
64,10728,PTGES3
65,10768,AHCYL1
66,10786,SLC17A3
67,10797,MTHFD2
68,108,ADCY2
69,10840,ALDH1L1
70,10841,FTCD
71,10846,PDE10A
72,10858,CYP46A1
73,10861,SLC26A1
74,10864,SLC22A7
75,10870,HCST
76,10873,ME3
77,109,ADCY3
78,10901,DHRS4
79,10905,MAN1A2
80,10919,EHMT2
81,10935,PRDX3
82,10948,NA
83,10965,ACOT2
84,10975,UQCR11
85,10991,SLC38A3
86,10993,SDS
87,10998,SLC27A5
88,10999,SLC27A4
89,11000,SLC27A3
90,11001,SLC27A2
91,1103,CHAT
92,11041,B3GNT1
93,11046,SLC35D2
94,1109,AKR1C4
95,111,ADCY5
96,11112,HIBADH
97,11136,SLC7A9
98,11164,NUDT5
99,1118,CHIT1
100,11181,TREH
101,11182,SLC2A6
102,11185,INMT
103,1119,CHKA
104,112,ADCY6
105,1120,CHKB
106,11212,PROSC
107,11226,GALNT6
108,11227,GALNT5
109,11238,CA5B
110,112483,SAT2
111,11253,MAN1B1
112,11254,SLC6A14
113,112611,RWDD2A
114,112724,RDH13
115,11282,MGAT4B
116,11283,CYP4F8
117,11285,B4GALT7
118,113,ADCY7
119,113026,PLCD3
120,11309,SLCO2B1
121,113189,CHST14
122,11320,MGAT4A
123,113235,SLC46A1
124,113278,SLC52A3
125,11332,ACOT7
126,11343,MGLL
127,113451,ADC
128,113675,SDSL
129,114,ADCY8
130,114112,TXNRD3
131,114134,SLC2A13
132,114805,GALNT13
133,114971,PTPMT1
134,115,ADCY9
135,115019,SLC26A9
136,115111,SLC26A7
137,1152,CKB
138,115286,SLC25A26
139,115584,SLC5A11
140,1158,CKM
141,1159,CKMT1B
142,1160,CKMT2
143,116255,MOGAT1
144,116285,ACSM1
145,116369,SLC26A8
146,117247,SLC16A10
147,117248,GALNT15
148,117283,IP6K3
149,1178,CLC
150,118881,COMTD1
151,12,SERPINA3
152,1200,TPP1
153,120103,SLC36A4
154,121260,SLC15A4
155,121278,TPH2
156,1215,CMA1
157,122481,AK7
158,122622,ADSSL1
159,122970,ACOT4
160,123041,SLC24A4
161,123099,DEGS2
162,123745,PLA2G4E
163,124,ADH1A
164,1244,ABCC2
165,124583,CANT1
166,124637,CYB5D1
167,124935,SLC43A2
168,124975,GGT6
169,125,ADH1B
170,125061,AFMID
171,125206,SLC5A10
172,125965,COX6B2
173,126,ADH1C
174,126129,CPT1C
175,126328,NDUFA11
176,126410,CYP4F22
177,1267,CNP
178,126792,B3GALT6
179,127,ADH4
180,127124,ATP6V1G3
181,128,ADH5
182,128869,PIGU
183,129607,CMPK2
184,129642,MBOAT2
185,129807,NEU4
186,13,AADAC
187,130,ADH6
188,130013,ACMSD
189,130367,SGPP2
190,130752,MDH1B
191,131,ADH7
192,1312,COMT
193,131669,UROC1
194,132,ADK
195,132158,GLYCTK
196,1327,COX4I1
197,132789,GNPDA2
198,1329,COX5B
199,1337,COX6A1
200,1339,COX6A2
201,1340,COX6B1
202,1345,COX6C
203,134526,ACOT12
204,1346,COX7A1
205,1347,COX7A2
206,1349,COX7B
207,1350,COX7C
208,1351,COX8A
209,135152,B3GAT2
210,1356,CP
211,1357,CPA1
212,1358,CPA2
213,1371,CPOX
214,1373,CPS1
215,1374,CPT1A
216,1375,CPT1B
217,1376,CPT2
218,137872,ADHFE1
219,137964,AGPAT6
220,1384,CRAT
221,140679,SLC32A1
222,140838,NANP
223,142680,SLC34A3
224,1431,CS
225,144193,AMDHD1
226,144195,SLC2A14
227,145226,RDH12
228,146712,B3GNTL1
229,1468,SLC25A10
230,1491,CTH
231,15,AANAT
232,1503,CTPS1
233,150763,GPAT2
234,151531,UPP2
235,153201,SLC36A2
236,1537,CYC1
237,154091,SLC2A12
238,1543,CYP1A1
239,1544,CYP1A2
240,1545,CYP1B1
241,1548,CYP2A6
242,1549,CYP2A7
243,1551,CYP3A7
244,155184,SLC2A7
245,1553,CYP2A13
246,1555,CYP2B6
247,1557,CYP2C19
248,1558,CYP2C8
249,1559,CYP2C9
250,1562,CYP2C18
251,1565,CYP2D6
252,1571,CYP2E1
253,1572,CYP2F1
254,1573,CYP2J2
255,157506,RDH10
256,1576,CYP3A4
257,1577,NA
258,1579,CYP4A11
259,158,ADSL
260,1580,CYP4B1
261,1581,CYP7A1
262,1582,CYP8B1
263,1583,CYP11A1
264,1584,NA
265,1585,CYP11B2
266,1586,CYP17A1
267,1588,NA
268,1589,CYP21A2
269,159,ADSS
270,1591,NA
271,1592,NA
272,1593,CYP27A1
273,1594,CYP27B1
274,1595,CYP51A1
275,159963,SLC5A12
276,160287,LDHAL6A
277,1603,DAD1
278,160428,ALDH1L2
279,1606,DGKA
280,1607,DGKB
281,160728,SLC5A8
282,1608,DGKG
283,160851,DGKH
284,1609,DGKQ
285,1610,DAO
286,1621,DBH
287,1622,DBI
288,162417,NAGS
289,162466,NA
290,1629,DBT
291,1632,ECI1
292,1633,DCK
293,1635,DCTD
294,1636,ACE
295,1638,DCT
296,1644,DDC
297,1645,AKR1C1
298,1650,DDOST
299,166012,CHST13
300,1666,DECR1
301,166785,MMAA
302,169355,IDO2
303,170712,COX7B2
304,171425,CLYBL
305,1716,DGUOK
306,1717,DHCR7
307,1718,DHCR24
308,1719,DHFR
309,1723,DHODH
310,1727,CYB5R3
311,1737,DLAT
312,1738,DLD
313,1743,DLST
314,175,AGA
315,1757,SARDH
316,178,AGL
317,1786,DNMT1
318,1787,TRDMT1
319,1788,DNMT3A
320,1789,DNMT3B
321,1798,DPAGT1
322,18,ABAT
323,1800,DPEP1
324,1806,DPYD
325,1807,DPYS
326,1808,DPYSL2
327,1809,DPYSL3
328,1811,SLC26A3
329,1836,SLC26A2
330,1841,DTYMK
331,1854,DUT
332,189,AGXT
333,1890,TYMP
334,1891,ECH1
335,1892,ECHS1
336,19,ABCA1
337,191,AHCY
338,192134,B3GNT6
339,195814,SDR16C5
340,1962,EHHADH
341,196743,PAOX
342,196883,ADCY4
343,197257,LDHD
344,197258,FUK
345,199974,CYP4Z1
346,200010,SLC5A9
347,200576,PIKFYVE
348,201288,NOS2P2
349,2023,ENO1
350,2026,ENO2
351,2027,ENO3
352,203,AK1
353,2030,SLC29A1
354,204,AK2
355,205,AK4
356,2052,EPHX1
357,2053,EPHX2
358,206358,SLC36A1
359,2098,ESD
360,210,ALAD
361,2108,ETFA
362,2109,NA
363,211,ALAS1
364,2110,ETFDH
365,212,ALAS2
366,213,ALB
367,2131,EXT1
368,2132,EXT2
369,2134,EXTL1
370,2135,EXTL2
371,2137,EXTL3
372,2147,F2
373,215,ABCD1
374,216,ALDH1A1
375,2168,FABP1
376,217,ALDH2
377,218,ALDH3A1
378,2180,ACSL1
379,2181,ACSL3
380,2182,ACSL4
381,2184,FAH
382,219,ALDH1B1
383,2194,FASN
384,220,ALDH1A3
385,2203,FBP1
386,221,ALDH3B1
387,221823,PRPS1L1
388,222,ALDH3B2
389,2222,FDFT1
390,2224,FDPS
391,222537,HS3ST5
392,223,ALDH9A1
393,2235,FECH
394,224,ALDH3A2
395,2243,FGA
396,225,ABCD2
397,226,ALDOA
398,2271,FH
399,22856,CHSY1
400,229,ALDOB
401,22928,SEPHS2
402,22929,SEPHS1
403,22934,RPIA
404,22978,NT5C2
405,230,ALDOC
406,23007,PLCH1
407,23057,NMNAT2
408,231,AKR1B1
409,23169,SLC35D1
410,23205,ACSBG1
411,23236,PLCB1
412,2326,FMO1
413,2327,FMO2
414,2328,FMO3
415,2329,FMO4
416,2330,FMO5
417,23305,ACSL6
418,23315,SLC9A8
419,23382,AHCYL2
420,23396,PIP5K1C
421,23417,MLYCD
422,23428,SLC7A8
423,23430,TPSD1
424,23439,ATP1B4
425,23443,SLC35A3
426,23464,GCAT
427,23475,QPRT
428,23478,SEC11A
429,2348,FOLR1
430,23483,TGDS
431,23498,HAAO
432,2350,FOLR2
433,2352,FOLR3
434,23530,NNT
435,23533,PIK3R5
436,23539,SLC16A8
437,23545,ATP6V0A2
438,23556,PIGN
439,2356,FPGS
440,23563,CHST5
441,23600,AMACR
442,23632,CA14
443,23657,SLC7A11
444,23743,BHMT2
445,23761,PISD
446,239,ALOX12
447,240,ALOX5
448,242,ALOX12B
449,245972,ATP6V0D2
450,245973,ATP6V1C2
451,246,ALOX15
452,246213,SLC17A8
453,247,ALOX15B
454,248,ALPI
455,249,ALPL
456,2495,FTH1
457,250,ALPP
458,251,ALPPL2
459,2512,FTL
460,2517,FUCA1
461,2519,FUCA2
462,2523,FUT1
463,2525,FUT3
464,2530,FUT8
465,2531,KDSR
466,253430,IPMK
467,2538,G6PC
468,2539,G6PD
469,2542,SLC37A4
470,2548,GAA
471,256435,ST6GALNAC3
472,257068,PLCXD2
473,2571,GAD1
474,2572,GAD2
475,257202,GPX6
476,25769,SLC24A2
477,25796,PGLS
478,2581,GALC
479,2582,GALE
480,25828,TXN2
481,2583,B4GALNT1
482,25830,SULT4A1
483,2584,GALK1
484,2585,GALK2
485,2588,GALNS
486,2589,GALNT1
487,2590,GALNT2
488,25902,MTHFD1L
489,2591,GALNT3
490,2592,GALT
491,259230,SGMS1
492,2593,GAMT
493,2595,GANC
494,2597,GAPDH
495,26,AOC1
496,26002,MOXD1
497,260293,CYP4X1
498,26035,GLCE
499,26061,HACL1
500,26062,HYALP1
501,26063,DECR2
502,2618,GART
503,262,AMD1
504,26227,PHGDH
505,26229,B3GAT3
506,26266,SLC13A4
507,26275,HIBCH
508,26279,PLA2G2D
509,2628,GATM
510,26289,AK5
511,2629,GBA
512,26290,GALNT8
513,26301,GBGT1
514,2632,GBE1
515,26330,GAPDHS
516,2638,GC
517,2639,GCDH
518,2643,GCH1
519,2645,GCK
520,2650,GCNT1
521,26503,SLC17A5
522,2651,GCNT2
523,2653,GCSH
524,266722,HS6ST3
525,267020,ATP5L2
526,2673,GFPT1
527,2678,GGT1
528,2679,GGT3P
529,2683,B4GALT1
530,2686,GGT7
531,2687,GGT5
532,26873,OPLAH
533,2694,GIF
534,270,AMPD1
535,27010,TPK1
536,27034,ACAD8
537,27068,PPA2
538,27087,B3GAT1
539,27089,UQCRQ
540,271,AMPD2
541,2710,GK
542,27109,ATP5S
543,27115,PDE7B
544,2712,GK2
545,27124,INPP5J
546,2713,GK3P
547,27159,CHIA
548,27165,GLS2
549,2717,GLA
550,272,AMPD3
551,2720,GLB1
552,27232,GNMT
553,27235,COQ2
554,2729,GCLC
555,2730,GCLM
556,27306,HPGDS
557,2731,GLDC
558,27349,MCAT
559,2739,GLO1
560,27430,MAT2B
561,2744,GLS
562,2745,GLRX
563,2746,GLUD1
564,2747,GLUD2
565,275,AMT
566,2752,GLUL
567,276,AMY1A
568,2762,GMDS
569,2766,GMPR
570,277,AMY1B
571,278,AMY1C
572,279,AMY2A
573,2799,GNS
574,28,ABO
575,280,AMY2B
576,2805,GOT1
577,2806,GOT2
578,2819,GPD1
579,2820,GPD2
580,2821,GPI
581,28231,SLCO4A1
582,28232,SLCO3A1
583,28234,SLCO1B3
584,283871,PGP
585,284098,PIGW
586,284111,SLC13A5
587,284129,SLC26A11
588,284273,ZADH2
589,286016,TPI1P2
590,286297,NA
591,2875,GPT
592,2876,GPX1
593,2877,GPX2
594,2878,GPX3
595,2879,GPX4
596,2880,GPX5
597,2882,GPX7
598,28965,SLC27A6
599,28972,SPCS1
600,28976,ACAD9
601,28982,FLVCR1
602,290,ANPEP
603,291,SLC25A4
604,29124,LGALS13
605,292,SLC25A5
606,293,SLC25A6
607,2936,GSR
608,2937,GSS
609,2944,GSTM1
610,2954,GSTZ1
611,2974,GUCY1B2
612,2977,GUCY1A2
613,2978,GUCA1A
614,29785,CYP2S1
615,29796,UQCR10
616,2982,GUCY1A3
617,2983,GUCY1B3
618,2984,GUCY2C
619,2986,GUCY2F
620,2987,GUK1
621,29880,ALG5
622,29881,NPC1L1
623,2990,GUSB
624,29906,ST8SIA5
625,2992,GYG1
626,29920,PYCR2
627,29922,NME7
628,29925,GMPPB
629,29926,GMPPA
630,29929,ALG6
631,29953,TRHDE
632,29958,DMGDH
633,29968,PSAT1
634,2997,GYS1
635,2998,GYS2
636,29988,SLC2A8
637,30,ACAA1
638,3000,GUCY2D
639,30061,SLC40A1
640,3028,HSD17B10
641,3029,HAGH
642,3030,HADHA
643,3032,HADHB
644,3033,HADH
645,3034,HAL
646,3036,HAS1
647,3037,HAS2
648,3038,HAS3
649,3067,HDC
650,3073,HEXA
651,3074,HEXB
652,3081,HGD
653,30814,PLA2G2E
654,30815,ST6GALNAC6
655,30833,NT5C
656,3098,HK1
657,3099,HK2
658,31,ACACA
659,3101,HK3
660,314,AOC2
661,3141,HLCS
662,3145,HMBS
663,3155,HMGCL
664,3156,HMGCR
665,3157,HMGCS1
666,3158,HMGCS2
667,316,AOX1
668,3162,HMOX1
669,3163,HMOX2
670,3176,HNMT
671,3177,SLC29A2
672,318,NUDT2
673,32,ACACB
674,3242,HPD
675,3251,HPRT1
676,3283,HSD3B1
677,3284,HSD3B2
678,3290,HSD11B1
679,3291,HSD11B2
680,3292,HSD17B1
681,3293,HSD17B3
682,3294,HSD17B2
683,3295,HSD17B4
684,33,ACADL
685,3340,NDST1
686,335,APOA1
687,337876,CHSY3
688,338,APOB
689,339221,ENPP7
690,34,ACADM
691,340024,SLC6A19
692,341,APOC1
693,3417,IDH1
694,3418,IDH2
695,3419,IDH3A
696,341947,COX8C
697,3420,IDH3B
698,3421,IDH3G
699,3422,IDI1
700,3423,IDS
701,3425,IDUA
702,343,AQP8
703,344,APOC2
704,345,APOC3
705,347734,SLC35B2
706,348,APOE
707,349565,NMNAT3
708,35,ACADS
709,353,APRT
710,358,AQP1
711,359,AQP2
712,36,ACADSB
713,361,AQP4
714,3612,IMPA1
715,3613,IMPA2
716,3614,IMPDH1
717,3615,IMPDH2
718,362,AQP5
719,3620,IDO1
720,3628,INPP1
721,3631,INPP4A
722,3632,INPP5A
723,3633,INPP5B
724,3635,INPP5D
725,3636,INPPL1
726,3658,IREB2
727,366,AQP9
728,37,ACADVL
729,3704,ITPA
730,3706,ITPKA
731,3707,ITPKB
732,3712,IVD
733,373156,GSTK1
734,374291,NDUFS7
735,374569,ASPG
736,374907,B3GNT8
737,375056,MIA3
738,3764,KCNJ8
739,376497,SLC27A1
740,3767,KCNJ11
741,377677,CA13
742,377841,ENTPD8
743,3795,KHK
744,38,ACAT1
745,383,ARG1
746,384,ARG2
747,386757,SLC6A10P
748,387775,SLC22A10
749,387893,SETD8
750,389015,SLC9A4
751,39,ACAT2
752,3906,LALBA
753,3931,LCAT
754,3938,LCT
755,3939,LDHA
756,3945,LDHB
757,3948,LDHC
758,3988,LIPA
759,3990,LIPC
760,3992,FADS1
761,4017,LOXL2
762,4023,LPL
763,4025,NA
764,4035,LRP1
765,4036,LRP2
766,4047,LSS
767,4048,LTA4H
768,4051,CYP4F3
769,4056,LTC4S
770,410,ARSA
771,411,ARSB
772,412,STS
773,4121,MAN1A1
774,4122,MAN2A2
775,4123,MAN2C1
776,4124,MAN2A1
777,4125,MAN2B1
778,4126,MANBA
779,4128,MAOA
780,4129,MAOB
781,4143,MAT1A
782,4144,MAT2A
783,4166,CHST6
784,4190,MDH1
785,4191,MDH2
786,4199,ME1
787,4200,ME2
788,4245,MGAT1
789,4247,MGAT2
790,4248,MGAT3
791,4249,MGAT5
792,4257,MGST1
793,4258,MGST2
794,4259,MGST3
795,427,ASAH1
796,4284,MIP
797,43,ACHE
798,4329,ALDH6A1
799,435,ASL
800,4351,MPI
801,4353,MPO
802,4357,MPST
803,4363,ABCC1
804,438,ASMT
805,440,ASNS
806,441024,MTHFD2L
807,443,ASPA
808,445,ASS1
809,4507,MTAP
810,4512,MT-CO1
811,4513,MT-CO2
812,4514,MT-CO3
813,4519,MT-CYB
814,4522,MTHFD1
815,4524,MTHFR
816,4535,MT-ND1
817,4536,MT-ND2
818,4537,MT-ND3
819,4538,MT-ND4
820,4539,MT-ND4L
821,4540,MT-ND5
822,4541,MT-ND6
823,4548,MTR
824,4594,MUT
825,4597,MVD
826,4598,MVK
827,4668,NAGA
828,4669,NAGLU
829,4694,NDUFA1
830,4695,NDUFA2
831,4696,NDUFA3
832,4697,NDUFA4
833,4698,NDUFA5
834,47,ACLY
835,4700,NDUFA6
836,4701,NDUFA7
837,4702,NDUFA8
838,4704,NDUFA9
839,4705,NDUFA10
840,4706,NDUFAB1
841,4707,NDUFB1
842,4708,NDUFB2
843,4709,NDUFB3
844,471,ATIC
845,4710,NDUFB4
846,4711,NDUFB5
847,4712,NDUFB6
848,4713,NDUFB7
849,4714,NDUFB8
850,4715,NDUFB9
851,4716,NDUFB10
852,4717,NDUFC1
853,4718,NDUFC2
854,4719,NDUFS1
855,4720,NDUFS2
856,4722,NDUFS3
857,4723,NDUFV1
858,4724,NDUFS4
859,4725,NDUFS5
860,4726,NDUFS6
861,4728,NDUFS8
862,4729,NDUFV2
863,4731,NDUFV3
864,4758,NEU1
865,4759,NEU2
866,476,ATP1A1
867,477,ATP1A2
868,478,ATP1A3
869,48,ACO1
870,480,ATP1A4
871,481,ATP1B1
872,482,ATP1B2
873,483,ATP1B3
874,4830,NME1
875,4831,NME2
876,4832,NME3
877,4833,NME4
878,4837,NNMT
879,4842,NOS1
880,4843,NOS2
881,4846,NOS3
882,4860,PNP
883,4881,NPR1
884,4882,NPR2
885,4891,SLC11A2
886,490,ATP2B1
887,4905,NSF
888,4907,NT5E
889,491,ATP2B2
890,492,ATP2B3
891,493,ATP2B4
892,4942,OAT
893,495,ATP4A
894,4952,OCRL
895,4953,ODC1
896,496,ATP4B
897,4967,OGDH
898,498,ATP5A1
899,50,ACO2
900,5009,OTC
901,501,ALDH7A1
902,5019,OXCT1
903,5033,P4HA1
904,5034,P4HB
905,5048,PAFAH1B1
906,50484,RRM2B
907,50487,PLA2G3
908,5049,PAFAH1B2
909,5050,PAFAH1B3
910,50506,DUOX2
911,5051,PAFAH2
912,50515,CHST11
913,5052,PRDX1
914,5053,PAH
915,506,ATP5B
916,50614,GALNT9
917,50617,ATP6V0A4
918,50700,RDH8
919,50808,AK3
920,50814,NSDHL
921,509,ATP5C1
922,5091,PC
923,5092,PCBD1
924,50940,PDE11A
925,5095,PCCA
926,5096,PCCB
927,51,ACOX1
928,51004,COQ6
929,51005,AMDHD2
930,51022,GLRX2
931,5105,PCK1
932,51056,LAP3
933,5106,PCK2
934,51071,DERA
935,51079,NDUFA13
936,51086,TNNI3K
937,51102,MECR
938,51109,RDH11
939,51146,A4GNT
940,51166,AADAT
941,51179,HAO2
942,51181,DCXR
943,51196,PLCE1
944,51205,ACP6
945,51227,PIGP
946,51251,NT5C3A
947,51268,PIPOX
948,51292,GMPR2
949,51296,SLC15A3
950,513,ATP5D
951,5130,PCYT1A
952,51301,GCNT4
953,51302,CYP39A1
954,5136,NA
955,5137,PDE1C
956,5138,PDE2A
957,51380,CSAD
958,51382,ATP6V1D
959,5139,PDE3A
960,514,ATP5E
961,5140,PDE3B
962,5141,PDE4A
963,5142,PDE4B
964,5143,PDE4C
965,5144,PDE4D
966,51447,IP6K2
967,5145,PDE6A
968,5146,PDE6C
969,5147,PDE6D
970,51477,ISYNA1
971,51478,HSD17B7
972,5148,PDE6G
973,5149,PDE6H
974,515,ATP5F1
975,5150,PDE7A
976,5151,PDE8A
977,5152,PDE9A
978,51529,ANAPC11
979,5153,NA
980,51540,SCLY
981,51550,CINP
982,51557,LGSN
983,5158,PDE6B
984,516,ATP5G1
985,5160,PDHA1
986,51604,PIGT
987,51606,ATP6V1H
988,5161,PDHA2
989,5162,PDHB
990,5167,ENPP1
991,5168,NA
992,5169,ENPP3
993,517,ATP5G2
994,51700,CYB5R2
995,51703,ACSL5
996,51706,CYB5R1
997,5172,SLC26A4
998,51727,CMPK1
999,51733,UPB1
1000,518,ATP5G3
1001,51805,COQ3
1002,51809,GALNT7
1003,5184,PEPD
1004,5198,PFAS
1005,52,ACP1
1006,5207,PFKFB1
1007,5208,PFKFB2
1008,5209,PFKFB3
1009,521,ATP5I
1010,5210,PFKFB4
1011,5211,PFKL
1012,5213,PFKM
1013,5214,PFKP
1014,522,ATP5J
1015,5223,PGAM1
1016,5224,PGAM2
1017,5226,PGD
1018,523,ATP6V1A
1019,5230,PGK1
1020,5232,PGK2
1021,5236,PGM1
1022,5238,PGM3
1023,5244,ABCB4
1024,525,ATP6V1B1
1025,5250,SLC25A3
1026,5251,PHEX
1027,526,ATP6V1B2
1028,5264,PHYH
1029,5265,SERPINA1
1030,527,ATP6V0C
1031,5277,PIGA
1032,5279,PIGC
1033,528,ATP6V1C1
1034,5281,PIGF
1035,5283,PIGH
1036,5286,PIK3C2A
1037,5287,PIK3C2B
1038,5288,PIK3C2G
1039,5289,PIK3C3
1040,529,ATP6V1E1
1041,5290,PIK3CA
1042,5291,PIK3CB
1043,5293,PIK3CD
1044,5294,PIK3CG
1045,5295,PIK3R1
1046,5296,PIK3R2
1047,5297,PI4KA
1048,5298,PI4KB
1049,53,ACP2
1050,5305,PIP4K2A
1051,5313,PKLR
1052,5315,PKM
1053,5319,PLA2G1B
1054,5320,PLA2G2A
1055,5321,PLA2G4A
1056,5322,PLA2G5
1057,533,ATP6V0B
1058,5330,PLCB2
1059,5331,PLCB3
1060,5332,PLCB4
1061,5333,PLCD1
1062,5334,PLCL1
1063,53343,NUDT9
1064,5335,PLCG1
1065,53354,PANK1
1066,5336,PLCG2
1067,5337,PLD1
1068,5338,PLD2
1069,534,ATP6V1G2
1070,5340,PLG
1071,535,ATP6V0A1
1072,5351,PLOD1
1073,5352,PLOD2
1074,53630,BCMO1
1075,5372,PMM1
1076,5373,PMM2
1077,539,ATP5O
1078,53905,DUOX1
1079,53919,SLCO1C1
1080,53947,A4GALT
1081,54,ACP5
1082,54020,SLC37A1
1083,5406,PNLIP
1084,5407,PNLIPRP1
1085,5408,PNLIPRP2
1086,5409,PNMT
1087,54187,NANS
1088,54344,DPM3
1089,54363,HAO1
1090,54407,SLC38A2
1091,54480,CHPF2
1092,54490,UGT2B28
1093,54511,HMGCLL1
1094,54539,NDUFB11
1095,54575,UGT1A10
1096,54576,UGT1A8
1097,54577,UGT1A7
1098,54578,UGT1A6
1099,54579,UGT1A5
1100,54600,UGT1A9
1101,5464,PPA1
1102,54657,UGT1A4
1103,54658,UGT1A1
1104,54659,UGT1A3
1105,54675,CRLS1
1106,54677,CROT
1107,54682,MANSC1
1108,5471,PPAT
1109,54716,SLC6A20
1110,5476,CTSA
1111,548596,CKMT1A
1112,54872,PIGG
1113,54898,ELOVL2
1114,549,AUH
1115,54963,UCKL1
1116,54965,PIGX
1117,5498,PPOX
1118,54981,NMRK1
1119,54995,OXSM
1120,55,ACPP
1121,55065,SLC52A1
1122,55089,SLC38A4
1123,55163,PNPO
1124,55191,NADSYN1
1125,55217,TMLHE
1126,55224,ETNK2
1127,55229,PANK4
1128,55268,ECHDC2
1129,55276,PGM2
1130,55293,UEVLD
1131,55301,OLAH
1132,55304,SPTLC3
1133,55312,RFK
1134,55315,SLC29A3
1135,55326,AGPAT5
1136,55343,SLC35C1
1137,55349,CHDH
1138,55350,VNN3
1139,55361,PI4K2A
1140,5538,PPT1
1141,55454,CSGALNACT2
1142,55500,ETNK1
1143,55501,CHST12
1144,55512,SMPD3
1145,55568,GALNT10
1146,55577,NAGK
1147,55586,MIOX
1148,55627,SMPD4
1149,55650,PIGV
1150,55748,CNDP2
1151,55790,CSGALNACT1
1152,55808,ST6GALNAC1
1153,55811,ADCY10
1154,55825,PECR
1155,55902,ACSS2
1156,55907,CMAS
1157,55967,NDUFA12
1158,56052,ALG1
1159,5625,PRODH
1160,56267,CCBL2
1161,56301,SLC7A10
1162,5631,PRPS1
1163,5634,PRPS2
1164,56474,CTPS2
1165,56548,CHST7
1166,56603,CYP26B1
1167,56606,SLC2A9
1168,56623,INPP5E
1169,56848,SPHK2
1170,56894,AGPAT3
1171,56895,AGPAT4
1172,56913,C1GALT1
1173,56922,MCCC1
1174,56953,NT5M
1175,56954,NIT2
1176,56994,CHPT1
1177,570,BAAT
1178,57026,PDXP
1179,57030,SLC17A7
1180,57084,SLC17A6
1181,57094,CPA6
1182,57127,RHBG
1183,57134,MAN1C1
1184,57171,DOLPP1
1185,57194,ATP10A
1186,5723,PSPH
1187,5728,PTEN
1188,57282,SLC4A10
1189,5730,PTGDS
1190,57379,AICDA
1191,57393,TMEM27
1192,5740,PTGIS
1193,57419,SLC24A3
1194,5742,PTGS1
1195,5743,PTGS2
1196,57468,SLC12A5
1197,57486,NLN
1198,57571,CARNS1
1199,57665,RDH14
1200,57678,GPAM
1201,57733,GBA3
1202,57818,G6PC2
1203,57834,CYP4F11
1204,57835,SLC4A5
1205,5805,PTS
1206,5825,ABCD3
1207,5831,PYCR1
1208,5832,ALDH18A1
1209,5833,PCYT2
1210,5834,PYGB
1211,5836,PYGL
1212,5837,PYGM
1213,58508,KMT2C
1214,58510,PRODH2
1215,586,BCAT1
1216,5860,QDPR
1217,587,BCAT2
1218,59272,ACE2
1219,593,BCKDHA
1220,594,BCKDHB
1221,5947,RBP1
1222,5948,RBP2
1223,5950,RBP4
1224,5959,RDH5
1225,5973,RENBP
1226,6005,RHAG
1227,60386,SLC25A19
1228,60481,ELOVL5
1229,60482,SLC5A7
1230,60490,PPCDC
1231,60496,AASDHPPT
1232,60559,SPCS3
1233,6120,RPE
1234,6184,RPN1
1235,6185,RPN2
1236,622,BDH1
1237,6240,RRM1
1238,6241,RRM2
1239,6303,SAT1
1240,6307,MSMO1
1241,6309,SC5D
1242,6319,SCD
1243,6342,SCP2
1244,635,BHMT
1245,6389,SDHA
1246,6390,SDHB
1247,6391,SDHC
1248,63917,GALNT11
1249,6392,SDHD
1250,64064,OXCT2
1251,64077,LHPP
1252,64078,SLC28A3
1253,64080,RBKS
1254,64087,MCCC2
1255,64131,XYLT1
1256,64132,XYLT2
1257,641371,ACOT1
1258,641372,ACOT6
1259,641649,TMEM91
1260,64220,STRA6
1261,64240,ABCG5
1262,64241,ABCG8
1263,644,BLVRA
1264,6448,SGSH
1265,64499,TPSB2
1266,645,BLVRB
1267,645740,NOS2P1
1268,64579,NDST4
1269,64600,PLA2G2F
1270,6470,SHMT1
1271,64711,HS3ST6
1272,6472,SHMT2
1273,6476,SI
1274,64772,ENGASE
1275,64781,CERK
1276,6480,ST6GAL1
1277,64802,NMNAT1
1278,64816,CYP3A43
1279,6482,ST3GAL1
1280,6483,ST3GAL2
1281,64834,ELOVL1
1282,6484,ST3GAL4
1283,64841,NA
1284,64849,SLC13A3
1285,64850,ETNPPL
1286,6487,ST3GAL3
1287,6489,ST8SIA1
1288,64902,AGXT2
1289,65010,SLC26A6
1290,6505,SLC1A1
1291,6506,SLC1A2
1292,6507,SLC1A3
1293,6508,SLC4A3
1294,6509,SLC1A4
1295,6510,SLC1A5
1296,6511,SLC1A6
1297,6512,SLC1A7
1298,6513,SLC2A1
1299,6514,SLC2A2
1300,6515,SLC2A3
1301,6517,SLC2A4
1302,6518,SLC2A5
1303,6519,SLC3A1
1304,6520,SLC3A2
1305,6521,SLC4A1
1306,6522,SLC4A2
1307,65220,NADK
1308,6523,SLC5A1
1309,6524,SLC5A2
1310,6526,SLC5A3
1311,65263,PYCRL
1312,6528,SLC5A5
1313,6529,SLC6A1
1314,6530,SLC6A2
1315,6531,SLC6A3
1316,6532,SLC6A4
1317,6533,SLC6A6
1318,6534,SLC6A7
1319,6535,SLC6A8
1320,6536,SLC6A9
1321,6538,SLC6A11
1322,6539,SLC6A12
1323,6540,SLC6A13
1324,6541,SLC7A1
1325,6542,SLC7A2
1326,6543,SLC8A2
1327,6546,SLC8A1
1328,6547,SLC8A3
1329,6548,SLC9A1
1330,6549,SLC9A2
1331,6550,SLC9A3
1332,6553,SLC9A5
1333,6554,SLC10A1
1334,6555,SLC10A2
1335,6556,SLC11A1
1336,6557,SLC12A1
1337,6558,SLC12A2
1338,6559,NA
1339,6560,SLC12A4
1340,6561,SLC13A1
1341,6563,SLC14A1
1342,6564,SLC15A1
1343,6565,SLC15A2
1344,6566,SLC16A1
1345,6567,SLC16A2
1346,6568,SLC17A1
1347,6569,SLC34A1
1348,6570,SLC18A1
1349,6571,SLC18A2
1350,6572,SLC18A3
1351,6573,SLC19A1
1352,6574,SLC20A1
1353,6575,SLC20A2
1354,6576,SLC25A1
1355,6578,SLCO2A1
1356,6579,SLCO1A2
1357,6580,SLC22A1
1358,6581,SLC22A3
1359,6582,SLC22A2
1360,6583,SLC22A4
1361,6584,SLC22A5
1362,65985,AACS
1363,66002,CYP4F12
1364,66035,SLC2A11
1365,6609,SMPD1
1366,6610,SMPD2
1367,6611,SMS
1368,6646,SOAT1
1369,6647,SOD1
1370,6648,SOD2
1371,6649,SOD3
1372,6652,SORD
1373,6675,UAP1
1374,669,BPGM
1375,6697,SPR
1376,6713,SQLE
1377,6715,SRD5A1
1378,6716,SRD5A2
1379,6718,AKR1D1
1380,6723,SRM
1381,6783,SULT1E1
1382,6785,ELOVL4
1383,6799,SULT1A2
1384,6817,SULT1A1
1385,6818,SULT1A3
1386,682,BSG
1387,6820,SULT2B1
1388,6821,SUOX
1389,6822,SULT2A1
1390,6833,ABCC8
1391,6839,SUV39H1
1392,686,BTD
1393,6888,TALDO1
1394,6898,TAT
1395,6916,TBXAS1
1396,6999,TDO2
1397,7001,PRDX2
1398,7037,TFRC
1399,7054,TH
1400,7083,TK1
1401,7084,TK2
1402,7086,TKT
1403,7108,TM7SF2
1404,7166,TPH1
1405,7167,TPI1
1406,7173,TPO
1407,7177,TPSAB1
1408,7263,TST
1409,7264,TSTA3
1410,728441,GGT2
1411,7295,TXN
1412,7296,TXNRD1
1413,7298,TYMS
1414,7299,TYR
1415,7306,TYRP1
1416,7350,UCP1
1417,7351,UCP2
1418,7352,UCP3
1419,7355,SLC35A2
1420,7357,UGCG
1421,7358,UGDH
1422,7360,UGP2
1423,7363,UGT2B4
1424,7364,UGT2B7
1425,7365,UGT2B10
1426,7366,UGT2B15
1427,7367,UGT2B17
1428,7368,UGT8
1429,7371,UCK2
1430,7372,UMPS
1431,7378,UPP1
1432,7381,UQCRB
1433,7384,UQCRC1
1434,7385,UQCRC2
1435,7386,UQCRFS1
1436,7388,UQCRH
1437,7389,UROD
1438,7390,UROS
1439,7498,XDH
1440,759,CA1
1441,760,CA2
1442,761,CA3
1443,762,CA4
1444,763,CA5A
1445,765,CA6
1446,766,CA7
1447,767,CA8
1448,768,CA9
1449,771,CA12
1450,7779,SLC30A1
1451,7841,MOGS
1452,788,SLC25A20
1453,790,CAD
1454,79017,GGCT
1455,79053,ALG8
1456,79071,ELOVL6
1457,79077,DCTPP1
1458,79087,ALG12
1459,7915,ALDH5A1
1460,79178,NA
1461,7923,HSD17B8
1462,79369,B3GNT4
1463,7941,PLA2G7
1464,79581,SLC52A2
1465,79586,CHPF
1466,79611,ACSS3
1467,79623,GALNT14
1468,79646,PANK3
1469,79695,GALNT12
1470,79717,PPCS
1471,79723,SUV39H2
1472,79751,SLC25A22
1473,79813,EHMT1
1474,79814,AGMAT
1475,79837,PIP4K2C
1476,79896,THNSL1
1477,79901,CYBRD1
1478,7991,TUSC3
1479,79966,SCD5
1480,80025,PANK2
1481,80055,PGAP1
1482,80142,PTGES2
1483,80146,UXS1
1484,80150,ASRGL1
1485,80162,ATHL1
1486,80168,MOGAT2
1487,80201,HKDC1
1488,80235,PIGZ
1489,80270,HSD3B7
1490,80271,ITPKC
1491,8029,CUBN
1492,80308,FLAD1
1493,80339,PNPLA3
1494,8034,SLC25A16
1495,80347,COASY
1496,8050,PDHX
1497,80704,SLC19A3
1498,80724,ACAD10
1499,80854,SETD7
1500,81031,SLC2A10
1501,8140,SLC7A5
1502,81490,PTDSS2
1503,81537,SGPP1
1504,81539,SLC38A1
1505,81579,PLA2G12A
1506,81616,ACSBG2
1507,81693,AMN
1508,8170,SLC14A2
1509,81849,ST6GALNAC5
1510,8228,PNPLA4
1511,8260,NAA10
1512,8277,TKTL1
1513,8288,EPX
1514,8309,ACOX2
1515,8310,ACOX3
1516,83549,UCK1
1517,83594,NUDT12
1518,83697,SLC4A9
1519,8372,HYAL3
1520,83733,SLC25A18
1521,83852,SETDB2
1522,83884,SLC25A2
1523,8394,PIP5K1A
1524,8395,PIP5K1B
1525,8396,PIP4K2B
1526,8398,PLA2G6
1527,8399,PLA2G10
1528,84002,B3GNT5
1529,8402,SLC25A11
1530,84076,TKTL2
1531,84105,PCBD2
1532,84129,ACAD11
1533,8418,CMAHP
1534,8424,BBOX1
1535,84264,HAGHL
1536,8435,SOAT2
1537,8443,GNPAT
1538,84444,DOT1L
1539,84532,ACSS1
1540,84569,LYZL1
1541,84618,NT5C1A
1542,84649,DGAT2
1543,84679,SLC9A7
1544,84693,MCEE
1545,847,CAT
1546,84701,COX4I2
1547,84706,GPT2
1548,84720,PIGO
1549,84735,CNDP1
1550,8479,HIRIP3
1551,84803,AGPAT9
1552,84812,PLCD4
1553,84889,SLC7A3
1554,84890,ADO
1555,84912,SLC35B4
1556,84920,ALG10
1557,8501,SLC43A1
1558,8503,PIK3R3
1559,8509,NDST2
1560,8513,LIPF
1561,8525,DGKZ
1562,8526,DGKE
1563,8527,DGKD
1564,8528,DDO
1565,8529,CYP4F2
1566,85320,ABCC11
1567,8534,CHST1
1568,85365,ALG2
1569,8540,AGPS
1570,85465,EPT1
1571,8560,DEGS1
1572,8564,KMO
1573,8566,PDXK
1574,8574,AKR7A2
1575,8604,SLC25A12
1576,8608,RDH16
1577,8611,PPAP2A
1578,8612,PPAP2C
1579,8613,PPAP2B
1580,8622,PDE8B
1581,8639,AOC3
1582,8647,ABCB11
1583,8654,PDE5A
1584,8659,ALDH4A1
1585,8671,SLC4A4
1586,8693,GALNT4
1587,8694,DGAT1
1588,8703,B4GALT3
1589,8704,B4GALT2
1590,8705,B3GALT4
1591,8706,B3GALNT1
1592,8714,ABCC3
1593,873,CBR1
1594,8733,GPAA1
1595,874,CBR3
1596,875,CBS
1597,8760,CDS2
1598,8776,MTMR1
1599,8781,PSPHP1
1600,8789,FBP2
1601,8790,FPGT
1602,8801,SUCLG2
1603,8802,SUCLG1
1604,8803,SUCLA2
1605,8813,DPM1
1606,8818,DPM2
1607,8821,INPP4B
1608,8824,CES2
1609,883,CCBL1
1610,8833,GMPS
1611,8836,GGH
1612,8854,ALDH1A2
1613,8867,SYNJ1
1614,8869,ST3GAL5
1615,8871,SYNJ2
1616,8875,VNN2
1617,8876,VNN1
1618,8877,SPHK1
1619,8879,SGPL1
1620,8884,SLC5A6
1621,8897,MTMR3
1622,8898,MTMR2
1623,8908,GYG2
1624,8942,KYNU
1625,8972,MGAM
1626,8974,P4HA2
1627,8985,PLOD3
1628,89869,PLCZ1
1629,89874,SLC25A21
1630,8992,ATP6V0E1
1631,9016,SLC25A14
1632,90161,HS6ST2
1633,9023,CH25H
1634,90423,ATP6V1E2
1635,9045,RPL14
1636,9056,SLC7A7
1637,9057,SLC7A6
1638,9058,SLC13A2
1639,9060,PAPSS2
1640,9061,PAPSS1
1641,90701,SEC11C
1642,9091,PIGQ
1643,9114,ATP6V0D1
1644,91227,GGTLC2
1645,9123,SLC16A3
1646,91373,UAP1L1
1647,9152,SLC6A5
1648,9153,SLC28A2
1649,9154,SLC28A1
1650,9162,DGKI
1651,9167,COX7A2L
1652,91703,ACY3
1653,91734,IDI2
1654,9187,SLC24A1
1655,9194,SLC16A7
1656,9197,SLC33A1
1657,92086,GGTLC1
1658,9227,LRAT
1659,9245,GCNT3
1660,92483,LDHAL6B
1661,92579,G6PC3
1662,92745,SLC38A5
1663,9296,ATP6V1F
1664,93010,B3GNT7
1665,93034,NT5C1B
1666,93100,NAPRT1
1667,93183,PIGM
1668,9331,B4GALT6
1669,9334,B4GALT5
1670,9348,NDST3
1671,93492,TPTE2
1672,9365,KL
1673,9374,PPT2
1674,9377,COX5A
1675,9380,GRHPR
1676,9388,LIPG
1677,9390,SLC22A13
1678,9394,HS6ST1
1679,93979,CPA5
1680,94005,PIGS
1681,94033,FTMT
1682,9415,FADS2
1683,9420,CYP7B1
1684,9435,CHST2
1685,9453,GGPS1
1686,9468,PCYT1B
1687,9469,CHST3
1688,948,CD36
1689,9481,SLC25A27
1690,9487,PIGL
1691,9488,PIGB
1692,9489,PGS1
1693,949,SCARB1
1694,9497,SLC4A7
1695,9498,SLC4A8
1696,95,ACY1
1697,9514,GAL3ST1
1698,9517,SPTLC2
1699,952,CD38
1700,953,ENTPD1
1701,9536,PTGES
1702,954,ENTPD2
1703,955,NA
1704,9550,ATP6V1G1
1705,9551,ATP5J2
1706,956,ENTPD3
1707,9563,H6PD
1708,957,ENTPD5
1709,9583,ENTPD4
1710,9588,PRDX6
1711,9615,GDA
1712,9651,PLCH2
1713,9653,HS2ST1
1714,97,ACYP1
1715,978,CDA
1716,9789,SPCS2
1717,9791,PTDSS1
1718,98,ACYP2
1719,9807,IP6K1
1720,9843,HEPH
1721,9869,SETDB1
1722,9942,XYLB
1723,9945,GFPT2
1724,9951,HS3ST4
1725,9953,HS3ST3B1
1726,9955,HS3ST3A1
1727,9956,HS3ST2
1728,9957,HS3ST1
1729,9962,SLC23A2
1730,9963,SLC23A1
1731,9990,SLC12A6
1732,AI971036,NA
