"","KIRC","BRCA","BLCA","BRCATang","COAD","OV","PAAD","PAADHussain1","PAADHussain2","PRAD","PRADLODA","STAD"
"1,2-Propanediol",0,0,0,0,0,0,0,0,1.01550023082633,0,0,0
"1,3-Dihydroxyacetone",0,0,0,0,0,0,0,0,0,0,0,0
"1,5-Anhydroglucitol",0,0.575125091883317,0,0,0,0.757789040659995,0,0,0,0,-0.406680943863263,0
"10-Heptadecenoate",0.718286612240989,1.15385640128499,0,0,0,0,0,-0.4349034205266,-0.986336197138822,0,0,0
"10-Nonadecenoate",1.18187399684145,1.99584986481532,0,1.23151512400623,0,0,0,-0.70473383107153,-1.94635919608885,0,1.3582833106798,0
"13-Hode + 9-Hode",0,0,0,0,0,0,0,-0.782988506131136,-1.42785802026512,0,0,0
"15-Methylpalmitate (Isobar With 2-Methylpalmitate)",0.448946386288797,0,0,0,0,0,0,0,-1.23616591933255,0,0,0
"16-Hydroxypalmitate",-0.430742733925683,0,0,0,0,0,0,0,0,0,0,0
"1-Arachidonoyl-Gpc* (20:4)*",-0.389308119804772,0,0,0,0,0,0,0,0,0,0,0
"1-Arachidonoyl-Gpe* (20:4)*",-1.23574189545914,0.639747260603769,0,0.956828171894689,0,-0.536003510119135,0,0.803233977053227,0,0,0,0
"1-Arachidonoylglycerophosphoinositol",-0.87064749758615,1.43878195017264,0,1.70351547349624,0,0,0,0,-2.46879987636186,0,0,0
"1-Arachidonylglycerol",-0.436102909338774,0,0,0,0,0,0,0,0,0,0,0
"1-Docosahexaenoylglycerophosphocholine*",-0.931894513930347,0,0,0,0,0,0,0,0,0,0,0
"1-Heptadecanoylglycerophosphocholine",-1.98611294478919,0,0,0,0,0,0,0,0,0,0,0
"1-Heptadecanoylglycerophosphoethanolamine",-4.53979100615735,0,0,0,0,0,0,0,-1.10006530119075,0,0.565387215100412,0
"1-Linoleoylglycerol",0.771350350795155,0,0,0,0,0,0,0,0,0,0,0
"1-Linoleoylglycerophosphocholine",-0.691952443332476,1.41001642742542,0,0,0,0,0,0,0,0,0,0
"1-Linoleoylglycerophosphoethanolamine",-2.98398792582585,0,0,1.07183349403582,0,0,0,0,0,0,0.50078743257434,0
"1-Methylimidazoleacetate",-0.770953225084485,0,0,0,0,-1.86329422137688,0,0,0,0,0,0
"1-Myristoyl-Gpc (14:0)",-1.4056443815075,1.64716569730598,0,0,0,0,0,0,0,0,0.78653601776618,0
"1-Myristoylglycerophosphoethanolamine",-2.72242004622157,0,0,0,0,0,0,0,0,0,0,0
"1-Oleoylglycerol (1-Monoolein)",0.754197461265649,4.28497615010775,0,0,0,0,0,-1.32057795972194,0,0,0,0
"1-Oleoyl-Gpc (18:1)",-1.80958153043408,3.11024535687059,0,0,0,0,0,0,0,0,0,0
"1-Oleoyl-Gpe (18:1)",-4.28899913633595,2.66089037480181,0,2.67705656754512,0,0,0,0,-1.13249627793642,0,0,0
"1-Oleoylglycerophosphoinositol",-1.5362198502181,0,0,0,0,0,0,0,-4.46591882309976,0,0.649048792955136,0
"1-Oleoylglycerophosphoserine",-1.1263298258372,0,0,0,0,0,0,0,0,0,0.681926063911307,0
"1-Palmitoleoylglycerophosphocholine*",-1.27818069587379,0,0,0,0,0,0,0,0,0,0,0
"1-Palmitoleoylglycerophosphoethanolamine*",-3.64448453273918,0,0,0,0,0,0,0,0,0,0,0
"1-Palmitoylglycerol",-0.337575339063413,4.1654428986518,0,0,0,0,0,0,-2.81980643541095,0,0,0
"1-Palmitoyl-Gpc (16:0)",-1.54466677924541,3.28214565207199,0,0,0,0,0,0,-1.76098135745431,0,0,0
"1-Palmitoyl-Gpe (16:0)",-5.14041318708442,0,0,2.84699358793597,0,0,0,0,-1.50977183456885,0,0,0
"1-Palmitoylglycerophosphoinositol",-2.20933931129301,0,0,2.65451970614833,0,0,0,-2.04200102043654,-4.52064532456906,0,0.501188606166555,0
"1-Palmitoylplasmenylethanolamine*",-3.07414734852425,0,0,2.55863293834283,0,0,0,0,-1.61163466307402,0,0,0
"1-Pentadecanoylglycerophosphocholine*",-1.87061802905977,0,0,0,0,0,0,0,0,0,0,0
"1-Stearoylglycerol",-0.689688950692859,2.46136478709337,0,0,0,0,0,-1.53989757878217,-2.39754162644532,0,0,0
"1-Stearoyl-Gpc (18:0)",-1.46850232403998,3.41016520667666,0,0,0,0,0,0,0,0,0,0
"1-Stearoyl-Gpe (18:0)",-3.39673096058071,2.61206497264265,0,2.72365222540847,0,0,0,0,-1.46902201503744,0,0,0
"1-Stearoylglycerophosphoinositol",-1.75483786327597,2.39855051164497,0,2.55721256477517,0,0,0,0,-2.38290045779676,0,0.423815569673184,0
"2-Aminoadipate",2.22011988685884,0.869593785055273,0,1.31558544748623,0,0,0,0,0,0.891511556915168,0.487611417748077,0
"2-Aminobutylate",0.430110934459523,1.05267705569656,0,1.99828016988984,0.73200361149013,0.759385149146185,0,0,0,0,0,0.748268243231707
"2-Arachidonoylglycerophosphocholine",0,2.07854323720058,0,0,0,0,0,0,0,0,0,0
"2-Arachidonoylglycerophosphoethanolamine",-0.165232172619027,1.9119130303899,0,1.50082270437824,0,0,0,0,2.23308443493486,0,0,0
"2'-Deoxyadenosine 3'-Monophosphate",0,0,0,0,0,0,0,0,0,0,0,0
"2'-Deoxycytidine 3'-Monophosphate",0,0,0,0,0,0,0,0,0,0,0,0
"2'-Deoxyguanosine",0,1.84497176909185,0,0,0,0,0,-1.62469569788979,0,0,0,0
"2'-Deoxyinosine",0,0.344537150491684,0,2.24846334820044,0,1.17043427485087,0,-1.4647177912841,0,0,-0.350580543394079,0
"2-Docosahexaenoylglycerophosphocholine*",-0.246004592926791,0,0,0,0,0,0,0,0,0,0,0
"2-Docosahexaenoylglycerophosphoethanolamine",0,2.49400575978293,0,0,0,0,0,0,0,0,0,0
"2-Docosapentaenoylglycerophosphocholine*",0,0,0,0,0,0,0,0,0,0,0,0
"2-Docosapentaenoylglycerophosphoethanolamine",0.774572385346517,2.94629353906576,0,0,0,0,0,0,0,0,0,0
"2-Eicosatrienoylglycerophosphocholine*",0,0,0,0,0,0,0,0,0,0,0,0
"2-Ethylhexanoate",-0.0893560240442336,0,0,-1.64060549557231,0,0,0,0,0,0,-0.350580543394079,0
"2-Hydroxyacetaminophen Sulfate*",-0.00142500063091002,0,0,0,0,0,0,0,0,0,-0.717732506114776,0
"2-Hydroxybutyrate (Ahb)",0,1.15358264041211,0,0,0,1.23215148342097,0,0,0.597583140520922,0,0,0
"2-Hydroxyglutarate",2.6136127669008,4.22329320319583,0,6.48658071482284,0,4.06600153443468,0,0,0,0,0,0
"2-Hydroxyhippurate",-0.769079574495294,0,0,0,0,0,0,0,0,0,-0.384298327609712,0
"2-Hydroxyisobutyrate",-1.30103495817231,0,0,0,0,0,0,0,0,0,0,0
"2-Hydroxypalmitate",0.865429921840879,1.46283822200454,0,0,0,1.26262370206669,0,0,0,0,0,0
"2-Isopropylmalate",-0.763769079835051,0,0,0,0,0,0,0,0,0,0,0
"2-Linoleoylglycerol (2-Monolinolein)",1.20661269033024,0,0,0,0,0,0,-0.962603195781722,-3.49197783659668,0,0,0
"2-Linoleoylglycerophosphocholine",0,1.65264402586233,0,0,0,0,0,0,0,0,0,0
"2-Linoleoylglycerophosphoethanolamine*",-1.4224176661969,1.52335230455077,0,1.26319402058028,0,0,0,0,0,0,0,0
"2-Methoxyacetaminophen Sulfate*",0,0,0,0,0,0,0,0,0,0,-0.350580543394079,0
"2-Methylbutyroylcarnitine",-1.51025922256279,1.73964531178272,0,3.02293525703864,0,2.50381875912062,0,0,1.59399031198076,0,0,0
"2-Myristoylglycerophosphocholine*",0.780866932884426,1.52103663295993,0,0,0,0,0,0,0,0,0,0
"2-Oleoylglycerol (2-Monoolein)",1.39171154050267,0.163863693875907,0,0,0,0,0,-1.14069893249651,-0.769412022080904,0,0,0
"2-Oleoylglycerophosphocholine",-0.338419080364072,2.7475260789919,0,0,0,0,0,0,0,0,0,0
"2-Oleoylglycerophosphoethanolamine",-3.43737436804253,2.58768101603317,0,3.1016515608386,0,0,0,0,-1.49330103098832,0,0,0
"2-Oleoylglycerophosphoserine*",-0.0398022025246369,0,0,0,0,0,0,0,0,0,0,0
"2-Palmitoleoylglycerophosphocholine*",1.46677244823783,2.868587524646,0,0,0,0,0,0,0,0,0,0
"2-Palmitoylglycerol",0,2.02156831099463,0,0.776542464763985,0,0,0,-1.43140949309568,-3.49551415216394,0,0,0
"2-Palmitoylglycerophosphocholine",-0.639604082579425,2.2186932471889,0,0,0,0,0,0,0,0,0,0
"2-Palmitoylglycerophosphoethanolamine",-5.18656690910784,0,0,1.64027863786174,0,0,0,0,-2.03852510934408,0,0,0
"2-Phosphoglycerate",-0.739369536835049,0,0,0,0,0,0,0,0,0,0,0
"2-Stearoyl-Gpc* (18:0)*",-1.82686651611064,0,0,0,0,0,0,0,0,0,0,0
"2-Stearoylglycerophosphoethanolamine*",-5.07966176268966,0,0,0,0,0,0,0,0,0,0,0
"3-(4-Hydroxyphenyl)Lactate",0.622452247381829,2.04371033595348,0,0,0,2.33595217673567,0,0,1.07333876833501,0,0,0
"3-(Cystein-S-Yl)Acetaminophen",-0.291574362279059,0,0,0,0,0,0,0,0,0,0,0
"3-(N-Acetyl-L-Cystein-S-Yl) Acetaminophen*",-0.703530733761444,0,0,0,0,0,0,0,0,0,0,0
"3,4-Dihydroxyphenethyleneglycol",-1.84728585500725,0,0,0,0,0,0,0,0,0,0,0
"3-Aminoisobutyrate",1.97311957955893,1.07930419219375,0,2.47655147646446,0,2.45868994106969,0,0,0,0,0,0
"3-Carboxy-4-Methyl-5-Propyl-2-Furanpropanoate",0,0,0,0,0,0,0,0,0,0,-1.01342155565095,0
"3-Dehydrocarnitine",0,1.45575451127242,0,2.39363019861856,0,1.68662439419064,0,0,0,0,0,0
"3'-Dephosphocoenzyme A",-0.922361911729407,0,0,1.81659907927476,0,0,0,0,-1.06804677915016,0,-0.350580543394079,0
"3-Hydroxybutyrate",0,0.731987607777715,0,1.46146487305862,0,2.24023364691263,0,0,0,0,-0.858680542613231,0
"3-Hydroxydecanoate",-0.370713619144799,0,0,0,0,0,0,0,0,0,0,0
"3-Hydroxyhippurate",-3.17072835442749,0,0,0,0,0,0,0,0,0,0,0
"3-Hydroxyoctanoate",-0.292818945428873,0,0,0,0,0,0,0,0,0,0,0
"3-Indoxyl Sulfate",-1.09040777619695,0,0,-1.14581052641804,0,0,0,0,1.29800110386511,0,-0.711650684102363,0
"3-Methyl-2-Oxovalerate",0,0.860310181928575,0,-3.43825458012572,0,0.841691378650717,0,0,0,0,0,0
"3-Methylhistidine (1-Methylhistidine)",-0.874066618166757,0.235189752523116,0,0,0,0,0,0,-0.700011087373917,0.284675524381564,-0.327509198776739,0
"3-Phosphoglycerate",-0.774585123487228,1.49445447092951,0,0,0,0,0,0,0,0,0,0
"3-Ureidopropionate",0,0,0,0,0,0,0,0,0,0,0,0
"4-Acetamidophenol",0,0,0,0,0,0,0,0,0,0,0,0
"4-Acetaminophen Sulfate",0,0,0,0,0,0,0,0,0,0,0,0
"4-Androsten-3Beta,17Beta-Diol Disulfate 1*",0,0,0,0,0,0,0,0,0,0,-0.386408640964079,0
"4-Guanidinobutanoate",0,0,0,0,0,1.16607724437129,0,-1.0010497358615,0,0,0,0
"4-Hydroxybutyrate",1.65930206649395,2.01685333204105,0,1.20909201067019,0,0,0,0,1.09162273045484,0,0,0
"4-Hydroxyglutamate",2.75208595638412,0,0,0,0,0,0,0,0,0,0,0
"4-Hydroxyhippurate",-3.40367117385834,0,0,0,0,0,0,0,0,0,0,0
"4-Hydroxyphenylacetate",-1.70956342390265,0,0,0,0,0,0,0,0,0,0,0
"4-Methyl-2-Oxopentanoate",0,0.979741645547053,0,-3.04880701225918,0,0,0,0,0,0,0,0
"5,6-Dihydrouracil",1.3205474637933,2.77097118628758,0,1.90627148896541,0,0.882591703395793,0,0,0,0,0,0
"5-Aminovalerate",0.872542329538647,0,0,0,0,0,0,0,0,0,0,0
"5-Hete",-2.1413939642391,0,0,0,0,0,0,0,0,0,0,0
"5-Methyltetrahydrofolate (5Methf)",-2.180079048219,0,0,1.01616505627776,0,0,0,0,0,0,0,0
"5-Methylthioadenosine (Mta)",0.723565052073277,1.66176568372621,0,3.15539250600964,0,0,0,0,-0.632382787240356,0,0.398071739743107,0
"5-Methyluridine (Ribothymidine)",-0.300203640121824,0,0,0,0,0.644562538923436,0,0,0,0,0,0
"5-Oxoete",-1.98017148005881,0,0,0,0,0,0,0,0,0,0,0
"5-Oxoproline",-0.242999674832783,1.10436615748785,0,1.8919722218583,0,0,0,0,0,0,0.448734656442819,0
"6-Keto Prostaglandin F1Alpha",-0.607546543437629,0,0,0,0,0,0,0,0,0,0,0
"6-Phosphogluconate",1.64425807405609,1.08894562655294,0,3.24534405418681,0,-0.841626235918421,0,0,0,0,-0.350580543394079,0
"6'-Sialyllactose",1.41308317444353,0,0,2.62386953296459,0,0,0,0,0,0,0,0
"7-Hoca",2.04008365975518,0.777825802671639,0,0,0,0,0,0,2.20752320443085,0,0,0
"7-Alpha-Hydroxycholesterol",0,0,0,0,0,0,0,0,0,0,0,0
"7-Beta-Hydroxycholesterol",0.78983632576661,0,0,0,0,0,0,0,0,0,0,0
"Acetylcarnitine Dl",1.47960627745638,1.11314499836129,0,1.82406189447428,0,1.57361067045832,0,0.601595080030461,0.601145160540691,0,0,0
"Ac-Ser-Asp-Lys-Pro-Oh",0.644484080774561,0,0,2.26042406491447,0,0,0,0,0.894610231233277,0,0,0
"Adenine",0,0.996406243795862,0,1.8768089215595,0.715118891867957,0,0,0,-0.593744557391898,0,0.672671729616151,0
"Adenosine",-0.630106524499358,0.900557956939684,-0.681928008102606,2.45767949862763,0,1.17718180498336,0.608844704852342,0,0,0,0,0.644983064759345
"2'-Amp",-0.886811207783933,1.31475133673254,0,3.10312958437628,0,0,0,0,-1.12143649658481,0,0,0
"3'-Amp",-1.0461214455582,3.04924679173123,0,3.09036839536424,0,0,0,0,0,0,0,0
"Amp",0.918455004970289,1.30359759551636,0,6.34294447801946,0,2.73092266515673,0,0,0,0,0,0.407812985924771
"Adenylosuccinate",-0.28207995894353,0,0,2.98358188674415,0,0,0,0,-1.10452114988664,0,0,0
"Adipate",-1.82331283024486,0,0,0,0,0,0,0,0,0,0,0
"Adrenate",0,2.19360386171118,0,1.73771645866153,0,0,0,0,-0.966309645077364,0,0.365674461952734,0
"Agmatine",0,0,0,2.64273655331825,0,0,0,0,0,0,0,0
"Alanine",-0.413746856630876,0.962250971557113,-0.985824284945064,2.29673630182535,0.774132401127094,0,0,0,-0.659512488015866,0,0,0.670975197528684
"Alanylalanine",0,0,0,0,0,0,0,0,0,0,0,0
"Alanylglutamate",1.03725784206819,0,0,0,0,0,0,0,0,0,0,0
"Alanylglycine",0,0,0,0,0,0,0,-0.812688956312138,0,0,0,0
"Alanylisoleucine",0,0,0,0,0,0,0,0,0,0,0,0
"Alanylleucine",2.18689052392816,0.714235194002698,0,2.65271483736305,0,0,0,0,0,0,0,0
"Alanylmethionine",1.21152058590132,0,0,0,0,0,0,0,0,0,0,0
"Alanylphenylalanine",2.02075947491565,0,0,1.02967576897853,0,0,0,1.54761064851101,0,0,0,0
"Alanylthreonine",0,0,0,0,0,0,0,0,0,0,0,0
"Alanyltryptophan",0.775913780953219,0,0,0,0,0,0,0,0,0,0,0
"Alanyltyrosine",1.22048186275275,0,0,0,0,0,0,0,0,0,0,0
"Alanylvaline",0,0,0,0,0,0,0,0,0,0,0,0
"Allo-Threonine",-0.778344710271438,0.719002800528676,0,0,0,0,0,0,0,0,0,0
"Alpha-Glutamylglutamate",0,0,0,0,0,0,0,0,0,0,0,0
"Alpha-Glutamyltryptophan",0,0,0,0,0,0,0,0,0,0,0,0
"Alpha-Glutamyltyrosine",0.994972559261102,0,0,0,0,0,0,0,0,0,0,0
"Alpha-Hydroxyisovalerate",0,0,0,0,0,1.17150384573143,0,0,1.0488988541768,0,0,0
"A-Tocopherol",3.15850200609634,1.05825027420118,0,2.41947400864314,0,1.30361527815058,0,0,0,0,0,0
"Androsterone Sulfate",-0.734426247075876,0,0,-3.33258405935574,0,0,0,0,0,0,0,0
"Anserine",-1.92791560464553,0,0,2.50149868024016,0,0,0,0,0,0,0,0
"Arabitol",-1.45150126850165,0,0,2.40515873139706,0,0,0,0,0,0,-0.659896618056156,0
"Arabonate",0,0,0,0,0,0,0,0,0,0,0,0
"Arachidate (20:0)",1.26692873368927,0,0,0,0,1.46733389020993,0,0,0,0,0,0
"Arachidonate (20:4N6)",-1.73338138227511,2.60482111146079,0,1.1624552455676,0,0,0,0,-1.03270543984935,0,0.333344529649185,0
"Arginine",-0.500653850478199,0.593894576841168,0.86166536883749,0.999414391199781,0.924602551390785,0,0,0,-0.987221482249828,0,-0.286550230075596,0.751867956948095
"Argininosuccinate",0,0,0,0,0,1.27953811926321,0,-0.737001824040094,0,0.952409216356222,0,0
"Arginylleucine",1.96268575947735,0,0,0,0,0,0,0,0,0,0,0
"Arginylmethionine",0.844202949073464,0,0,0,0,0,0,0,0,0,0,0
"Arginylphenylalanine",2.00482871870824,0,0,0,0,0,0,0,0,0,0,0
"Arginyltyrosine",1.08639997007503,0,0,0,0,0,0,0,0,0,0,0
"Arginylvaline",0.376919198964658,0,0,0,0,0,0,0,0,0,0,0
"Ascorbate (Vitamin C)",0,4.77573719556543,0,6.0648463740963,0,0,0,0,0,0,0,0
"Asparagine",-1.40342674532023,0.552178676339356,0.897700268297963,3.0621085153327,1.09425322038804,0,-0.523720435141581,0,0,0.786470667105866,0,1.09178483952147
"Aspartate",-1.11110051745965,2.38354212402032,0.623491889064515,3.91697690426463,0.716003694317481,0,0,-0.862898151212373,-0.722197131758257,0.689440329013615,0,1.07273466991114
"Aspartate-Glutamate",-0.343287048500385,0,0,0,0,0,0,-0.856206775725728,0,0,0,0
"Aspartylleucine",1.44963366674754,0,0,2.13713699233414,0,0,0,0,0,0,0,0
"Aspartylphenylalanine",0.858142793222509,1.75537838336924,0,0,0,0,0,0,0,0,0,0
"Aspartyltryptophan",-0.393588357890227,0,0,0,0,0,0,0,0,0,0,0
"Aspartylvaline",0.499007498414231,0,0,0,0,0,0,0,0,0,0,0
"Atenolol",0,0,0,0,0,0,0,0,0,0,0,0
"Azelate (Nonanedioate)",0.212082397700383,0,0,0,0,0,0,-0.557504165901289,0,0,-0.350580543394079,0
"Benzoic Acid",-0.209369865534002,0,0.609064651904941,0,0,0,0,0,0,0,0,0
"_-Alanine",2.11016072067651,2.05726149523376,0,4.05250200233995,1.99968120759104,1.27331547997251,0,0,1.35074274571464,0,0,1.13750352374993
"Beta-Hydroxypyruvate",0,0,0,0,0,0,0,0,0,0,0,0
"Betaine",0,1.360310085246,0,1.08408636005632,0,2.02156141060221,0,0,-2.31095461922154,0,0,0
"Beta-Tocopherol",2.1395603037557,0,0,0,0,0,0,0,0,0,0,0
"Bilirubin (E,E)*",0,0,0,0,0,0,0,0,0.555558814129932,0,0,0
"Bilirubin (Z,Z)",0.569053878589829,0,0,0,0,0,0,0,0,0,0,0
"Butyrylcarnitine",0.554069527702024,2.13609753309954,0,4.76414378951175,0,2.57659778531547,0,0.993062877432836,1.80251124138347,0,0,0
"Caprate (10:0)",-0.273422989153031,0,0,-1.17097802977807,0,0,0,-1.55315139408896,-0.983578193758378,0,0,0
"Caproate (6:0)",-0.274135720273476,0,0,-1.56676549145375,0,0,0,0,0,0,0,0
"Caprylate (8:0)",-0.200255057679026,0,0,-1.24643707189515,0,0,0,0,0,0,0,0
"Carnitine",0.350818303123827,1.48165426628584,0.63279994483497,1.4262441654059,0,1.33481881888782,0,0,0,0.561045718403974,0,0
"Catechol",-0.808845452195588,0,0,0,0,0,0,0,0,0,-1.21933847568114,0
"Celecoxib",0,0,0,0,0,0,0,0,0,0,0,0
"C-Glycosyltryptophan",-0.32232558481048,2.47408797145532,0,3.66415274360652,0,0,0,0.497207898599113,1.15814950224474,0,-0.386118698915784,0
"Chiro-Inositol",-1.46449406428191,0,0,0,0,0,0,0,0,0,0,0
"Cholate",-0.590382748649802,0,0,-0.529682558780659,0,0,0,0,0,0,0,0
"Cholesterol",0.227230311114114,0.871545765083744,0,1.07574590118067,0,0,0,-0.353148911194045,0,0.487986863062234,-0.261494804698491,0
"Choline",-0.591315949461365,0.630147119142401,0,0.639346813543927,0,0,0,0,0,0,0,0
"Choline Phosphate",0.375437473937346,1.76900135675089,0,3.01853721722598,0,0,0,0,-0.792665609824843,0,0,0
"Cinnamoylglycine",-0.397950358687733,0,0,0,0,0,0,0,0,0,0,0
"Aconitate",1.11373331390081,0,0,0,0,0,0,0,0,0,-0.702145239545118,0
"Cis-Vaccenate",0.678182637602118,2.07039727493704,0,0,0,0,0,0,0.302273830572787,0,0,0
"Citalopram",0,0,0,0,0,0,0,0,0,0,0,0
"Citramalate",-2.39234447888608,0,0,0,0,0,0,0,0,0,0,0
"Citrate",1.7240791016932,0.467596960394587,0,0,-0.64916903800938,0,0,2.0956492822814,0,0,-0.55704005140684,0
"Citrulline",0.477156244627915,0.417299438941645,0.638909612468953,0,1.38014270883266,0,0,0,1.36987326208895,0.96687693635361,0,0
"Codeine",0,0,0,0,0,0,0,0,0,0,0,0
"Cortisol",0,0,0,0,0,0,0,0,0,0,0,0
"Cortisone",-1.8613734662452,0,0,0,0,0,0,0,0,0,0,0
"Creatine",1.07649135218137,0.544269087879863,0.93471652222734,2.1024837339477,0,0,0,0,0,0,-0.448340584514947,0
"Creatinine",-1.61131512330856,0,0,-0.462191789623575,0,-0.332600107193963,0,0,0.280879496963031,0,-0.842563977622351,0
"Cysteine",0,2.63556182808994,0,4.05669234381865,2.9691794247288,0,0,0,0,2.81213884751657,0.477173431978939,0
"Cysteine-Glutathione Disulfide",2.5717026563742,1.93646906775842,0,1.98393728167431,0,0,0,2.80280531171494,2.13701373800152,0,0,0
"Cysteinylglycine",2.77549395363966,0,0,0,0,0.965935225735457,0,0,0,0,0,0
"Cystine",0.693358006735507,2.26911175582873,0,0,0,4.52427020360723,0,0,0,0,0,0
"Cytidine",-1.02211963058413,0.772440459690837,0,0,0,2.17480544706281,-1.32249645481209,-2.33791256122636,-2.3290364946137,0.814141682674454,0,0
"Cytidine 5'-Diphosphocholine",0.862359075821685,4.26747019509428,0,6.01225718047968,0,3.67231055725871,0,0,0,0,0,0
"Cmp",1.15871395497068,1.46814249899767,0,3.72676839280913,0,-0.92707539956923,0,0,0,0,0,0
"Cytidine-3'-Monophosphate (3'-Cmp)",-0.751722291515407,0,0,0,0,1.09380891491569,0,0,-1.81489364537462,0,0,0
"Cytosine-2',3'-Cyclic Monophosphate",-0.254489470317504,0,0,0,0,0,0,0,0,0,0,0
"Deoxycarnitine",0.351582415561649,2.37534341650467,0,2.16274663550602,0,1.64923214116396,0,-0.610279019993421,-0.830444493814626,0,0,0
"Dihomo-Linoleate",1.39084385825993,2.73217227203981,0,2.18532618379417,0,0,0,-0.728333189985569,-1.74754271354316,0,1.10787584907301,0
"Dihomo-Linolenate",0,2.87499623554734,0,2.74897355275095,0,0.848629113878031,0,0,-1.26996926564201,0,0.731604792099947,0
"Dihydrocholesterol",0,0,0,1.04711126330269,0,0,0,0,0,0,0,0
"Assymetric Dimethylarginine (Adma)",-1.85840249737554,2.17900339845351,0,0,0,0,0,0,0,0,0,0
"Dimethylglycine",0,0,0,0,0,0,0,0,0,0,0,0
"Docosadienoate",1.84487165415276,2.86925695054478,0,2.20348667800873,0,0,0,0,-1.24747903330833,0,1.21237706135543,0
"Docosahexaenoate",-1.31546985790219,1.92951604129776,0,1.88581998779686,0,0,0,0,-1.36051770197573,0,0.599798659625978,0
"Docosapentaenoate (N3 Dpa; 22:5N3)",0,2.44091634238326,0,2.36777729805655,0,0,0,0,-1.0473422807982,0,0.46090456888848,0
"Docosapentaenoate (Dpa; 22:5N3)",-0.868794787373374,0,0,2.96036122683512,0,0,0,0,0,0,0,0
"Docosatrienoate",1.41058941794098,2.71682184018483,0,3.89932715418006,0,0,0,0,-1.13161425228499,0,0.910088589372662,0
"Dodecanedioate",0,0,0,0,0,0,0,0,0,0,0,0
"Eicosapentaenoate",-1.12203984227055,1.96342049899881,0,1.16493933399569,0,0,0,0,-1.92361230403474,0,0.211037967316813,0
"Eicosenoate",2.32178507689715,2.5320313424947,0,1.57088401363132,0,0,0,-0.712851230693673,-1.90051003960241,0,1.32276825212512,0
"Epinephrine",0,0,0,0,0,0,0,0,0,0,0,0
"Ergothioneine",2.08598535987934,0,0,2.51783979622533,0,1.35157930862397,0,0,0.936391113342162,0,0.319911454052137,0
"Erucate (22:1N9)",2.20792635781622,0,0,0,0,0,0,0,0,0,0,0
"Erythritol",0,0,0,1.62907244603805,0,0,0,0,0,0,0,0
"Erythronate",0,2.76514333860848,0,3.15245170254044,0,1.18105001530814,0,0,0,0,-0.598357657109846,0
"Ethanolamine",-1.30865122489809,2.05669688246672,0,3.93987987437669,0,0,0,0,0,0,0,0
"Fad",-2.07168759260836,0.265648360482543,0,3.26767223953509,0,0,0,-0.655748875113608,0,0,0,0
"Fructose",2.09458031470493,2.09884061890795,0,1.85223118536849,0,0,0,0,-0.772682635125052,0,0,0
"Fructose 1-Phosphate",3.24243431709623,0,0,0,0,0,0,0,0,0,0,0
"Fructose-6-Phosphate",2.78394108405541,3.5259500750155,0,4.50163425736987,1.30289490272476,0,0,0,0,0,-0.753308744984411,0
"Fucose",-0.307698886478866,1.99386305888649,0,2.22736155103297,0,1.92312462179042,0,0,0,0,0,0
"Fumarate (Trans-Butenedioate)",-1.7788291531889,1.58468033969446,0,3.51476821875479,0.882921947782188,1.21455846653531,0,-1.24194945579133,-0.771467945279835,0.754566021987246,0,0.752589118626712
"Gabapentin",0,0,0,0,0,0,0,0,0,0,0,0
"Galactose",0,0,0,0,0,0,0,0.980996662949255,0,0,0,0
"4-Aminobutylate",-1.95534221245126,1.2485803063529,0,2.48033185836502,1.22942601319097,2.89575787642231,0,0,0,0,0,1.23564675300534
"_-Glutamylcysteine(_-Glu-Cys)",1.43871246689023,0,0,0,0.588759068809235,0,0,0,0,0,0,0.947780316869741
"Gamma-Glutamylglutamate",2.21507925285398,1.68532974026917,0,2.08955918991451,0,0,0,0,0,0,0,0
"G-Glutamylglutamine",2.0677300577703,0,0,0,0,0,0,0,0,0,0,0
"Gamma-Glutamylisoleucine*",-0.945463613814086,0.439059191137742,0,1.37940752191065,0,0,0,0,0,0,0,0
"Gamma-Glutamylleucine",0,1.24204822751784,0,2.01980917809125,0,0,0,0,0,0,0,0
"Gamma-Glutamylphenylalanine",-0.437355294656404,0,0,1.58936940871231,0,0,0,0,0,0,0,0
"Gamma-Glutamylvaline",0,0,0,2.30128156396956,0,0,0,0,0,0,0,0
"Gamma-Tocopherol",2.34471656944849,0,0,2.00982629647635,0,0,0,0,0,0,0,0
"Glucarate (Saccharate)",0.424684138721041,0,0,0,0,0,0,0,1.05930813134716,0,0,0
"D-Gluconate",-1.76362101086927,0.828743214965267,0,2.57433373421702,1.48812482956312,0,0,0,0,0,-0.574504096186243,1.32146388239634
"Glucose",2.06332364883548,0.29859731825746,0,-1.33144386770481,0,0,0,0,0,0,0,0
"Glucose 1-Phosphate",3.15551664375935,0,0,0,1.02512970783784,0,0,0,0,0,0,0
"Glucose 6-Phosphate",3.22461831374798,3.31723298404837,0,3.21716056594472,0,0,0,0,0.845463595474888,0,0,0
"Glucuronate",-1.72968722135914,0.986273682368598,0,0,0,0,0,0,0,0,0,0
"Glutamate",0.591202859054313,2.74483181439715,0,4.05526831892081,0.875246800444709,0,0,-0.554673673710416,0,0.769199588472734,0,0.650098808469033
"Glutamate, Gamma-Methyl Ester",-1.20235856774841,0,0,5.88006642958308,0,0,0,0,0,0,0.464730165503137,0
"Glutamine",0.452280577422242,0,0,0,0,0,-0.598856418938195,0,-0.255560091058997,0,-0.456821007568892,0
"Glutarate (Pentanedioate)",0,0,0,0,0,0,0,0,0,0,0,0
"Glutaroyl Carnitine",-1.12675676232403,0,0,0,0,0,0,0,0,0,0,0
"Glutathione Disulfide",4.83399286612337,0,0,5.34765639705814,0,0,0.398346735622696,0,3.76092498589676,0,-0.641498848731841,0
"Glutathione Reduced (Gsh)",5.19762792367147,2.64955718301865,0,7.57728125305423,0.461878868091928,0,0,0,3.38391512626295,0,-0.587637703030961,0
"Glycerate",-0.226429430091139,0.845456088667273,0,0,0,0,0,-1.08507069080989,0,0,0,0
"Glycerol",0,1.7669502576735,0,1.13465393638191,0,0,0,-1.26664757278364,-1.68846200154623,0.485621487924632,0,0
"Glycerol 2-Phosphate",0.662970845628673,2.07130971883608,0,3.70781232607316,0,1.82549562991911,0,0,-1.82199062985366,0,0.986371206081079,0
"Glycerol-3-Phosphate (G3P)",-0.228909267794754,1.73600421761538,0,4.53577264322958,0.608610590990924,0,-0.819905765517113,-1.89264206018021,-1.85939661122478,0.872609277447908,0.504659669299645,0
"Glycerophosphoethanolamine",-1.26948941072032,0,0,4.17338432178205,0,4.41778698840587,0,0,0,0,1.46073950355464,0
"Glycerophosphocholine",0.6624619738683,0,0,3.65690823862438,0,0,-0.863735213956899,-1.25023633794497,-1.7610511790576,0,0,0
"Glycine",-0.236023913326123,1.7965072089281,0,4.08372834254154,0.88813731840606,0.643600741476554,0,0,0,0.671265124462936,0,0.895985062698029
"Glycocholenate Sulfate*",-0.158265601671597,0,0,0,0,0,0,0,0,0,0,0
"Glycolate",-0.495295642626975,0,0,0,0,0,0,0,0,0,0,0
"Glycolithocholate Sulfate*",-0.536663598188493,0,0,-1.27873406351176,0,0,0,0,0,0,0,0
"Glycylglycine",-1.44229899700562,1.29717441173007,0,0,0,0,0,0,0,0,0,0
"Glycylisoleucine",-0.267769331600736,0,0,1.70749504491161,0,0,0,0,0,0,-0.350580543394079,0
"Glycylleucine",0,1.29453810035736,0,4.33403000885719,0,0,0,0,0,0,0,0
"Glycyllysine",0,0,0,0,0,0,0,0,0,0,0,0
"Glycylmethionine",0.766770972071616,0,0,0,0,0,0,0,0,0,0,0
"Glycylphenylalanine",1.10839365473273,0,0,0.970036468871988,0,0,0,0,0,0,0,0
"Glycylproline",0.767023160458047,1.92771492386605,0,0,0,0,0,-0.701557077482145,0,0,0,0
"Glycylthreonine",-1.7559182598509,0,0,0,0,0,0,0,0,0,0,0
"Glycyltryptophan",0,0,0,0,0,0,0,0,0,0,0,0
"Glycyltyrosine",0.568218634245115,0,0,0,0,0,0,0,0,0,0,0
"Glycylvaline",-1.31539507462742,0.792078059465517,0,1.02584345063625,0,0,0,-0.561626024603964,0,0,0,0
"Guanidoacetic Acid",-1.09012685829265,0,0,0,0,0,-1.44602351098193,-1.33944510028523,-1.57492556316217,0,0,0
"Guanine",-0.181245372331831,2.65883518503504,0,2.46880602932111,0,0,-1.26716646385184,0,0,0,0,-0.780034316058092
"Guanosine",0.886198128200192,1.45804001913075,0,1.86763504652883,0,0,0,-0.895857374892629,-1.15661228814499,0,-0.392282575056615,0
"Guanosine 5'- Monophosphate (5'-Gmp)",1.54404290301991,0,0,4.97932802922643,0,0,0,0,0,0,0,0
"Gulono-1,4-Lactone",-1.04752709915459,0,0,0,0,0,0,0,0,0,0,0
"Heme",1.37733776841931,0,0,-2.32884405494249,0,0,0,0,0.361558545030077,0,0,0
"Hexanoylcarnitine (C6 Ac)",0.589611179560473,1.6379554740205,0,2.89297008381047,0,4.3061142743054,0,1.00627050435221,1.37562959200661,0,0,0
"Hippurate (Benzoylglycine)",-3.33129423045962,0.573699045097341,0,-0.894411939143882,0,0,0,0,0,0,0,0
"Histamine",1.29661188706184,0.780349947301987,0,0,0,0,0,0,0,0,0,0
"Histidine",-1.01161209657882,0,0,0.620034119292215,0.946707758723333,0,0,0,-0.385482171900754,0.552776766718253,0,0.930514899678716
"Histidylleucine",1.62193352040249,0,0,0,0,0,0,0,0,0,0,0
"Histidylmethionine",1.15462497326814,0,0,0,0,0,0,0,0,0,0,0
"Histidylphenylalanine",1.27203313816507,0,0,0,0,0,0,0,0,0,0,0
"Histidyltryptophan",0.76485009776992,0,0,0,0,0,0,0,0,0,0,0
"Histidyltyrosine",1.01043061200569,0,0,0,0,0,0,0,0,0,0,0
"Homocysteine",0,1.13592522329467,1.25844717327925,0,0,0,0,0,0,0.863887413712658,0,0
"Homoserine",0.982726821987858,0,0,0,0,0,0,0,0,0,0,0
"Homostachydrine*",0.648959652428886,0,0,0,0,0,0,0,0,0,0,0
"Hydantoin-5-Propionic Acid",0,0,0,0,0,0,0,0,0,0,0,0
"Hydrochlorothiazide",0,0,0,0,0,0,0,0,0,0,0,0
"Hypotaurine",0.770726787304448,0,0,4.85369472150855,1.88364368009665,0.961912551425503,0,0,0.880164882214197,0,0,0
"Hypoxanthine",-0.760329676907421,1.72611514157026,0,2.75166324772374,2.11348876775289,0,0,0,0,0.464848848698085,0,0.916234651027948
"Imidazole Propionate",-0.183419547152981,0,0,0,0,0,0,0,0,0,0,0
"Indoleacetate",-2.31121608020903,0,0,0,0,0,0,0,0,0,0,0
"Indolelactate",0,0,0,0,0,1.89956383236458,0,0,0,0,-0.247529879926835,0
"Inosine",0.344352892333542,0.948957129809649,0,2.01058195784168,0,0,0,-0.729074907957676,-0.948166557461701,0,-0.294717053928046,0
"Imp",-1.33028932834405,3.12737708378294,0,2.30240378234004,0,0,-0.335286025866453,0,-0.648886701451539,0,-0.356110891823584,0
"Isobar: Fructose 1,6-Diphosphate, Glucose 1,6-Diphosphate, Myo-Inositol 1,4 Or 1,3-Diphosphate",1.58566829418496,0,0,5.31209516899875,0,0,0,0,0,0,0,0
"Isobar: Ribulose 5-Phosphate, Xylulose 5-Phosphate",1.105244316405,2.68642021044002,0,4.14015018453588,0,0,0,0,0,0,0,0
"Isobutyrylcarnitine",-0.595798216195246,0.646709290618017,0,2.95214375998617,0,1.82507520539601,0,0,0,0,0,0
"Isoleucine",-0.850311782886478,0.615794133470567,0,1.58129965838804,1.39405361307087,0,0,0,0,0,0,1.09658997312644
"Isoleucylalanine",1.01328425997502,0,0,1.4990241440996,0,0,0,0,0,0,0,0
"Isoleucylarginine",0.0355269465541306,0,0,0,0,0,0,0,0,0,0,0
"Isoleucylglutamate",0,0,0,1.09921435056849,0,0,0,0,1.94352654049744,0,0,0
"Isoleucylglycine",-0.311193272892036,0,0,0,0,0,0,0,0,0,0,0
"Isoleucylhistidine",-0.475443863605057,0,0,0,0,0,0,0,0,0,0,0
"Isoleucylisoleucine",1.17969407509469,0,0,0,0,0,0,0,0,0,0,0
"Isoleucylmethionine",1.95955712962593,0,0,0,0,0,0,0,1.96857888844057,0,0,0
"Isoleucylphenylalanine",0,0,0,0,0,0,0,0,2.93212633457273,0,0,0
"Isoleucylserine",0,0,0,2.35773056200408,0,0,0,0,0,0,0,0
"Isoleucyltryptophan",1.6142682971605,0,0,0,0,0,0,0,0,0,0,0
"Isoleucyltyrosine",1.94645843823698,0,0,0,0,0,0,0,2.53215005677622,0,0,0
"Isoleucylvaline",0,0,0,0,0,0,0,0,0,0,0,0
"Isovalerylcarnitine",-1.82540439077448,1.8126285332597,0,0,0,2.87062205486418,0,0.314945303916139,1.54459928242631,0,0,0
"Kynurenine",2.98452523978741,2.63996477349915,0.579399806780879,2.73074721167695,0,1.89339397421909,1.10936423413519,0,1.10592645846989,0.858051906636443,0,0
"Lactate",0.574045063135391,2.06792253564637,0,2.17414122414148,0.969237502148754,0.750414482619012,0.318540175313355,0,0.580830741187934,0,0,0.617577769656074
"Laurate (12:0)",-0.328726963193826,0.219455314080371,0,-1.11061533662714,0,0,0,-1.07426892275755,-1.53187125622519,0,0,0
"Laurylcarnitine",1.43184004668198,0.623106182896395,0,0,0,1.94690903849654,0,0,0,0,0,0
"Leucine",-0.764837358814774,1.07833618361931,0,1.65687759698521,1.319226538446,0,0,-0.674507984668415,0,0.601730154699061,0,0.874863710171203
"Leucylalanine",1.33800047406736,0,0,1.65958830524679,0,0,0,0,0,0,0,0
"Leucylarginine",0,0,0,0,0,0,0,0,0,0,0,0
"Leucylasparagine",1.03670781348013,0,0,0,0,0,0,0,0,0,0,0
"Leucylglutamate",1.45376744053117,0,0,2.260796847817,0,0,0,0,0,0,0,0
"Leucylglycine",1.32795659372861,0,0,1.88934050556199,0,0,0,0,0,0,0,0
"Leucylhistidine",1.00438357825546,0,0,0,0,0,0,0,0,0,0,0
"Leucylleucine",1.80537005809056,0,0,0,0,0,0,1.64790709816798,0,0,0,0
"Leucylmethionine",0.138901867991549,0,0,0,0,0,0,0,1.93397118517161,0,0,0
"Leucylphenylalanine",1.08767918203165,0,0,0,0,0,0,0,3.1589210342284,0,0,0
"Leucylserine",2.06744024770716,0,0,1.7904355254263,0,0,0,0,1.43798279953416,0,0,0
"Leucyltryptophan",0,0,0,0,0,0,0,0,0,0,0,0
"Leucyltyrosine",0.960322150866456,0,0,0,0,0,0,0,0,0,0,0
"Lidocaine",0,0,0,0,0,0,0,0,0,0,0,0
"Linoleate (18:2N6)",0.434609334132697,1.26721654877805,0,0,0,0,0,-0.622964688044515,-1.45916942546859,0.699598852596346,0.37044813797919,0
"Linolenate (18:3N3 Or 3N6)",0.746747102976323,1.66286310559534,0,0,0,0,0,-0.939632925587257,-2.03492382339848,0,0,0
"Lipitor",0,0,0,0,0,0,0,0,0,0,0,0
"L-Urobilin",-1.77022141865482,0,0,0,0,0,0,0,0,0,0,0
"Lysine",-0.63692097595834,0.864071663332196,0,1.1155085059112,0.977958041040434,0,0,-0.980925231022743,-0.953276683124782,0,0,0.764597413186675
"Lysylleucine",1.3307531411531,0,0,0,0,0,0,0,0,0,0,0
"Lysyllysine",0.2300350432944,0,0,0,0,0,0,0,0,0,0,0
"Lysylmethionine",0.363553673282387,0,0,0,0,0,0,0,0,0,0,0
"Lysyltyrosine",2.23443810387776,0,0,0,0,0,0,0,0,0,0,0
"Malate",-1.02794026518879,2.39802902008658,0,3.70856402092653,1.06990056866223,1.2941000103518,0,-0.882239903829776,-0.839571801984262,0.597330447062199,0,0.863336583838636
"Malonylcarnitine",-1.46678095323959,0,0,2.75590030814811,0,0,0,0,0,0,0,0
"Maltohexaose",0.686122368782266,0,0,0,0,1.08656582265978,0,0,0,0,0,0
"Maltopentaose",2.02247376310861,0.0133951043928758,0,2.0755446065698,0,4.10324341814287,0,0,0,0,0,0
"Maltose",4.06198299341554,2.39182463138495,0,3.02100942026866,0,0,0,0,0,0,-0.883262972368697,0
"Maltotetraose",3.64022202814041,2.27217926740084,0,2.77805062461017,0,5.13085014107162,0,0,0,0,0,0
"Maltotriose",4.33175232425851,2.38759877824932,0,3.00919869824196,0,0,0,0,2.62428311248987,0,0,0
"Mannose",1.06452405484431,1.20662803919535,0,0,0,0,0,-1.32862966661079,-1.11319355359424,0,-0.370899659163641,0
"Mannose-6-Phosphate",3.0826999027123,3.1880086007713,0,3.53979920147958,0,0,0,0,0,0,1.06035024465909,0
"Heptadecanoate (Margarate; 17:0)",0.221242351317654,1.32768043642889,0,0,0,0,0,-0.707838461402256,-1.94133781929205,0,0.351532957558696,0
"Metformin",-0.0678796992594947,0,0,0,0,0,0,0,0,0,0,0
"Methionine",-1.03440292077048,0.778503059529149,-0.977136512159704,1.67294637783298,1.40450928441325,0,0.559503114487301,0,0,0.455535272769136,0,0.857259827883918
"Methionylalanine",2.66685413144063,0,0,0,0,0,0,0,0,0,0,0
"Methionylasparagine",0.93585443222033,0,0,0,0,0,0,0,0,0,0,0
"Methionylaspartate",0,0,0,0,0,0,0,0,0,0,0,0
"Methionylglutamate",0.973971700729219,0,0,0,0,0,0,0,0,0,0,0
"Methionylglycine",1.31214950753248,0,0,0,0,0,0,0,0,0,0,0
"Methionylleucine",1.75285901277418,0,0,0,0,0,0,0,3.11837151291664,0,0,0
"Methionylphenylalanine",0,0,0,0,0,0,0,0,0,0,0,0
"Methyl-Alpha-Glucopyranoside",2.21534906268866,0,0,3.36514204284475,0,3.31045286494017,0,0,0,0,0,0
"Methylphosphate",-0.623537847028628,0.973276154276269,0,3.46635626868482,0,0.82447539656438,0,-1.21097976806236,0,0,0,0
"Metoprolol",0,0,0,0,0,0,0,0,0,0,0,0
"Metoprolol Acid Metabolite*",0,0,0,0,0,0,0,0,0,0,0,0
"Myo-Inositol",-1.62902767129143,0.998969382493447,0,2.36016488009662,0,0,0,0,-0.927641765145003,0,-0.636983439725473,0
"Myristate (14:0)",0,0.972334202637649,0,-0.43737780612913,0,0,0,-0.812114217877048,-1.03706491962643,0.633545716201152,0,0
"Myristoleate (14:1N5)",-0.488780754613957,1.22033902415792,0,0,0,0,0,-1.39292552054933,-1.35626953841447,0,0,0
"Myristoylcarnitine",0.870451046464483,0,0,0,0,3.13694233543846,0,0,0,0,0,0
"N1-Methyl-2-Pyridone-5-Carboxamide",-0.61310120928464,0,0,0,0,0,0,0,0,0,0,0
"1-Methyladenosine",-1.82613497669065,2.13480601905483,0,1.38954064511372,0,0,0,0,0,0,0,0
"N1-Methylguanosine",-2.41467963571802,1.75129531445703,0,1.41952246348103,0,0,0,-0.851364828559555,0,0,0,0
"N2,N2-Dimethylguanosine",-2.35302922421089,0,0,0,0,0,0,0,0,0,0,0
"N2-Acetyllysine",0,0,0,0,0,0,0,0,0,0,0,0
"N2-Methylguanosine",-1.97972596681224,0,0,0,0,0,0,0,0,0,0,0
"Acetyllysine",-2.20303168622251,1.77669621585632,0,2.13959857060364,0,0,0,-0.96826468003361,0,0,0,0
"N6-Carbamoylthreonyladenosine",-1.41335610360598,0,0,0,0,0,0,0,0,0,0,0
"N-6-Trimethyllysine",-0.674538058019431,0,0,0,0,0,0,0,0,0,0,0
"N-Acetyl-L-Alanine",-1.18151952022442,1.60160824637264,0,2.2044602452504,0,0,0.428898867624421,0,0,0,0,0
"N-Acetylarginine",2.18940674893362,0,0,0,0,0,0,0,0,0,0,0
"N-Acetylasparagine",1.19516885893667,0,0,0,0,0,0,0,0,0,0,0
"N-Acetylaspartate (Naa)",-3.69714086653008,5.65174029793044,0,5.78795057799461,0,2.61272692435143,0,0,-1.3117595192588,0.804407149106811,0,0
"N-Acetyl-Aspartyl-Glutamate",-2.80495157395413,2.32706009779607,0,6.03564338067557,0,2.01151380418512,0,-0.763599732670059,-1.20057841874019,0,0,0
"N-Acetylglucosamine",0,1.77559136428603,0,0,0,0,0,0,0,1.07389211440559,0.916086300656763,0
"N-Acetylglucosamine 6-Phosphate",0.997542289375998,1.61083046240677,0,1.75924886883988,0,0,0,0,0.638168751450544,0,0,0
"N-Acetylglutamine",2.69676203486076,0,0,0,0,0,0,0,0,0,0,0
"N-Acetylglycine",0,0,0,1.27669391470298,0,0.957997124679483,0,0,0,0,0,0
"N-Acetylisoleucine",0.381005452618636,0,0,0,0,0,0,0,0,0,0,0
"N-Acetylleucine",1.04926802994702,0,0,0,0,0,0,0,0,0,0,0
"N-Acetylmethionine",1.300250841239,2.20352286449356,0,3.44495338523302,0,0,0,0,0,0,0,0
"N-Acetylneuraminate",1.30492099476089,1.62943995131642,0,2.68983278943695,0,-0.670744418929269,0,0,0,0,0,0
"N-Acetyl-L-Ornithine",0,0.793205996124639,0,0,0,0,0,0,0,0,0,0
"N-Acetylphenylalanine",-0.343740037757722,0,0,0,0,0,0,0,0,0,0,0
"N-Acetylserine",-0.80149940230337,1.6364886911982,0,1.64647572451712,0,0,0,-0.844958341415974,-0.555809139466216,0,0,0
"N-Acetylthreonine",0.375284346265723,1.34345263294832,0,1.63377674443553,0,1.14723180347581,0,0,0,0,-0.300684733227703,0
"N-Acetyltryptophan",0,0,0,0,0,0,0,0,0,0,0,0
"N-Acetyltyrosine",0,0,0,0,0,0,0,0,0,0,0,0
"N-Acetyl Valine",0,0,0,0,0,0,0,0,0,0,0,0
"Naproxen",0,0,0,0,0,0,0,0,0,0,0,0
"Nervonate (24:1N9)",1.93287087219881,0,0,0,0,0,0,0,0,0,0,0
"Nicotinamide",-0.202490307825973,1.79412247361289,0,1.96003707463982,0,0,0,0,0,0,0,0
"Nad+",-0.956288808817615,0.599660921216856,0,4.16743175557808,0,-0.547026387762753,0,-2.64831667612191,-3.37359442963314,2.625297302329,0.952175660406885,0
"Nadh",0,0,0,5.00025125184457,0,0,0,0,0,0,0,0
"Nicotinamide Ribonucleotide (Nmn)",-0.909207862083588,0,0,0,0,0,0,-2.71107571843084,-1.68245520998646,0,0,0
"Nicotinamide Riboside*",0,0,0,0,0,0,0,0,0,0,1.61521005165098,0
"Nicotinate",0,0,0,0,0,0,0,0,0,0,0,0
"Nicotinate Adenine Dinucleotide (Naad+)",0,0,0,0,0,0,0,0,0,0,0,0
"N-Methylglutamate",-1.7107216232526,0,0,0,0,0,0,0,0,0,0,0
"Octanoylcarnitine",1.10620172140285,0.510588788622588,0,0,0,3.640120272138,0,1.38524728785993,1.51036178128422,0,0,0
"Oleate (18:1N9)",0.608254840066677,2.25437209092797,0.80283028036738,0,0,0,0,-0.568522106213655,-1.50462799516975,0,0.418724332622002,0
"Oleoylcarnitine",0.896461694428322,2.16640835983613,0,0,0,0,0,0,0,0,0,0
"Ophthalmate",0.75902190445095,1.51847520549976,0,2.55868463965888,-0.882476696517507,0,0,0,0.832314987104743,0,-0.786525985085726,0
"Ornithine",0,0.941220514981494,0,0,0.865847685749703,0,-0.776880579913937,-1.28769916921426,-1.34248613094274,0,0,0
"P-Acetamidophenylglucuronide",-0.860835670530362,0,0,0,0,0,0,0,0,0,-0.96417303520905,0
"Palmitate (16:0)",0.197087166538219,1.12119425282516,0,0,0,0,0,-0.623168262051282,-1.08085648786178,0.380558888909908,0,0
"Palmitoleate (16:1N7)",0.514012691779726,1.44879724207022,0,0,0,0,0,-0.676015449759548,-1.02518015399354,0,0,0
"Palmitoyl Sphingomyelin",0,0,0,1.80057564516323,0,0,0,0,0,0,-0.48480577671314,0
"Palmitoylcarnitine",0.52619316250316,2.54572951114709,0,0,0,0,0,0,0,0,0,0
"Pantothenate",-2.21526653766569,1.92739370038314,0,2.60573757507797,0,0,-0.68056547075272,-0.863079604735285,-1.03505457468074,0,0,0
"Paroxetine",0,0,0,0,0,0,0,0,0,0,0,0
"P-Cresol Sulfate",-0.86135735028277,0.839075400789364,0,0,0,0,0,0,0.812970036333803,0,-0.697953926163348,0
"Pelargonate (9:0)",-0.181653931615665,0,0,-1.3314852628647,0,0,0,-0.357148246250691,-0.477272850479652,0,0,0
"Penicillin G",0,0,0,0,0,0,0,0,0,0,0,0
"Pentadecanoate (15:0)",0.356727577725664,0,0,0,0,0,0,-1.21356145274807,0,0,0,0
"Phenol Red",0,0,0,0,0,0,0,1.25475327801995,0,0,0,0
"Phenol Sulfate",-0.950002217547008,0.73377190012947,0,0,0,0,0,0,0,0,-0.60071419006568,0
"Phenylacetylglutamine",-3.28011008618737,0.79257306390394,0,0,0,0,0,0,0.820676356439003,0,-0.893835022413262,0
"Phenylalanine",-0.759286608723605,0.707408253152359,0,1.47535976000708,1.39102635245886,0,0.311420436793227,0,0,0.381478362683743,0,0.897531843141927
"Phenylalanylalanine",2.98352563374829,0,0,0,0,0,0,0,0,0,0,0
"Phenylalanylarginine",0,0,0,0,0,0,0,0,0,0,0,0
"Phenylalanylaspartate",1.91009787802063,0,0,0,0,0,0,0,0,0,0,0
"Phenylalanylglutamate",1.77182358919169,0,0,0,0,0,0,0,0,0,0,0
"Phenylalanylglycine",1.52134753784331,0,0,0,0,0,0,0,0,0,0,0
"Phenylalanylleucine",2.09546780025088,0,0,0,0,0,0,0,0,0,0,0
"Phenylalanylmethionine",1.29925831813627,0,0,0,0,0,0,0,0,0,0,0
"Phenylalanylphenylalanine",1.43313648743089,0,0,0,0,0,0,0,1.11699153934109,0,0,0
"Phenylalanylproline",1.44604040415858,0,0,0,0,0,0,0,0,0,0,0
"Phenylalanylserine",2.14448615754664,0,0,1.79279480830654,0,0,0,0,0,0,0,0
"Phenylalanyltryptophan",0,0,0,0,0,0,0,0,0,0,0,0
"Phenylalanyltyrosine",1.52040510609031,0,0,0,0,0,0,0,0,0,0,0
"Phenylalanylvaline",1.26151719032155,0,0,0,0,0,0,0,0,0,0,0
"Phosphate",-0.323339319185796,1.86877960033203,0,1.67268250005382,0,0,0,-0.500954607016851,0,0,0,0
"Phosphoenolpyruvate (Pep",-1.4635662548219,1.82752746613361,0,0,0,0,0,0,0,0,0,0
"Phosphoethanolamine",-0.126915488324383,4.00931621519249,0,3.13190497355763,0,0,0,0,0,0,0,0
"Phytosphingosine",0,2.4558418555119,0,0,0,0,0,0,0,0,0,0
"Pipecolate",0,1.31972454244685,0.478264092543576,0,0,1.28367863321016,0,0,0.64139833446155,0,-0.110712869045845,0
"Piperine",0,0,0,0,0,0,0,0,0,0,0,0
"Pivaloylcarnitine",-1.25760337193681,0,0,0,0,0,0,0,0,0,0,0
"Pregnanediol-3-Glucuronide",-0.496709761782193,0,0,0,0,0,0,0,0,0,0,0
"Pregnen-Diol Disulfate*",-0.614962616630735,0,0,0,0,0,0,0,0,0,0,0
"Pro-Hydroxy-Pro",-1.23187124102375,0,0,1.30092053578722,0,0,0,0.4215424450109,0.828529593567746,0,0,0
"Proline",-0.989644284437689,1.75997248173965,0,1.69673311167154,1.65665892264816,0,0,-0.686035746243296,0,0.590310094822606,0.305781974060568,1.08822127518173
"Prolylglycine",-1.14175666185436,0,0,0,0,0,0,0,0,0,0,0
"Prolylmethionine",0,0,0,0,0,0,0,0,0,0,0,0
"Propionylcarnitine",-0.171131250401204,1.16434587809287,0,2.52475099186989,0,1.78957531993276,0,-0.818523521083198,0,0,0.371733498945597,0
"Prostaglandin A2",-0.63068805473486,0,0,0,0,0,0,0,0.97041770326122,0,0,0
"Prostaglandin E2",0,0,0,0,0,0,0,0,2.35209938058021,0,0,0
"Pseudouridine",-1.81273538084852,1.27504879724546,0,0,0,0.410291286917296,0,0,0,0,0,0
"Putrescine",2.21521677105848,3.46267268595695,0,3.46755129548336,1.91258073175791,0,0,0,0,0,0,1.2556693650862
"Pyridoxal",-1.48119112827166,0,0,0,0,0,0,-0.579242644742532,0,0,0,0
"Pyridoxate",-1.73354599196303,0,0,0,0,0,0,0,0,0,-0.360363920858066,0
"Pyroglutamine",1.87040029077008,0.680227962314439,0,0,0,1.70036719135194,0,0,1.06508961112214,0,-0.801334927636092,0
"Pyrophosphate (Ppi)",-0.476132533301796,1.30397995105415,0,0,0,0,0,0,0,0,0,0
"Quebrachitol",0,0,0,0,0,0,0,0,0,0,0,0
"Quinate",-1.22298780762696,0,0,0,0,0,0,0,0,0,0,0
"Quinidine",0,0,0,0,0,0,0,0,0,0,0,0
"Quinolinate",1.02354298722883,0.911842481249338,0,0,0,0,0,0,0,0,-0.350580543394079,0
"Ranitidine",-0.216478025390236,0,0,0,0,0,0,0,0,0,0,0
"Ribitol",0.213670056798527,1.45944223024806,0,1.87318172842534,0,0,0,0,0,0,0.704370876665177,0
"Riboflavin (Vitamin B2)",-1.22057886134959,1.63212760734043,0,0,0,0,0,0,0,0.65510857305564,0,0
"Ribose",0,1.8489491681607,0,2.28060597730106,0,0,0,0,0,0,0,0
"Ribulose",0.698260393070663,1.77918480166229,0,3.08325373992363,0,0,0,0,0,0,0,0
"Saccharopine",2.49780973007961,0,0,0,0,0,0,0,0,0,0,0
"S-Adenosylhomocysteine (Sah)",1.0717664538291,2.18546592260673,0,3.35831803966691,1.17916884568593,0,0,0,0,0.475537224504795,0,-1.09826401631487
"S-Adenosylmethionine",0,2.17492740815908,0,0,1.33839470979265,0,0,0,0,0,0,-1.58917967718466
"Salicylate",0,0,0,0,0,0,0,0,0,0,0,0
"Sarcosine",1.48730151270226,2.69122922757071,0,0,0,0,0,0,0,0.176638368804666,0,0
"Scyllo-Inositol",-2.08548711941785,1.33313662635489,0,2.779243653045,0,0,0,-1.762700075717,-1.58608517586884,0,0,0
"Sedoheptulose-7-Phosphate",0.618466255266541,1.3851299131588,0,2.66131476427175,1.00341668612242,0,0,0,0,0,0,0.851765376370863
"Serine",-1.56757159299121,1.39999420249718,0.682173763902948,2.71885803117496,0.672585028676451,0,-0.515401879213343,0,0,0,0,0.746972767521588
"Serylisoleucine*",0,0,0,0,0,0,0,0,0,0,0,0
"Serylleucine",2.08919504888043,0,0,1.90962863897494,0,0,0,0,0,0,0,0
"Serylphenyalanine",1.44118237724309,0,0,2.4361745499651,0,0,0,0,2.88825439650717,0,0,0
"Serylvaline",0,0,0,0,0,0,0,0,0,0,0,0
"Methylcysteine",-0.28262679468967,0,0,2.44973783350435,0,0,0,0,0,0,0,0
"Sorbitol",1.786112857905,1.90085876798466,0,1.86689343537468,0,0,0,0,0,0,0,0
"Sorbitol 6-Phosphate",0.55252143304556,0,0,0,0,0,0,0,0,0,0,0
"Spermidine",0.766557665737793,0.808374202578033,0.515632585634559,1.59931196766134,1.57624528362005,0,0,0,0,0,0,0.655735575134537
"Spermine",0.204262569339634,0,0.581004574136308,0,0.891747109347977,0,0,0,0,0,-0.802758183763848,0
"Sphinganine",1.14161478787251,3.32965137620281,0,0,0,2.94092698929961,0,0,1.83571941068325,0,0,0
"Sphingosine",1.35026691838698,4.21557370825359,0,2.73906105757913,0,0,0,0,0,0,0,0
"Squalene",-0.732243104486765,0,0,0,0,1.46160330949095,0,0,0,0,0,0
"Stachydrine",0.385045681802848,1.1802938568848,0,2.77083725127209,0,3.02877244520484,0,0,0,0,0,0
"Stearate",0.385990019710563,1.09230719171091,0,0,0,0,0,-0.486853616332589,-1.49737796228505,0,0,0
"Stearidonate (18:4N3)",1.00143271610337,1.74215696161377,0,0,0,0,0,-1.10916331398933,0,0,0,0
"Stearoylcarnitine",0,3.98402923962744,0,2.9479014200391,0,0,0,0,0,0,1.68749728903419,0
"Streptomycin",0,0,0,0,0,0,0,0,0,0,0,0
"Succinate",1.00305880145644,0.811807552836779,0,2.44339665569151,1.18972268442876,0,0,-1.07004226906534,-1.61133809295732,0,0,0
"Succinylcarnitine",-0.1207503468863,2.28994904612719,0,3.06314969655144,0,0,0,-1.53443305928228,-1.68134998605248,0,0.972059779445821,0
"Tartarate",-3.58416556599176,0,0,0,0,0,0,0,0,0,0,0
"Taurine",0,2.14809381190865,1.18337811039114,1.69813320234906,1.06747846679618,-1.11449092959933,0.547336700876417,0.842643772170612,1.13230643756383,-0.35652198702486,-0.789819790857387,0
"Testosterone",0,0,0,0,0,0,0,0,0,0,0,0
"Theobromine",-0.34654349122156,0,0,0,0,0,0,0,0,0,0,0
"Threitol",-0.808857605407812,0,0,0,0,0,0,0,0,0,0,0
"Threonate",0,1.15672372558249,0,0,0,-2.27518539566701,0,0,0,0,0,0
"Threonine",-1.35758156686544,1.02332457189143,-0.544278860509744,2.83088594023926,1.16202567903682,0,0,0,0,0.51693265314899,0,1.0449504507325
"Threonylglutamate",0,0,0,0,0,0,0,0,0,0,0,0
"Threonylleucine",1.62799411759289,0,0,1.73663937037391,0,0,0,0,0,0,0,0
"Threonylmethionine",0.862343210179551,0,0,0,0,0,0,0,0,0,0,0
"Threonylphenylalanine",2.42637751850893,0,0,0,0,0,0,2.29656056659058,0,0,0,0
"Threonylvaline",0.806964050346846,0,0,0,0,0,0,0,0,0,0,0
"Thymidine",-0.428191879543169,0,0,0,0,0,0,-1.57633581182303,0,0,0,0
"Thymine",0,1.22030236480133,0,0,0,3.15710702921947,0,-1.01857291914081,0,0,0,0
"Hydroxyproline",-0.291409277799129,2.38684299731694,0,0,1.18914291698645,0.780993746612409,0,0,0.466538996299173,0,0,0.923696632686803
"Trans-Urocanate",-1.00329948337738,0,0,0,0,0,0,0,0,0,0,0
"Triethyleneglycol",0,0,0,0,0,0,0,0,0,0,0,0
"Trigonelline (N'-Methylnicotinate)",-1.33885605270179,0,0,0,0,0,0,0,0,0,0,0
"Tryptophan",-1.69063380060951,1.14686348952562,0,0.709178667797902,0.862496476250065,0,0.435858586762119,-0.810321026219214,0,0.432891779661208,0,0
"Tryptophan Betaine",1.53190244939188,2.04447187079325,0,0,0,0,0,0,0,0,0,0
"Tryptophylasparagine",1.1188178475567,0,0,0,0,0,0,0,0,0,0,0
"Tryptophylglutamate",0.642547538623476,0,0,0,0,0,0,0,0,0,0,0
"Tryptophylleucine",1.37433662491808,0,0,0,0,0,0,0,0,0,0,0
"Tyrosine",-0.975104308458201,0.683369371227965,0,1.42085190975335,1.39116372816239,0,0.530832804215414,0,0,0.439813671129222,0,1.07468977796044
"Tyrosylalanine",1.25507561685491,0,0,0,0,0,0,0,0,0,0,0
"Tyrosylglutamine",1.02010651261224,0,0,0,0,0,0,0,0,0,0,0
"Tyrosylglycine",0.460787943312843,0,0,0,0,0,0,0,0,0,0,0
"Tyrosylhistidine",0.859822969706485,0,0,0,0,0,0,0,0,0,0,0
"Tyrosylleucine",1.9760346048025,0,0,0,0,0,0,0,0,0,0,0
"Tyrosyllysine",0,0,0,0,0,0,0,0,0,0,0,0
"Tyrosylphenylalanine",1.25004767880574,0,0,0,0,0,0,0,0,0,0,0
"Tyrosyltyrosine",1.01914595543192,0,0,0,0,0,0,0,0,0,0,0
"Tyrosylvaline",1.58876852309905,0,0,0,0,0,0,0,0,0,0,0
"Undecanedioate",0.486099450946595,0,0,0,0,0,0,-0.489111646140404,-0.152856936272645,0,0,0
"Uracil",-0.583190519756979,3.97841980553576,0,4.13160654177377,0,1.34226908486738,0,0,0.564760160681807,1.20475910461616,0.887874389979391,0
"Urate",-0.434210274074701,0.805635749079186,0,-0.497065929470119,0,0.771483842699507,0.5460340422635,0,0.44851216890832,0,-0.768125589755559,0
"Urea",-0.941085550207257,1.37472223017553,0,1.24363879117631,0,-0.149565232650716,0,0,0,0,0,0
"Uridine",-0.152589132515616,1.1343737584074,0,1.29676482498328,0,0,0,-0.590184055194396,-0.480124165693554,0.676541214519775,0,0
"Uridine Monophosphate (5' Or 3')",1.47220418605463,0,0,4.64810427183151,0,0,0,0,0,0,0,0
"Valerylcarnitine",-0.852017262990935,0.705840632592243,0,2.38085694387269,0,1.14215220592075,0,0,0.752367288753253,0,0,0
"Valine",-0.870527376078899,0.898123894426098,0,1.13619655156644,1.12062635377125,0,0.466734680670529,0,0,0.388613841996285,0,0.80620449844922
"Valylalanine",0,0,0,0,0,0,0,0,0,0,0,0
"Valylarginine",0.787494921345864,0,0,0,0,0,0,0,0,0,0,0
"Valylasparagine",0,0,0,1.40713084499715,0,0,0,0,0,0,0,0
"Valylaspartate",0,0,0,0,0,0,0,0,1.6805209537945,0,0,0
"Valylglutamate",0.882936191012064,0,0,0,0,0,0,0,0,0,0,0
"Valylglutamine",0,0,0,0,0,0,0,0,0,0,0,0
"Valylglycine",-0.183004203332321,0,0,2.16831299871172,0,0,0,0,0,0,0,0
"Valylhistidine",-0.269526499453346,0,0,0,0,0,0,0,0,0,0,0
"Valylisoleucine",0,0,0,0,0,0,0,0,0,0,0,0
"Valylleucine",2.0193687888032,0,0,0,0,0,0,0,0,0,0,0
"Valyllysine",0,0,0,0,0,0,0,0,0,0,0,0
"Valylmethionine",2.00897200642106,0,0,0,0,0,0,0,2.72618686757668,0,0,0
"Valylphenylalanine",1.85067997689478,0,0,1.26930827662677,0,0,0,0,4.31232352913644,0,0,0
"Valylserine",0.967989421005379,0,0,1.96903645607614,0,0,0,0,0,0,0,0
"Valyltryptophan",1.77303646029745,0,0,0,0,0,0,0,0,0,0,0
"Valyltyrosine",1.63692275930012,0,0,0,0,0,0,0,0,0,0,0
"Valylvaline",0,0,0,2.28430066679437,0,0,0,0,0,0,0,0
"Vanillylmandelate (Vma)",-3.38607399284239,0,0,0,0,0,0,0,0,0,0,0
"Venlafaxine",0,0,0,0,0,0,0,0,0,0,0,0
"Vgahageygaealer*",2.30374236624187,0,0,0,0,0,0,0,0,0,0,0
"Xanthine",-0.595694680775699,0.617767873934942,0,0,0,1.3962282211864,0.514379137185127,-0.412288386945978,0,1.35904382393357,0,0
"Xanthosine",-0.897667560042352,1.71256749123248,0,0,0,0,1.35518416021811,0,0,1.70774060120465,0.742623576902895,0
"Xylitol",-0.880821964169254,1.40562988716882,0,2.66465720616165,0,0,0,0,0,0,0.559642223203628,0
"Xylonate",0,0,0,0,0,0,0,0,0,0,0,0
"Xylose",-2.23293069000528,0,0,0,0,0,0,0,0,0,0,0
"Xylulose",0.76111734575516,0.609217064115965,0,0,0,0,0,0,0.643920997519422,0,0,0
"1-Methylnicotinamide",0,1.77557137909046,0,0,0,0,0,0,0,0,0,0
"2'-O-Methylguanosine",0,0.0195112869420294,0,0,0,0,0,-0.44145913411243,0,0,0,0
"2-Hydroxystearate",0,0.924440394200689,0,0,0,0.773266765521066,0,0,0,0,0.888598087356541,0
"2-Methylmalonyl Carnitine",0,0,0,1.03357673902686,0,0,0,0,0,0,0,0
"2-Palmitoleoylglycerophosphoethanolamine*",0,2.52403875980589,0,0,0,0,0,0,0,0,0,0
"3-Methyl-2-Oxobutyrate",0,0.320739999889958,0,0,0,0,0,0,0,0,0,0
"3-Phenylpropionate (Hydrocinnamate)",0,0,0,0,0,0,0,0,0,0,0,0
"4-Hydroxyphenylpyruvate",0,1.47817210887423,0,0,0,4.8866182317838,0,0.91771707620386,0,0,0,0
"4-Octenedioate",0,0,0,0,0,0,0,0,0,0,0,0
"5Alpha-Pregnan-3Beta,20Alpha-Diol Disulfate",0,0,0,0,0,0,0,0,0,0,0,0
"Adenosine 5'Diphosphoribose",0,0,0,0,0,0,0,0,0,0,-0.580813728437604,0
"Adsgegdfxaegggvr*",0,0,0,0,0,0,0,0,0,0,0,0
"Alanylhistidine",0,0,0,0,0,0,0,0,0,0,0,0
"2-Oxoglutarate(2Og)",0,0,0,0,0,0,0,0,0,0,0,0
"Andro Steroid Monosulfate 1*",0,0,0,0,0,0,0,0,0,0,0,0
"Andro Steroid Monosulfate 2*",0,0,0,0,0,0,0,0,0,0,0,0
"Behenate (22:0)",0,0.672385151334527,0,0,0,1.70274145616241,0,0,0,0,0,0
"Conjugated Linoleate (18:2N7; 9Z,11E)",0,0,0,0,0,0,0,0,0,0,0,0
"Cystathionine",0,3.82809443984585,0,3.0502457257009,0.998195503153252,0,-2.50767936022454,0,0,0,0,1.08257731324634
"Dehydroisoandrosterone Sulfate (Dhea-S)",0,0,0,-3.41979907672832,0,0,0,0,0,0,0,0
"Desmethylnaproxen Sulfate*",0,0,0,0,0,0,0,0,0,0,-0.350580543394079,0
"Epiandrosterone Sulfate",0,0,0,-3.00214079345193,0,0,0,0,0,0,0,0
"Fluoxitine",0,0,0,0,0,0,0,0,0,0,0,0
"Folate",0,0,0,0,0,0,0,0,0,0,0,0
"Gamma-Glutamylalanine",0,0.831387534633871,0,0,0,0,0,0,0,0,0,0
"Gamma-Glutamylmethionine*",0,0,0,0,0,0,0,0,0,0,0,0
"Gamma-Glutamyltyrosine",0,0.853305059498962,0,1.82405921824821,0,0,0,0,0,0,0,0
"Glycochenodeoxycholate",0,0,0,-2.9901314199798,0,0,0,0,0,0,0,0
"Glycocholate (Gca)",0,0,0,-2.41030740120033,0,0,0,0,0,0,0,0
"Glycodeoxycholate",0,0,0,0,0,0,0,0,0,0,0,0
"Homocarnosine",0,0,0,0,0,0,0,0,0,0,-0.206615354673951,0
"Hydroxyisovaleroyl Carnitine",0,1.68701034787702,0,2.67847979871089,0,0,0,0,0,0,0,0
"Ibuprofen",0,0,0,0,0,0,0,0,0,0,0,0
"Isobar: Fructose 1,6-Diphosphate, Glucose 1,6-Diphosphate",0,1.22655511889474,0,0,0,0,0,0,0,0,0,0
"Malonate (Propanedioate)",0,0.505627917788156,0,0,0,0,0,0,0,0,0,0
"Mannitol",0,1.312866504907,0,0,0,0,0,0,0,0,0,0
"Methionine Sulfoxide",0,-0.547244769939591,0,0,0,0,0,0,0,0,0,0
"Methyl-4-Hydroxybenzoate",0,0,0,0,0,0,0,0,0,0,0,0
"N-Acetylmannosamine",0,1.83971357124563,0,0,0,0,0,0,0,0,0,0
"N-Ethylglycinexylidide",0,0,0,0,0,0,0,0,0,0,0,0
"N-Formylmethionine",0,0.161155277461212,0,0.864397266224408,0,0,0,0,0,0,0,0
"Phenylacetylglycine",0,0,0,0,0,0,0,0,0,0,0,0
"Phenyllactate (Pla)",0,0.4233659037056,0,1.73566275577062,0,5.11460146679858,0,0,0,0,0,0
"Phenylpyruvate",0,0.159203274845219,0,1.98030479150492,0,3.38830232089195,0,0,0,0,0,0
"Pregn Steroid Monosulfate*",0,0,0,-1.20922985431478,0,0,0,0,0,0,0,0
"Pyridoxine (Vitamin B6)",0,0,0,0,0,0,0,0,0,0,0,0
"Pyroglutamylvaline",0,0,0,0,0,0,0,0,0,0,-0.264697650621891,0
"Pyruvate",0,0,0,0,-0.900339260778608,0,0,2.33870171158591,0,0,0,0
"Sebacate",0,0,0,0,0,0,0,-0.400703391330112,0,0,-0.350580543394079,0
"Stearoyl Sphingomyelin",0,0.733676083370846,0,0,0,0,0,-0.87672072380185,-1.51949198319552,0,-0.741282920601421,0
"Suberylglycine",0,0,0,0,0,0,0,0,0,0,0,0
"Taurochenodeoxycholate",0,0,0,0,0,0,0,0,0,0,0,0
"Taurocholate",0,0,0,0,0,0,0,0,0,0,0,0
"Taurolithocholate 3-Sulfate",0,0,0,0,0,0,0,0,0,0,0,0
"Thymol Sulfate",0,0,0,0,0,0,0,0,0,0,0,0
"Udp-D-Glucuronate",0,0.570576687282943,0,4.37001172979352,0,0,0,0,0,0,0,0
"Ursodeoxycholate",0,0,0,0,0,0,0,0,0,0,0,0
"1,7-Dimethylxanthine",0,0,0,0,0,0,0,0,0,0,0,0
"1-Methyl-L-Tryptophan",0,0,-0.272428241171642,0,0,0,0,0,0,0,0,0
"2-Hydroxy Caprylic Acid",0,0,0,0,0,0,0,0,0,0,0,0
"3-Deoxyguanosine",0,0,0.692163519578698,0,0,0,0,0,0,0,0,0
"3-Hydroxy-2-Methylvalerate",0,0,0.697865617770634,0,0,0,0,0,0,0,0,0
"3-Hydroxy-3-Methyl-Glutaric Acid",0,0,0,0,0,0,0,0,0,0,0,0
"3-Hydroxykynurenine",0,0,0,0,0,0,0,0,0,0,0,0
"4-Hydroxy Phenyllacticacid",0,0,0,0,0,0,0,0,0,0,0,0
"5-Hydroxyindoleaceticacid",0,0,0,0,0,0,0,0,0,0,0,0
"5-Hydroxytryptophan",0,0,0,0,0,0,0,0,0,0,0,0
"Allose",0,0,0,0,0,0,0,0,0,0,0,0
"Alpha-Hydroxyisobutyric Acid",0,0,0,0,0,0,0,0,0,0,0,0
"Aminobutyric Acid",0,0,0,0,0,0,0,0,0,0,0,0
"B-Hydroxyisovaleric Acid",0,0,0,0,0,0,0,0,0,0,0,0
"Caffeine",0,0,0,0,0,0,0,0,0,0,0,0
"Cinnamic Acid",0,0,-0.568243575649365,0,0,0,0,0,0,0,0,0
"Citramalic Acid",0,0,-0.368378753267491,0,0,0,0,0,0,0,0,0
"Coumarin",0,0,-0.495188710423956,0,0,0,0,0,0,0,0,0
"Dl-3-Phenyllactic Acid",0,0,0,0,0,0,0,0,0,0,0,0
"Dl-Indole-3-Lactic Acid (3-Indolelactic Acid)",0,0,-0.746649316363544,0,0,0,0,0,0,0,0,0
"Glutamine Or Lysine Or Glutamic Acid",0,0,0,0,0,0,0,0,0,0,0,0
"Glyceraldehyde-3-Phosphate",0,0,-0.583268152092799,0,0,0,0,0,0,0,0,0
"Isobutyryl Carnitine",0,0,-0.707590661579439,0,0,0,0,0,0,0,0,0
"Ketoleucine",0,0,0,0,0,0,0,0,0,0,0,0
"Kynurenic Acid",0,0,0,0,0,0,0,0,0,0,0,0
"N12-Acetylthermospermidine",0,0,0,0,0,0,0,0,0,0,0,0
"N1-Acetylspermine",0,0,0.972549084520745,0,0,0,0,0,0,0,0,0
"Nonanedioic Acid",0,0,0,0,0,0,0,0,0,0,0,0
"Norepinephrine (Noradrenaline)",0,0,0,0,0,0,0,0,0,0,0,0
"O-Succinyl-L-Homoserine",0,0,0,0,0,0,0,0,0,0,0,0
"Phthalic Acid Mono-2-Ethylhexyl Ester",0,0,0,0,0,0,0,0,0,0,0,0
"Pyroglutamic Acid",0,0,0,0,0,0,0,0,0,0,0,0
"Suberic Acid",0,0,0,0,0,0,0,0,0,0,0,0
"Theophylline",0,0,0,0,0,0,0,0,0,0,0,0
"Trans-4 Hydroxytamoxifen",0,0,0,0,0,0,0,0,0,0,0,0
"Urocanic Acid",0,0,0,0,0,0,0,0,0,0,0,0
"Vidarabine",0,0,0,0,0,0,0,0,0,0,0,0
"1-Eicosatrienoylglycerophosphocholine*",0,0,0,0,0,0,0,0,0,0,0,0
"1-Octadecanol",0,0,0,0,0,0,0,0,0,0,0,0
"13-Methylmyristic Acid",0,0,0,-0.207156419779375,0,0,0,0,0,0,0,0
"2-Arachidonoylglycerophosphoinositol*",0,0,0,2.50589226158999,0,0,0,0,0,0,0,0
"2-Oleoylglycerophosphoinositol*",0,0,0,1.54649602392711,0,0,0,0,0,0,0,0
"3-Phosphoglycerate (Isobar With 2-Phosphoglycerate)",0,0,0,3.05700204288044,0,0,0,0,0,0,0,0
"4-Acetamidobutanoate",0,0,0,0.949992248374381,0,0,0,0,0,0,0,0
"4-Ethylphenylsulfate",0,0,0,-3.40290707451792,0,0,0,0,0,0,0,0
"4-Nitrophenol",0,0,0,0,0,0,0,0,0,0,0,0
"Acetyl Coa",0,0,0,0,0,0,0,0,0,0,0,0
"Adenosine 3',5'-Cyclic Monophosphate (Camp)",0,0,0,0,0,0,0,0,0,0,0,0
"Adp",0,0,0,2.37384795533079,0,0,0,0,0,0,-0.696262332977087,0
"Aica Ribonucleotide",0,0,0,0,0,0,0,0,0,0,0,0
"Beta-Hydroxyisovalerate",0,0,0,0,0,1.1717009035083,0,0,0,0,0,0
"Carnosine",0,0,0,0,0,0,0,0,0,0,0,-0.752072486556414
"Cis-Urocanate",0,0,0,-2.38852340949562,0,0,0,0,0,0,0,0
"Coenzyme A",0,0,0,2.99307400845748,0,0,0,0,0,0,0,0
"Coproporphyrin I",0,0,0,0,0,0,0,0,0,0,0,0
"Cytidine-5'-Diphosphoethanolamine",0,0,0,4.51069236380803,0,0,0,0,0,0,0,0
"Delta-Tocopherol",0,0,0,0,0,0,0,0,0,0,0,0
"Deoxycholate",0,0,0,1.10234829428644,0,0,0,0,0,0,0,0
"Gamma-Glutamylmethionine",0,0,0,1.43519778629275,0,0,0,0,0,0,-0.242706996335736,0
"",0,0,0,0,0,0,0,0,0,0,0,0
"Heptaethylene Glycol",0,0,0,0,0,0,0,0,0,0,0,0
"Heptanoate (7:0)",0,0,0,-1.37197444296242,0,0,0,0,0,0,0,0
"Hexaethylene Glycol",0,0,0,0,0,0,0,0,0,0,0,0
"Inosine 5'-Monophosphate (Imp)",0,0,0,3.23009459892315,0,0,0,0,0,0,0,0
"Isobar: Udp-Acetylglucosamine, Udp-Acetylgalactosamine",0,0,0,6.05338079154162,0,0,0,0,0,0,0,0
"Isoleucylglutamine",0,0,0,1.88309323128358,0,0,0,0,0,0,0,0
"Lathosterol",0,0,0,0,0,0,0,0,0,0,0,0
"Mead Acid (20:3N9)",0,0,0,0,0,0,0,0,0,0,0,0
"Methionylthreonine",0,0,0,0,0,0,0,0,0,0,0,0
"Methionylvaline",0,0,0,1.29089298721949,0,0,0,0,0,0,0,0
"Nonadecanoate",0,0,0,0,0,1.11144602490171,0,-0.507253759694516,-1.49087879472674,0,1.58446637248615,0
"Paraxanthine",0,0,0,0,0,0,0,0,0,0,-0.573089976552527,0
"Pentaethylene Glycol",0,0,0,0,0,0,0,0,0,0,0,0
"Phenolphthalein Beta-D-Glucuronide",0,0,0,0,0,0,0,0,0,0,0,0
"Pseudoephedrine",0,0,0,0,0,0,0,0,0,0,0,0
"S-Lactoylglutathione",0,0,0,0,0,0,0,0,0,0,0,0
"S-Methylglutathione",0,0,0,0,0,0,0,0,0,0,0,0
"Tetraethylene Glycol",0,0,0,0,0,0,0,0,0,0,0,0
"Thiamin Diphosphate",0,0,0,0,0,0,0,0,0,0,0,0
"Thymidine 5'-Monophosphate",0,0,0,0,0,0,0,0,0,0,0,0
"Tiglyl Carnitine",0,0,0,2.13064998264459,0,0,0,0,0,0,0,0
"Udp-Glucose (Isobar With Udp-Galactose)",0,0,0,4.64676964239589,0,0,0,0,0,0,0,0
"Uridine 5'-Triphosphate (Utp)",0,0,0,0,0,0,0,0,0,0,0,0
"Valerate",0,0,0,0,0,0,0,0,0,0,0,0
"2-Oxoisopentanoate",0,0,0,0,0,0,0,0,0,0,0,0
"2,3-Diphosphoglycerate",0,0,0,0,0,0,0,0,0,0,0,0
"3,4-Dihydroxyphenylalanine(Dopa)",0,0,0,0,0,0,0,0,0,0,0,0
"Acetylcoa",0,0,0,0,0,0,0,0,0,0,0,0
"Anthranilate",0,0,0,0,0,0,0,0,0,0,0,0
"Atp",0,0,0,0,0,0,0,0,0,0,-0.829810292818738,0
"Camp",0,0,0,0,0,0,0,0,0,0,0,0
"Cdp",0,0,0,0,0,0,0,0,0,0,0,0
"Cgmp",0,0,0,0,0.456002631955587,0,0,0,0,0,0,0
"Coa",0,0,0,0,0,0,0,0,0,0,0,0
"Ctp",0,0,0,0,0,0,0,0,0,0,0,0
"Cysteinesulfinate",0,0,0,0,0,0,0,0,0,0,0,0
"Cytosine",0,0,0,0,0,0,0,0,0,0,0,0
"Datp",0,0,0,0,0,0,0,0,0,0,0,0
"Dctp",0,0,0,0,0,0,0,0,0,0,0,0
"Dihydroxyacetone Phosphate",0,0,0,0,0,0,0.917577030051207,0,0,0,0,0
"Dtdp",0,0,0,0,0,0,0,0,0,0,0,0
"Dtmp",0,0,0,0,0,0,0,0,0,0,0,0
"Dttp",0,0,0,0,0,0,0,0,0,0,0,0
"Erythrose-4P(E4P)",0,0,0,0,0,0,0,0,0,0,0,0
"Fructose-1,6Dp(F1,6Dp)",0,0,0,0,1.34828726190779,0,0,0,0,0,0,0
"Gdp",0,0,0,0,0.499817919475864,0,0,0,0,0,0,0
"Glyoxylate",0,0,0,0,0,0,0,0,0,0,0,0
"Gmp",0,0,0,0,0.690116057598867,0,0,0,0,0,0,0.698533148163685
"Gtp",0,0,0,0,0,0,0,0,0,0,0,0
"Iso-Citrate",0,0,0,0,0,0,0,0,0,0,-1.12261132694914,0
"Malonylcoa",0,0,0,0,0,0,0,0,0,0,0,0
"Nadp+",0,0,0,0,0,0,0,0,0,0,0,0
"Nadph",0,0,0,0,-1.07231420481589,0,0,0,0,0,0,0
"Prpp",0,0,0,0,0,0,0,0,0,0,0,0
"Ribose 5-Phosphate",0,0,0,0,-0.646781677232133,0,0,0,0.64474732088913,0,0,0
"Ribulose-5P(Ru5P)",0,0,0,0,0,0,0,0,0,0,0,0
"Succinylcoa(Suc-Coa)",0,0,0,0,0,0,0,0,0,0,0,0
"Tyramine",0,0,0,0,0,0,0,0,0,0,0,0
"Utp",0,0,0,0,0,0,0,0,0,0,0,0
"_-Glutamyl-2-Aminobutyrate(_-Glu-2Ab)",0,0,0,0,0,0,0,0,0,0,0,0
"1-Arachidonoyl-Gpi* (20:4)*",0,0,0,0,0,0,0,0,0,0,0,0
"1-Palmitoleoyl-Gpc* (16:1)*",0,0,0,0,0,0,0,0,0,0,0,0
"1-Palmitoyl-Gpi* (16:0)*",0,0,0,0,0,0,0,0,0,0,0,0
"1-Stearoyl-Gpi (18:0)",0,0,0,0,0,0,0,0,0,0,0,0
"2-Arachidonoyl-Gpc* (20:4)*",0,0,0,0,0,0,0,0,0,0,0,0
"2-Arachidonoyl-Gpe* (20:4)*",0,0,0,0,0,0,0,0,0,0,0,0
"2-Docosahexaenoyl-Gpc* (22:6)*",0,0,0,0,0,0,0,0,0,0,0,0
"2-Linoleoyl-Gpc* (18:2)*",0,0,0,0,0,0,0,0,0,0,0,0
"2-Myristoyl-Gpc* (14:0)*",0,0,0,0,0,0,0,0,0,0,0,0
"2-Myristoylglycerophosphoethanolamine*",0,0,0,0,0,0,0,0,0,0,0,0
"2-Oleoyl-Gpc* (18:1)*",0,0,0,0,0,0,0,0,0,0,0,0
"2-Oleoyl-Gpe* (18:1)*",0,0,0,0,0,0,0,0,0,0,0,0
"2-Palmitoleoyl-Gpc* (16:1)*",0,0,0,0,0,0,0,0,0,0,0,0
"2-Palmitoleoyl-Gpe* (16:1)*",0,0,0,0,0,0,0,0,0,0,0,0
"2-Palmitoyl-Gpc* (16:0)*",0,0,0,0,0,0,0,0,0,0,0,0
"2-Palmitoyl-Gpe* (16:0)*",0,0,0,0,0,0,0,0,0,0,0,0
"3-Phosphoserine",0,0,0,0,0,0,0,0,0,0,0,0
"Acetylphosphate",0,0,0,0,0,0,0,0,0,0,0,0
"Arabinose",0,0,0,0,0,0,0,0,0,0,0,0
"Betaine Aldehyde",0,0,0,0,0,0,0,0,0,0,0,0
"Carbamazepine 10,11-Epoxide*",0,0,0,0,0,0,0,0,0,0,0,0
"Carbamazepine*",0,0,0,0,0,0,0,0,0,0,0,0
"Cysteine Sulfinic Acid",0,0,0,0,0,0,0,0,0,0,0,0
"Cdp-Choline",0,0,0,0,0,0,0,0,0,0,0,0
"Dehydroascorbate",0,0,0,0,0,0,0,0,0,0,0,0
"Dimethylallyl Pyrophosphate (Dmapp)",0,0,0,0,0,0,0,0,0,0,0,0
"Diphenhydramine",0,0,0,0,0,0,0,0,0,0,0,0
"Docosapentaenoate (N6 Dpa; 22:5N6)",0,0,0,0,0,0,0,0,0,0,0.969449393798325,0
"Galactosylsphingosine",0,0,0,0,0,0,0,0,0,0,0,0
"Hydroxyisovaleroylcarnitine (C5)",0,0,0,0,0,0,0,0,0,0,0,0
"Isobar: 2-Propylpentanoic Acid, 2-Ethylhexanoic Acid",0,0,0,0,0,0,0,0,0,0,0,0
"Isobutyrylcarnitine (C4)",0,0,0,0,0,0,0,0,0,0,0,0
"Levulinate (4-Oxovalerate)",0,0,0,0,0,0,0,0,0,0,0,0
"Methyl Palmitate (15 Or 2)",0,0,0,0,0,0,0,-0.457417240431205,0,0,0,0
"3-Methylglutaroylcarnitine (C6)",0,0,0,0,0,0,0,0,0,0,0,0
"N-Acetyl-Glutamate",0,0,0,0,0,1.31937942926695,0,0,0,0,0,0
"N-Acetylhistidine",0,0,0,0,0,0,0,0,0,0,0,0
"Palmitoyl Ethanolamide",0,0,0,0,0,0,0,0,0,0,0,0
"Palmitoylcarnitine (C16)",0,0,0,0,0,0,0,0,0,0,0,0
"Sphingomyelin",0,0,0,0,0,0,0,0,0,0,0,0
"Succinylcarnitine (C4)",0,0,0,0,0,0,0,0,0,0,0,0
"Sucrose",0,0,0,0,0,0,0,0,0,0,0,0
"Triethanolamine",0,0,0,0,0,0,0,0,0,0,0,0
"Trizma Acetate",0,0,0,0,0,0,0,0,0,0,0,0
"Undecanoate (11:0)",0,0,0,0,0,0,0,0,0,0,0,0
"1,2-Dipalmitoylglycerol",0,0,0,0,0,0,0,-1.18073146843297,0,0,0,0
"4-Androsten-3Beta,17Beta-Diol Disulfate 2*",0,0,0,0,0,0,0,0,0,0,0,0
"5-Dodecenoate (12:1N7)",0,0,0,0,0,0,0,-1.83416060055496,0,0,0,0
"Alpha-Hydroxyisocaproate",0,0,0,0,0,0,0,0,0,0,0,0
"Biliverdin",0,0,0,0,0,0,0,0,0,0,0,0
"Galactitol (Dulcitol)",0,0,0,0,0,0,0,0,0,0,0,0
"Lignocerate (24:0)",0,0,0,0,0,2.60787931904845,0,0,0,0,0,0
"Meprobamate*",0,0,0,0,0,0,0,0,0,0,0,0
"Methylglutaroylcarnitine",0,0,0,0,0,0,0,0,0,0,0,0
"N-Acetylputrescine",0,0,0,0,0,2.34843882902751,0,0,0,0,-0.782050311689104,0
"O-Cresol Sulfate",0,0,0,0,0,0,0,0,0,0,0,0
"Ofloxacin",0,0,0,0,0,0,0,0,0,0,0,0
"Orotate",0,0,0,0,0,1.87752962014615,0,0,0,0,0,0
"Oxamate",0,0,0,0,0,0,0,0,0,0,0,0
"Phenylacetate",0,0,0,0,0,1.94313448131797,0,0,0,0,0,0
"Progesterone",0,0,0,0,0,0,0,0,0,0,0,0
"Saccharin",0,0,0,0,0,0,0,0,0,0,0,0
"Taurocholenate Sulfate*",0,0,0,0,0,0,0,0,0,0,0,0
"Thromboxane B2",0,0,0,0,0,1.59094267342948,0,0,0.961687557957316,0,0,0
"Tricosanoate (23:0)",0,0,0,0,0,2.04497536946473,0,0,0,0,0,0
"2-Aminooctanoic Acid",0,0,0,0,0,0,0,0,0,0,0,0
"2-Dehydro-D-Gluconate",0,0,0,0,0,0,0,0,0,0,0,0
"Acetyl-Coa",0,0,0,0,0,0,0,0,0,0,0,0
"Adenosine 5'-Phosphosulfate",0,0,0,0,0,0,0,0,0,0,0,0
"Adp-D-Glucose",0,0,0,0,0,0,0,0,0,0,0,0
"Allantoin",0,0,0,0,0,0,0,0,0,0,0,0
"Cdp-Ethanolamine",0,0,0,0,0,0,0.0352271948751178,0,0,0,0,0
"Cholesteryl Sulfate",0,0,0,0,0,0,0,0,0,0,0,0
"Creatine Phosphate",0,0,0,0,0,0,-0.339428145474484,0,0,0,0,0
"Cytidine_Act",0,0,0,0,0,0,0,0,0,0,0,0
"D-Glucono-Delta-Lactone-6-Phosphate",0,0,0,0,0,0,0,0,0,0,0,0
"D-Glucuronic Acid-Potential",0,0,0,0,0,0,0,0,0,0,0,0
"D-Glyceraldehdye-3-Phosphate",0,0,0,0,0,0,0,0,0,0,0,0
"D-Mannose/L-Sorbose-Potential-1",0,0,0,0,0,0,-0.671223898868506,0,0,0,0,0
"D-Sedoheptulose-1/7-Phosphate",0,0,0,0,0,0,-1.00636678558849,0,0,0,0,0
"Dgdp",0,0,0,0,0,0,0,0,0,0,0,0
"Dgtp",0,0,0,0,0,0,0,0,0,0,0,0
"Fructose-1,6-Bisphosphate",0,0,0,0,0,0,0,0,0,0,0,0
"Idp",0,0,0,0,0,0,0,0,0,0,0,0
"Indole",0,0,0,0,0,0,0,0,0,0,0,0
"Leucine/Isoleucine",0,0,0,0,0,0,0.549978405503515,0,0,0,0,0
"N-Acetyl-Glucosamine-1-Phosphate",0,0,0,0,0,0,0.992351838848739,0,0,0,0,0
"Shikimate-3-Phosphate",0,0,0,0,0,0,0,0,0,0,0,0
"Trehalose/Sucrose",0,0,0,0,0,0,-0.927132378663616,0,0,0,0,0
"Udp",0,0,0,0,0,0,0,0,0,0,-0.350580543394079,0
"Udp-D-Glucose",0,0,0,0,0,0,0,0,0,0,0,0
"Udp-N-Acetyl-Glucosamine",0,0,0,0,0,0,0,0,0,0,0.839914876515977,0
"Ump",0,0,0,0,0,0,0,0,0,0,0,0
"1-Heptadecanoylglycerol (1-Monoheptadecanoin)",0,0,0,0,0,0,0,0,0,0,0,0
"1-Myristoylglycerol (1-Monomyristin)",0,0,0,0,0,0,0,-1.24382570520217,-3.1718617713501,0,0,0
"1-Pentadecanoylglycerol (1-Monopentadecanoin)",0,0,0,0,0,0,0,-1.27709294380425,-2.54565736274149,0,0,0
"17-Methylstearate",0,0,0,0,0,0,0,-0.7375798382618,-1.93673868009621,0,0,0
"2'-Deoxycytidine",0,0,0,0,0,0,0,-1.33753580812102,0,0,0,0
"2'-Deoxycytidine 5'-Monophosphate",0,0,0,0,0,0,0,-1.13964371123064,0,0,0,0
"2-Myristoylglycerol (2-Monomyristin)",0,0,0,0,0,0,0,-1.33960525697198,-4.20472221367786,0,0,0
"2-Stearoylglycerol (2-Monostearin)",0,0,0,0,0,0,0,-1.34636131822547,0,0,0,0
"2-Stearoylglycerophosphoinositol*",0,0,0,0,0,0,0,0,0,0,0,0
"5-Hydroxyindoleacetate",0,0,0,0,0,0,0,0,0,0,0,0
"9,10-Hydroxyoctadec-12(Z)-Enoic Acid",0,0,0,0,0,0,0,-0.57440620482154,-1.97475246915796,0,0,0
"Adenosine-2',3'-Cyclic Monophosphate",0,0,0,0,0,0,0,0,0,0,0,0
"Chenodeoxycholate",0,0,0,0,0,0,0,0,0,0,0,0
"Decanoylcarnitine",0,0,0,0,0,0,0,0,1.48491270893334,0,0,0
"Dexpanthenol",0,0,0,0,0,0,0,0,0,0,0,0
"Gamma-Glutamylthreonine*",0,0,0,0,0,0,0,0,-0.576465424636362,0,0,0
"Glycoursodeoxycholate",0,0,0,0,0,0,0,-3.96443798243202,0,0,0,0
"Hexadecanedioate",0,0,0,0,0,0,0,-0.544253989503581,0,0,0,0
"Homovanillate Sulfate",0,0,0,0,0,0,0,0,0,0,0,0
"Isoleucylleucine",0,0,0,0,0,0,0,0,0,0,0,0
"Ketamine",0,0,0,0,0,0,0,0,0,0,0,0
"Kynurenate",0,0,0,0,0,0,0,0,0,1.00034105379698,0,0
"Lactobionate",0,0,0,0,0,0,0,0,0,0,0,0
"Leucylisoleucine",0,0,0,0,0,0,0,0,0,0,0,0
"N(1)-Acetylspermine",0,0,0,0,0,0,0,0,0,0,0,0
"N-Acetylcysteine",0,0,0,0,0,0,0,0,0,0,0,0
"Palmitate, Methyl Ester",0,0,0,0,0,0,0,0,-6.19821691778258,0,0,0
"Prolylleucine",0,0,0,0,0,0,0,-0.837778133139755,0,0,0,0
"Raffinose",0,0,0,0,0,0,0,0,0,0,0,0
"Stearamide",0,0,0,0,0,0,0,-0.739227070239178,-1.21881475318249,0,0,0
"Taurodeoxycholate",0,0,0,0,0,0,0,0,0,0,0,0
"Tauroursodeoxycholate",0,0,0,0,0,0,0,0,0,0,0,0
"Tetradecanedioate",0,0,0,0,0,0,0,0,0,0,0,0
"Thymidine 3'-Monophosphate",0,0,0,0,0,0,0,-1.34536850772951,0,0,0,0
"1-Docosahexaenoylglycerol (1-Monodocosahexaenoin)",0,0,0,0,0,0,0,0,-3.19709922107035,0,0,0
"1-Methylhistamine",0,0,0,0,0,0,0,0,0,0,0,0
"1-Stearoylglycerophosphoglycerol",0,0,0,0,0,0,0,0,-4.06804258228868,0,0,0
"2-Ethylhexanoate (Isobar With 2-Propylpentanoate)",0,0,0,0,0,0,0,0,0,0,0,0
"8-Hydroxyoctanoate",0,0,0,0,0,0,0,0,0,0,0,0
"Alpha-Glutamylvaline",0,0,0,0,0,0,0,0,0,0,0,0
"Guanosine 3'-Monophosphate (3'-Gmp)",0,0,0,0,0,0,0,0,0,0,0,0
"Isovalerylglycine",0,0,0,0,0,0,0,0,0.351063303932092,0,0,0
"Methyl Stearate",0,0,0,0,0,0,0,0,-5.52108912105868,0,0,0
"Prostaglandin D2",0,0,0,0,0,0,0,0,0,0,0,0
"1-Methyladenosine (1Ma)",0,0,0,0,0,0,0,0,0,0,0,0
"2'-Deoxyuridine-5'-Triphosphate (Dutp)",0,0,0,0,0,0,0,0,0,0,0,0
"3,4-Dihydroxyphenylethyleneglycol (Dopeg)",0,0,0,0,0,0,0,0,0,0,0,0
"3-Methyl-2-Oxopentanoate",0,0,0,0,0,0,0,0,0,0,0,0
"5,6-Dihydrothymine",0,0,0,0,0,0,0,0,0,0,0,0
"5-Hydroxyindoleacetate (5-Hia)",0,0,0,0,0,0,0,0,0,0,0,0
"5-Sulfosalicylate",0,0,0,0,0,0,0,0,0,0,0,0
"Acetylcarnitine (Alc; C2 Ac)",0,0,0,0,0,0,0,0,0,0,0,0
"B-Aminoisobutyrate",0,0,0,0,0,0,0,0,0,0,0,0
"B-Hydroxybutyrate (Bhba)",0,0,0,0,0,0,0,0,0,0,0,0
"Bicine",0,0,0,0,0,0,0,0,0,1.56853954955501,0,0
"Biotin",0,0,0,0,0,0,0,0,0,0,0,0
"Bradykinin",0,0,0,0,0,0,0,0,0,0.620912583517711,0,0
"Bradykinin Hydroxyproline",0,0,0,0,0,0,0,0,0,0.49194342006762,0,0
"Cadaverine",0,0,0,0,0,0,0,0,0,-0.342389217878329,0,0
"Ciliatine (2-Aminoethylphosphonate)",0,0,0,0,0,0,0,0,0,0,0,0
"Dehydroepiandrosterone Sulfate (Dhea-S)",0,0,0,0,0,0,0,0,0,0,0,0
"Deoxyuridine",0,0,0,0,0,0,0,0,0,0,0,0
"Dihydroxyacetonephosphate (Dhap)",0,0,0,0,0,0,0,0,0,0,0,0
"Dimethylbenzimidazole",0,0,0,0,0,0,0,0,0,0,0,0
"Ethylmalonate",0,0,0,0,0,0,0,0,0,0,0,0
"Histidinol",0,0,0,0,0,0,0,0,0,0,0,0
"Homoserine Lactone",0,0,0,0,0,0,0,0,0,0,0,0
"Hydroxyphenylpyruvate",0,0,0,0,0,0,0,0,0,0,0,0
"Imidazolelactate",0,0,0,0,0,0,0,0,0,0,0,0
"Indoxylsulfate",0,0,0,0,0,0,0,0,0,0,0,0
"Inositol-1-Phosphate (I1P)",0,0,0,0,0,0,0,0,0,0,0,0
"Isobar 1 Includes Mannose, Fructose, Glucose, Galactose",0,0,0,0,0,0,0,0,0,0,0,0
"Isobar 17 Includes Arginine, N-Alpha-Acetyl-Ornithine",0,0,0,0,0,0,0,0,0,0,0,0
"Isobar 18 Includes D-Fructose 1-Phosphate, Beta-D-Fructose 6-Phosphate",0,0,0,0,0,0,0,0,0,0,0,0
"Isobar 19 Includes D-Saccharic Acid,1,5-Anhydro-D-Glucitol",0,0,0,0,0,0,0,0,0,0,0,0
"Isobar 2 Includes 2-Aminoisobutyric Acid,3-Amino-Isobutyrate",0,0,0,0,0,0,0,0,0,0.57423346370693,0,0
"Isobar 21 Includes Gamma-Aminobutyryl-L-Histidine, L-Anserine",0,0,0,0,0,0,0,0,0,0,0,0
"Isobar 22 Includes Glutamic Acid, O-Acetyl-L-Serine",0,0,0,0,0,0,0,0,0,0.467009248040173,0,0
"Isobar 24 Includes L-Arabitol, Adonitol",0,0,0,0,0,0,0,0,0,0,0,0
"Isobar 28 Includes L-Threonine, L-Allothreonine, L-Homoserine",0,0,0,0,0,0,0,0,0,0,0,0
"Isobar 29 Includes R,S-Hydroorotic Acid, 5,6-Dihydroorotic Acid",0,0,0,0,0,0,0,0,0,-0.392857984690095,0,0
"Isobar 3 Includes Inositol 1-Phosphate, Mannose 6-Phosphate",0,0,0,0,0,0,0,0,0,0.758387841626471,0,0
"Isobar 30 Includes Maltotetraose, Stachyose",0,0,0,0,0,0,0,0,0,0,0,0
"Isobar 31 Includes 1-Kestose,Maltotriose, Melezitose",0,0,0,0,0,0,0,0,0,0,0,0
"Isobar 32 Includes N-Acetyl-D-Glucosamine, N-Acetyl-D-Mannosamin",0,0,0,0,0,0,0,0,0,0,0,0
"Isobar 35 Includes D-Arabinose 5-Phosphate, D-Ribulose 5-Phosphate",0,0,0,0,0,0,0,0,0,0,0,0
"Isobar 4 Includes Gluconic Acid, Dl-Arabinose, D-Ribose, L-Xylose",0,0,0,0,0,0,0,0,0,0,0,0
"Isobar 40 Includes Maltotetraose, Stachyose",0,0,0,0,0,0,0,0,0,0,0,0
"Isobar 6 Includes Valine, Betaine",0,0,0,0,0,0,0,0,0,0,0,0
"Isobar Glycochenodeoxycholic Acid/Glycodeoxycholic Acid",0,0,0,0,0,0,0,0,0,0,0,0
"Methylglutarate",0,0,0,0,0,0,0,0,0,0,0,0
"N-Acetylgalactosamine",0,0,0,0,0,0,0,0,0,1.54016800350986,0,0
"N-Acetylglucosaminylamine",0,0,0,0,0,0,0,0,0,1.13423357973736,0,0
"N-Carbamoylaspartate",0,0,0,0,0,0,0,0,0,0,0,0
"Octadecanoic Acid",0,0,0,0,0,0,0,0,0,0.26672601779374,0,0
"Orotidine-5'-Phosphate",0,0,0,0,0,0,0,0,0,0.866146462400215,0,0
"Orthophosphate (Pi)",0,0,0,0,0,0,0,0,0,0.70817528403418,0,0
"Oxalate (Ethanedioate)",0,0,0,0,0,0,0,0,0,0.634694190759405,0,0
"Oxoproline",0,0,0,0,0,0,0,0,0,0.484325676768341,0,0
"Phosphoserine",0,0,0,0,0,0,0,0,0,0.207834979259617,0,0
"P-Hydroxyphenylacetate (Hpa)",0,0,0,0,0,0,0,0,0,0,0,0
"P-Hydroxyphenyllactate (Hpla)",0,0,0,0,0,0,0,0,0,0,0,0
"Picolinate",0,0,0,0,0,0,0,0,0,0,0,0
"Pyridoxamine",0,0,0,0,0,0,0,0,0,0,0,0
"Suberate (Octanedioate)",0,0,0,0,0,0,0,0,0,0,0,0
"Sucrose/Maltose",0,0,0,0,0,0,0,0,0,0,0,0
"Thyroxine",0,0,0,0,0,0,0,0,0,0,0,0
"Topiramate",0,0,0,0,0,0,0,0,0,0,0,0
"Trans-2, 3, 4-Trimethoxycinnamate",0,0,0,0,0,0,0,0,0,0,0,0
"Udp-N-Acetylmuraminate (Udp-Murnac)",0,0,0,0,0,0,0,0,0,0,0,0
"1-Eicosadienoylglycerophosphocholine",0,0,0,0,0,0,0,0,0,0,0,0
"1,7-Dimethylurate",0,0,0,0,0,0,0,0,0,0,-0.357018735930775,0
"4-Vinylphenol_Sulfate",0,0,0,0,0,0,0,0,0,0,-0.438980722244075,0
"Acetylcholine",0,0,0,0,0,0,0,0,0,0,0,0
"Serotonin",0,0,0,0,0,0,0,0,0,0,0,0
