"","V1","V2","V3","V4","V5","V6","V7","V8","V9","V10","V11","V12"
"1",0.143534628567322,1,1,1,1,1,1,1,0.00413622509288454,1,1,1
"2",0.128360940409923,0.406601830566498,1,1,1,1,1,0.764784154653093,0.597689586274417,1,1,1
"3",1,2.92290577762527e-05,1,0.527036955207235,1,0.141776662576404,1,1,1,1,0.336073183436605,1
"4",1.78728901322769e-15,1.75578929497098e-08,1,1,1,1,1,0.22488137341683,0.0037883101171984,1,0.589068489960659,1
"5",4.22552890485141e-22,5.06038425234651e-10,1,0.125300636022166,1,1,1,0.119661909726326,0.00120792995820328,1,0.000877859391954328,1
"6",1,1,1,1,1,0.525566079274519,1,0.0749869742851499,0.0013641367193186,1,1,1
"7",1.83459050064096e-13,1,1,1,1,1,1,1,0.0013641367193186,1,1,1
"8",0.0124259270023182,1,1,1,1,1,1,1,1,1,1,1
"9",0.0241156530697475,1,1,0.513861430961328,1,1,1,1,1,1,1,1
"10",7.62735483884988e-30,0.0741283178898627,1,0.0928922685901339,1,0.263679618901207,1,0.166730845267788,1,1,0.486499829487085,1
"11",1.2824442935896e-21,0.000681307611317611,1,0.0103735117906115,1,0.898354033569069,1,1,0.179170300862024,1,1,1
"12",0.102226811894544,1,1,1,1,1,1,1,1,1,1,1
"13",6.69279597497894e-09,1,1,1,1,1,1,1,1,1,1,1
"14",3.14313436193531e-16,1,1,1,1,1,1,1,0.754887732291934,1,1,1
"15",6.68573443871561e-40,1,1,1,1,1,1,1,0.172828094832685,1,0.242004825578814,1
"16",0.00145354284266304,1,1,0.33067047756454,1,1,1,1,1,1,0.666264384749791,1
"17",0.00574349689834411,0.00960915143758795,1,0.440078435768091,1,1,1,1,0.30641897494937,1,0.883002506723469,1
"18",7.26805509051921e-36,1,1,0.185002847234723,1,1,1,1,1,1,0.0446302729029834,1
"19",1.48494502502879e-13,1,1,1,1,0.0400503833805683,1,0.542613222869682,1,1,1,1
"20",1.18876574574663e-12,8.88818124091025e-07,1,1,1,1,1,1,0.842912949092201,1,0.114333080981448,1
"21",6.56943450136262e-27,1,1,1,1,1,1,1,1,1,1,1
"22",0.000226296064979403,1.74247118816536e-07,1,0.203696543968265,1,0.855068972580521,1,0.129812812837961,1,1,1,1
"23",1.12045707840333e-16,2.72012370327949e-08,1,1,1,1,1,1,0.889184182012546,1,0.422354776842551,1
"24",1.66054095899095e-40,0.000387611662965565,1,0.00135971900089841,1,1,1,1,0.0484240733586817,1,1,1
"25",1.36336378615193e-33,1,1,1,1,1,1,0.514523544409392,0.00120792995820328,1,0.275667744426302,1
"26",1.80349017597838e-23,1,1,1,1,1,1,1,1,1,0.0773644301386105,1
"27",1.5804530418894e-09,1,1,1,1,1,1,0.701807369134647,0.847469026998539,1,1,1
"28",3.73951858468796e-33,1,1,1,1,1,1,1,1,1,1,1
"29",0.0108783589211882,9.85970243263528e-07,1,0.192589907372346,1,1,1,1,0.00108544158113351,1,1,1
"30",5.7618601548521e-16,1.36786981920072e-08,1,1,1,1,1,0.978052575822014,0.266506091284542,1,1,1
"31",5.02270079103335e-41,1,1,0.000394204248159623,1,1,1,0.622343238264494,0.0223653248496851,1,1,1
"32",2.88204746966038e-39,1,1,0.000394204248159623,1,1,1,0.407580232715275,0.028949769283952,1,0.33664102537594,1
"33",4.09614608723693e-37,1,1,0.000570338061167115,1,1,1,0.930914030799933,0.0365393247645383,1,1,1
"34",4.82702675507684e-16,1,1,1,1,1,1,0.764784154653093,0.730175892968283,1,1,1
"35",1.0598627866482e-10,1.43417273280857e-07,1,0.239717446660836,1,0.525566079274519,1,0.0749869742851499,0.00325622017241573,1,1,1
"36",1.57725387319032e-08,7.60090434870257e-10,1,1,1,1,1,1,0.624328402872471,1,1,1
"37",2.18544169680598e-32,2.59865417315666e-11,1,0.000394204248159623,1,0.978961003998021,1,1,0.0502418469595289,1,1,1
"38",1.68402011692784e-35,2.19019945286514e-06,1,0.000570338061167115,1,1,1,0.659968059825642,0.0404162874905709,1,0.101996363748219,1
"39",1.07662266498858e-10,5.54353597135041e-07,1,0.00214447110998835,1,1,1,1,1,0.232021459642943,0.074071304501467,1
"40",2.41736828676521e-05,4.61195482749684e-10,1,0.00462720700815939,0.0528812667340367,0.263679618901207,1,0.605988282819878,0.369372255963979,1,1,0.515891694751052
"41",0.721578902509797,6.94138659044093e-08,1,0.73057063873728,1,1,1,1,0.942151099722031,1,1,1
"42",0.00253719491085501,1.36574780633695e-08,1,0.0103735117906115,1,0.72217461474791,1,1,0.127840487250139,1,1,1
"43",0.139049558554193,1,1,1,1,1,1,1,1,1,1,1
"44",0.616346733351202,1,1,1,1,1,1,1,1,1,1,1
"45",0.67851959471884,1.20697491798358e-07,1,0.232574958095771,1,1,1,0.17906747498499,0.495598497905568,1,1,1
"46",0.122077640032107,0.0107782132308921,1,0.0187394581003411,1,0.297763842684545,1,0.17906747498499,1,1,0.00125164003072753,1
"47",0.0843004094318179,1,1,1,1,1,1,1,1,1,1,1
"48",1,4.40017596202969e-07,1,1,1,1,1,1,1,1,1,1
"49",1,1,1,1,1,1,1,1,1,1,1,1
"50",0.00507003080434056,4.90518757099617e-10,1,1,1,1,1,1,0.629311718409382,1,1,1
"51",1,1,1,1,1,1,1,1,1,1,1,1
"52",1.09013594942331e-05,1,1,0.0812628973548514,1,1,1,1,1,1,0.00125164003072753,1
"53",0.0550688217022024,0.722357553687822,1,0.74307981639626,1,1,1,1,1,1,0.264214294792597,1
"54",0.999972216794658,1.71245199266757e-05,1,1,1,0.078811811215677,1,1,0.124532699528703,1,0.424075127019027,1
"55",1.25847053743572e-23,1.51425098422154e-09,1,0.00135971900089841,1,0.0254949788399782,1,1,1,1,0.517795277015976,1
"56",0.003750567144298,0.310530078857294,1,1,1,1,1,1,1,1,0.050488204410673,1
"57",3.36006288078283e-26,1,1,1,1,1,1,1,1,1,1,1
"58",2.2994100675698e-08,8.16855005560577e-12,1,0.33067047756454,1,0.0619282660866061,1,1,1,1,0.808042780339728,1
"59",4.41520811679089e-08,1,1,1,1,1,1,1,1,1,1,1
"60",0.000448779158467074,1,1,1,1,1,1,0.17906747498499,0.00290895991797223,1,1,1
"61",1,3.51945349944363e-05,1,1,1,1,1,1,1,1,0.777958761081079,1
"62",3.86794001046109e-24,0.000504412896949312,1,0.0928922685901339,1,1,1,1,1,1,1,1
"63",NA,1,1,1,1,1,1,1,1,1,0.00125164003072753,1
"64",2.20492576386758e-30,1.96599573999852e-05,1,0.0245342033769854,1,0.0316622796766773,1,1,0.0633447046347034,1,0.697803343336784,1
"65",1.94488513068733e-05,2.27420601736826e-05,1,1,1,1,1,1,1,1,1,1
"66",4.85441121930022e-05,0.175116394603315,1,1,1,1,1,0.129812812837961,0.0732536638346212,1,1,1
"67",0.0328929698245636,5.54353597135041e-07,1,0.880154093608716,1,1,1,1,1,1,0.71669710557659,1
"68",2.72089869840261e-39,1.09166204640233e-06,1,0.00621735484702911,1,1,1,1,0.0715253919213239,1,0.917481713846215,1
"69",0.000520824276693044,1,1,1,1,1,1,1,1,1,1,1
"70",3.98745697226539e-13,4.04207420703295e-05,1,0.823053566408724,1,1,1,1,1,1,1,1
"71",1,4.65826925204229e-05,1,0.144859488543527,1,1,1,0.0749869742851499,0.000537314193425514,1,0.668601307995958,1
"72",0.102410679383661,1.53359014469169e-08,1,1,1,1,1,0.802771308350198,0.420554082085518,1,1,1
"73",1.75258977083351e-38,1,1,0.0942575348161148,1,1,1,0.764784154653093,0.0148989639323288,1,1,1
"74",0.00395643725097366,1,1,1,1,1,1,1,1,1,1,1
"75",7.77589800060976e-08,1,1,1,1,1,1,1,0.421802024301762,1,1,1
"76",1.16967833982779e-23,1,1,1,1,1,1,1,1,1,1,1
"77",1.16229299972965e-10,2.59591578905757e-11,1,0.48317392056652,1,0.0178319459514775,1,0.970625287274838,0.00120792995820328,1,1,1
"78",0.0019186029568937,1,1,1,1,1,1,1,1,1,1,1
"79",0.000630118335476835,1,1,1,1,1,1,1,1,1,1,1
"80",1.78487002578515e-25,1,1,1,1,1,1,1,1,1,1,1
"81",1.33999545447242e-12,0.00203258824020772,1,0.0187394581003411,1,0.116604862711484,1,1,1,1,0.747719443627375,1
"82",0.735947050906497,1,1,1,1,1,1,1,1,1,0.0882298399602819,1
"83",0.247139458403461,2.69419294240378e-08,1,0.000570338061167115,1,0.0135068285367307,1,1,1,1,1,1
"84",5.4179578255782e-08,1,1,0.185002847234723,1,1,1,1,0.127840487250139,1,0.00125164003072753,1
"85",1,5.27617141086906e-05,1,0.0812628973548514,1,0.0893859206658974,1,0.831198390686831,0.495057818020683,1,0.407777336245,1
"86",0.0364352243391518,1,1,1,1,1,1,1,1,1,1,1
"87",4.23070585771775e-24,1,1,1,1,1,1,1,1,1,1,1
"88",0.0123224358342316,1,1,1,1,1,1,1,1,1,1,1
"89",1.84609760606733e-05,1,1,0.0162986423097108,1,1,1,1,0.0365935842961639,1,0.323607015242951,1
"90",0.616864567432751,0.00974787140459435,1,0.00705418128285642,1,0.376979308510893,1,1,1,1,1,1
"91",2.40565430473968e-11,0.0308768987832235,1,1,1,1,1,1,0.0552060258206789,0.602636672913555,0.074071304501467,1
"92",1.06615065651308e-05,1.98853855396534e-06,1,1,1,1,1,1,1,1,1,1
"93",0.256333801447528,1,1,1,1,1,1,1,1,1,1,1
"94",0.250722993832136,1,1,0.884317311824236,1,1,1,1,1,1,0.565638450066443,1
"95",0.125479296199265,1,1,1,1,1,1,1,1,1,0.668601307995958,1
"96",0.459340580382277,1,1,0.856916748623767,1,1,1,1,1,1,0.074071304501467,1
"97",0.255349659267862,1,1,1,1,0.116604862711484,1,0.243200315697133,1,1,1,1
"98",0.0162509814832008,0.000153896952430024,1,0.0713795320267488,1,1,1,0.562750740372554,0.0632249144674202,1,0.777958761081079,1
"99",1.37171868793268e-12,1,1,1,1,1,1,1,1,1,1,1
"100",6.83102482232186e-35,1,1,1,1,1,1,1,1,1,1,1
"101",6.09011246930515e-29,1,1,1,1,0.671811179738942,1,1,1,1,1,1
"102",0.637257670118984,9.6323930706962e-05,1,0.00776220253118594,1,0.898354033569069,1,1,1,1,1,1
"103",6.72727984287855e-14,1.47059230735233e-10,1,0.0391594823858984,1,0.201541578537798,1,0.929726544216813,0.838644887760675,1,1,1
"104",1.56403138204296e-11,NA,1,1,1,0.666621513098365,1,1,1,1,1,1
"105",6.96457832843964e-22,1,1,1,1,1,1,1,1,1,1,1
"106",5.74714742508678e-31,1,1,0.0479503097850305,1,1,1,1,1,1,1,1
"107",0.0717598026968937,0.000254495070262425,1,0.000394204248159623,1,1,1,1,0.0219158161264687,1,0.306266373194901,1
"108",8.96088750597373e-07,1,1,1,1,0.389513804345695,1,1,1,1,1,1
"109",6.93245288752561e-25,1,1,1,1,1,1,1,1,1,1,1
"110",2.24977022332977e-06,1.20901219430248e-07,1,0.00310556029647703,1,1,1,0.69768776043514,0.311143449512526,1,0.0423559158947916,1
"111",0.000531784389404244,1,1,1,1,1,1,1,1,1,1,1
"112",1.14197976892996e-15,6.99066545900243e-09,1,0.00539564727399152,1,0.376979308510893,1,1,0.804880726835816,1,0.00125164003072753,1
"113",0.00645443562608989,1,1,0.06589959155227,1,1,1,1,1,1,1,1
"114",9.6589361254114e-23,4.88252883445022e-06,1,1,1,0.978961003998021,1,1,0.000477506701987774,1,0.668601307995958,1
"115",0.324427089093454,1,1,1,1,1,1,1,1,1,1,1
"116",0.00873428170554169,1,1,1,1,1,1,1,1,1,1,1
"117",1.56793687828015e-25,1.03902578097199e-09,1,0.000394204248159623,1,0.0229313693440763,1,0.0749869742851499,0.0223653248496851,1,1,1
"118",2.01291354832623e-06,1,1,0.00706034497761546,1,1,1,1,0.00917755908181368,1,1,1
"119",1,2.39153577521992e-06,1,0.000570338061167115,0.162369360346141,1,1,1,0.145780528743058,0.83534880676581,0.0882298399602819,1
"120",2.07175410674487e-07,7.34170197851447e-07,0.000268862922163366,0.000570338061167115,1,0.116604862711484,1,1,1,1,1,1
"121",6.43445690509932e-17,3.27676666157001e-06,1,0.0088190293072674,1,1,1,0.987406443351097,0.0602391412265337,1,1,1
"122",1.60965749762029e-18,2.94961845874544e-09,1,0.00706034497761546,1,1,1,0.951314428423882,1,1,1,1
"123",2.7003248169831e-06,6.37313031736677e-06,1,0.000570338061167115,1,0.0178319459514775,1,1,1,1,1,1
"124",0.0703605898800841,1,1,0.0866574529904726,1,1,1,1,0.0372732422595538,1,1,1
"125",3.9839332569836e-13,1,1,1,1,1,1,1,1,1,1,1
"126",0.113519377795125,9.26739780528100e-12,1,0.00705418128285642,1,1,1,1,0.0883201155379674,1,0.376122481792277,1
"127",0.256333801447528,1,1,0.00539564727399152,1,1,1,1,1,1,1,1
"128",1.21177985085394e-06,4.99428582513277e-09,0.0394084650813704,0.000394204248159623,9.58274483052092e-06,0.48862867378953,1,0.658405188647091,0.108996198040602,1,1,0.232259085644467
"129",0.254850830596642,1,1,1,1,1,1,1,1,1,1,1
"130",0.000261265001797268,1,1,1,1,1,1,1,1,1,1,1
"131",0.778987725757091,1,1,1,1,1,1,0.243534830960278,1,1,1,1
"132",1,1,1,1,1,1,1,1,1,1,1,1
"133",4.35043538620539e-11,0.0330353389432631,1,0.0134778591893001,1,1,1,1,0.566928766721313,1,1,1
"134",0.00109721172823612,1,1,1,1,1,1,1,1,1,1,1
"135",9.06926183862573e-09,1,1,0.0356644274164813,1,1,1,0.421785660078407,0.776511799032236,1,1,1
"136",1,1,1,1,1,1,1,1,1,1,1,1
"137",0.000801841116499641,1,1,1,1,1,1,1,1,1,1,1
"138",6.57775525839896e-08,1,1,1,1,1,1,1,0.495057818020683,1,1,1
"139",1,1,1,1,1,1,1,0.542613222869682,1,1,1,1
"140",0.00394316913996752,0.00667382886857298,1,1,1,1,1,0.686725309467971,1,1,1,1
"141",0.451430312715909,1,1,1,1,1,1,0.707746953174295,1,1,1,1
"142",0.250529419741758,1,1,1,1,1,1,1,1,1,1,1
"143",0.00161818324112244,1,1,1,1,1,1,1,0.551098037426325,1,1,1
"144",0.695090387977478,1,1,1,1,0.183399639800232,1,1,0.0148989639323288,1,0.565638450066443,1
"145",3.47457077491337e-30,0.145762262821185,1,0.0054652783142907,1,0.171426685442704,1,0.562750740372554,1,1,1,1
"146",3.74145318187771e-06,1,1,0.0312289290135714,1,1,1,1,1,1,1,1
"147",3.01529640831489e-17,1,1,0.0866574529904726,1,1,1,1,1,1,1,1
"148",4.83822791281606e-30,1,1,0.0106925553423536,1,1,1,1,1,1,0.0373371328382394,1
"149",0.156129490526581,1,1,1,1,0.488713895673805,1,1,1,1,1,1
"150",2.51256849693501e-14,1,1,1,1,0.116604862711484,1,1,1,1,1,1
"151",1.67870146376986e-36,1.62727119034177e-12,1,0.0286303734579597,1,1,1,1,0.0732536638346212,1,0.0669815618160498,1
"152",2.61924992791193e-11,0.000266022944835869,0.45976521478256,0.00862359990935238,0.000314774505975178,1,1,0.978052575822014,0.21651677224986,1,0.101946987220306,0.503740426089388
"153",0.196888530375062,1,1,1,1,0.333129382761232,1,0.22488137341683,1,0.576634574669785,1,1
"154",3.87152138565645e-11,1,1,1,1,1,1,1,1,1,1,1
"155",0.0402962895284879,1,1,1,1,1,1,1,1,1,1,1
"156",1.75142170860684e-13,1,1,1,1,1,1,1,1,1,1,1
"157",0.000408117091300527,1,1,1,1,1,1,1,1,1,1,1
"158",0.00207066829550807,1,1,1,1,1,1,1,1,1,1,1
"159",1,1.76242975168166e-08,1,0.000394204248159623,1,1,1,1,1,1,1,1
"160",2.4818758052547e-22,0.00543789773448271,0.00542291265425352,0.00310556029647703,0.000600203906070264,0.781273713498778,0.108723559234208,1,1,0.341544933758631,1,0.052573594126966
"161",3.1651894485123e-23,3.06876128596228e-13,0.000149160293093247,0.000394204248159623,0.0369423807601565,1,1,0.129812812837961,0.0808119412889626,0.431884114748565,1,0.995165173532888
"162",1.26546249096964e-07,1,1,1,1,1,1,0.17906747498499,1,1,1,1
"163",1.47047049696619e-10,1,1,0.0245294779038131,1,1,1,1,1,1,1,1
"164",0.000264213475608167,3.27676666157001e-06,1,0.721921931176979,1,1,1,1,1,1,1,1
"165",2.43219116761725e-08,1,1,1,1,1,1,1,1,1,1,1
"166",0.0435682282719717,1,1,1,1,1,1,1,1,1,1,1
"167",1,1,1,1,1,1,1,1,1,1,1,1
"168",0.0423061303268118,1,1,0.818623453707781,1,1,1,0.168085261573179,0.597689586274417,1,0.00125164003072753,1
"169",0.000376769015169047,1,0.0394084650813704,0.402320217974674,1,1,1,1,1,1,1,1
"170",2.17010867371916e-22,4.52760076511928e-09,1,0.00539564727399152,0.000153710380443753,0.0893859206658974,1,1,0.00413622509288454,1,1,0.0949460919617785
"171",0.584305688600554,1,1,1,1,1,1,1,1,1,1,1
"172",0.264118242359124,1.05677688195355e-10,1,0.0162986423097108,1,0.0306304987799607,1,1,0.0439291359869179,1,1,1
"173",2.09211392637856e-13,1,1,1,1,1,1,1,1,1,1,1
"174",0.155446767655079,0.303183197554277,1,1,1,1,1,1,0.179170300862024,1,1,1
"175",0.000814522353107587,1,1,1,1,1,1,1,1,1,1,1
"176",6.40761633028765e-05,3.39149331744821e-11,1,0.000394204248159623,1,0.0117500258190047,1,0.0749869742851499,0.00120792995820328,1,0.79784293879971,1
"177",2.72648246379821e-07,1,1,0.0286303734579597,1,1,1,0.129812812837961,0.0987362569018475,1,1,1
"178",7.28980993694002e-07,1,1,0.00986764640626842,1,1,1,1,0.475885277927681,1,1,1
"179",0.00183918802685477,1,1,0.0187394581003411,1,0.692069951536095,1,0.962009070606132,0.786689930249321,1,1,1
"180",0.0108783589211882,1.08811433277215e-09,0.244265054341912,0.000957353174101942,1,0.0117500258190047,1,0.978052575822014,1,0.232021459642943,1,1
"181",5.55612990599433e-07,1,1,0.214610990734936,1,1,1,1,0.956781813666823,1,0.074071304501467,1
"182",0.610281485118164,1,1,1,1,1,1,1,1,1,1,1
"183",0.00695225739774317,5.07877279149666e-14,1,0.000394204248159623,1,1,1,0.0852286888554046,0.00120792995820328,1,0.0555061979289076,1
"184",1.91622909901924e-05,1,1,1,1,1,1,1,1,1,1,1
"185",0.0027755721729552,1,1,0.0391594823858984,1,1,1,1,1,1,1,1
"186",0.00243703486021711,8.33397067557406e-09,1,0.0414632960921393,1,0.898354033569069,1,0.3239817179315,1,0.481029160942598,0.0448338781862041,1
"187",7.90766368353405e-14,4.33888747598595e-08,1,0.0928922685901339,1,1,1,1,1,1,1,1
"188",3.12489469310608e-05,1.00744305385263e-09,1,0.000570338061167115,1,1,1,0.562750740372554,0.0219158161264687,1,1,1
"189",7.6158656094054e-07,1,1,1,1,1,1,1,1,1,1,1
"190",4.64485289170309e-17,1,1,1,1,1,1,1,1,1,0.0187595491283106,1
"191",4.0159086120914e-07,3.55064888563599e-07,1,0.48317392056652,1,1,1,1,0.272588899564502,1,1,1
"192",1,1,1,1,1,1,1,1,1,1,1,1
"193",1.52101785542261e-30,1,1,1,1,1,1,1,1,1,1,1
"194",3.04185787946658e-24,0.000871941961317023,1,1,0.333401739063409,0.646034417449972,1,0.0720679568344216,1,1,0.139208058139542,1
"195",2.9618134707697e-08,0.00388265115697297,0.0689241152216649,0.943915521996572,0.0813738819306553,1,1,1,0.00137244662823445,0.743553463560725,0.883002506723469,1
"196",0.610281485118164,1,1,1,1,1,1,1,1,1,1,1
"197",0.256333801447528,1,1,1,1,1,1,1,1,1,1,1
"198",6.35467478081161e-12,1,1,1,1,0.677058266800314,1,1,1,1,1,1
"199",5.32937739916785e-08,0.00292380534450229,0.000268862922163366,0.000570338061167115,1,1,1,1,1,1,0.0383199341626741,1
"200",6.96254019216157e-26,1,1,0.136472994242878,1,0.376979308510893,1,1,0.259731071408053,1,0.000129877962516491,1
"201",1,8.11791297947348e-11,1,0.00135971900089841,0.00203187424922115,1,1,0.438952856417727,0.751088267287633,0.156512995387676,0.393166788376104,1
"202",1.46724532980446e-22,0.0378053463384259,1,0.0353476617546655,1,1,1,0.404412760122298,0.0267623329543857,1,0.522392684857079,1
"203",6.8939241407377e-07,1,1,NA,1,0.319592730596903,1,1,1,1,1,1
"204",0.00784873520328373,1.42418310254517e-07,1,0.428622658896923,1,0.266210572733387,1,1,0.554098415103217,1,0.441968747385748,1
"205",3.73879275649115e-13,0.00203397013311438,1,1,1,0.376979308510893,0.00635956741807817,0.407580232715275,0.0571246843758103,0.56761269751218,1,1
"206",0.0746498850634383,7.92841103074687e-12,1,0.00539564727399152,1,0.0277507215986819,1,1,1,1,0.818214909611686,1
"207",1.57644831130247e-20,4.97133032987984e-08,1,0.000394204248159623,1,0.319592730596903,1,0.435411712634406,1,1,0.487664581510746,1
"208",3.31427174975405e-10,1,1,0.287933646152343,1,0.464140962196119,1,0.811285453005218,0.00325622017241573,1,1,1
"209",2.61196063413005e-07,1,1,1,1,1,1,1,1,1,1,1
"210",0.000119152085168488,1.0795734709808e-11,1,0.000394204248159623,1,0.0178319459514775,1,0.166730845267788,0.0457467168134276,1,0.499919019955895,1
"211",1.56793687828015e-25,1.35040207948847e-12,1,0.00705418128285642,1,1,1,0.281143489278997,0.00157139889529486,1,0.00125164003072753,1
"212",0.716819741842567,2.84233363951275e-13,1,0.00214447110998835,1,0.376979308510893,1,1,0.023779068654872,1,0.00125164003072753,1
"213",0.130188431281039,1,1,0.16298841669289,1,1,1,1,1,1,1,1
"214",3.97629362954009e-32,5.63526602344445e-14,1,0.33067047756454,1,1,1,1,0.331847469464649,0.83534880676581,1,1
"215",0.779086045783988,1,1,1,1,0.671811179738942,1,1,0.495057818020683,1,1,1
"216",2.50480308530216e-20,9.44714585465758e-13,1,0.0133141832159873,1,1,1,0.887492042382539,0.0143621091827583,1,0.00252985462764589,1
"217",1.26210900550176e-25,7.33884980049512e-11,1,0.00862359990935238,1,0.898354033569069,1,1,0.0105647547023409,1,0.0373371328382394,1
"218",0.848763460614679,6.0029561065402e-12,1,0.00705418128285642,1,1,1,1,0.0392921885222157,1,0.368851246794941,1
"219",4.56742912818082e-13,1,1,0.000957353174101942,1,1,1,1,1,1,1,1
"220",2.62008711859949e-21,7.67247365115298e-07,1,0.00705418128285642,1,1,1,1,0.037934486373793,1,0.220705101822106,1
"221",1,1,1,1,1,1,1,1,1,1,1,1
"222",8.16545192306258e-12,2.59865417315666e-11,1,0.0054652783142907,1,1,1,1,0.00941066768103948,1,0.276024028668091,1
"223",1.85508189940809e-34,1.01071520481061e-10,1,0.0414632960921393,1,1,1,0.0852286888554046,0.00137244662823445,1,0.00125164003072753,1
"224",NA,1,1,1,1,1,1,1,1,1,1,1
"225",7.2189640590486e-28,1,1,0.00310556029647703,1,0.376979308510893,1,1,0.0883201155379674,1,0.185336815014205,1
"226",1.44341361037974e-24,1,1,1,1,1,1,1,1,1,1,1
"227",1,1,1,0.0145342204822409,1,0.525566079274519,1,1,1,1,1,1
"228",0.449354952506599,3.42788589015356e-09,1,0.000394204248159623,1,0.041040430973037,1,1,0.515193624896848,1,0.0516790280902292,1
"229",6.25333663652282e-16,2.19435204736244e-10,1,0.000394204248159623,1,1,1,0.707746953174295,0.765514436197903,1,1,1
"230",1.59625755575265e-34,0.000142951132785894,1,0.00539564727399152,1,0.525566079274519,1,0.230968260765201,0.369372255963979,1,1,1
"231",3.05319833083022e-23,8.77432668040874e-07,1,0.0928922685901339,1,1,1,1,0.0602391412265337,1,0.565638450066443,1
"232",1.48486146624959e-30,1,1,1,1,1,1,1,1,1,1,1
"233",2.38818880934735e-36,8.16855005560577e-12,1,0.0274713967500324,0.0894507557685121,1,1,1,0.293497920228808,1,0.203533239771806,1
"234",0.100063523250303,1.45918557967538e-10,1,0.0262714311315552,1,0.0117500258190047,1,1,0.83651875804916,1,0.883002506723469,1
"235",1.64813260515863e-29,2.24791613080892e-08,1,0.000394204248159623,0.0479629251800469,0.319592730596903,1,0.129812812837961,0.198430715091939,0.761219023822518,1,1
"236",1,1,1,1,1,1,1,1,1,1,1,1
"237",0.302806532420999,0.258286910868569,1,1,1,1,1,0.407580232715275,1,1,1,1
"238",1.34952650524518e-26,1.60388251050579e-07,1,0.00539564727399152,0.0731740744020241,0.294043463934874,1,0.658405188647091,0.384096322263303,1,1,0.220902791763574
"239",6.34540069465406e-08,1,1,1,0.028548960355896,1,1,1,1,1,1,1
"240",4.0279916749394e-26,1.04394859100776e-06,1,0.0054652783142907,1,1,1,0.562750740372554,0.6518035330638,1,0.682029873740153,1
"241",1.08557213975619e-07,1,1,1,1,1,1,1,1,1,1,1
"242",2.51150430445747e-11,0.00145676908840802,1,0.0266741500372756,1,1,1,1,1,1,1,1
"243",0.278480793072685,1.74994570384195e-10,1,0.00705418128285642,1,1,1,0.833334118049945,1,1,0.62571720870132,1
"244",9.01392052348431e-09,1,1,0.0275864420878985,1,0.677058266800314,1,1,1,1,1,1
"245",0.899782503298051,1,1,0.0088190293072674,1,1,1,1,1,1,1,1
"246",1.31402823490698e-23,1,1,0.15298026327038,1,1,1,1,1,1,1,1
"247",0.101622777179559,1,1,1,1,0.666621513098365,1,1,0.0511294295787938,1,1,1
"248",3.18169448284679e-23,7.24261231357305e-05,1,0.00705418128285642,0.00135858676539732,1,1,1,1,1,0.185327344108439,0.402207430464536
"249",4.83822791281606e-30,0.0284720687948911,1,0.0103735117906115,1,1,1,1,0.630185248511683,1,0.479898892754166,1
"250",7.65659556872022e-37,1,1,1,0.514582913197449,1,1,1,1,1,1,1
"251",9.12637908828587e-38,2.46714249960155e-11,1,0.0286303734579597,1,1,1,1,0.0502418469595289,1,0.447988507318503,1
"252",2.36381741794757e-23,6.55684982120849e-05,1,1,1,1,1,1,1,1,1,1
"253",9.1937062143741e-20,2.13511342176659e-13,1,0.000394204248159623,6.38849655368061e-06,1,1,0.407580232715275,0.552508708732324,0.138505472677729,1,0.052573594126966
"254",2.04622282418102e-16,1,1,0.000394204248159623,1,1,1,1,1,1,0.22061940235685,1
"255",1.32509788096947e-12,0.205760796960891,1,1,1,0.898354033569069,0.0254644880139613,0.791953614794142,0.291466209571986,1,0.050488204410673,1
"256",1,1,1,0.679899240296451,1,1,1,1,1,1,1,1
"257",1.45169796937471e-13,1,1,1,1,1,1,1,1,1,1,1
"258",5.20700853267693e-10,0.644364948572589,1,0.0127929557495149,1,1,0.746820000327889,1,0.00784080930534301,1,0.021298422821883,1
"259",4.77025349564993e-18,0.00010445098096039,1,0.00789237784725601,0.400553622004218,1,1,1,0.0566026875158756,1,0.39174064524625,1
"260",0.00714157739811859,4.24835412064584e-05,1,0.268058888748544,1,1,1,0.398805401413843,1,1,1,1
"261",0.709006861523592,6.5827494481802e-08,1,0.0286303734579597,1,1,1,0.0852286888554046,0.00306234603930613,0.761219023822518,1,1
"262",0.000795833670220585,1.64841560825315e-05,1,0.00539564727399152,1,0.376979308510893,1,0.658405188647091,0.0155954123918257,1,0.0373371328382394,1
"263",0.0207368602646583,1.64841560825315e-05,1,0.000957353174101942,0.688652008390721,0.781273713498778,0.0874279224227211,0.149011791777322,0.00652906858780677,0.156512995387676,0.0796613579781843,1
"264",1.14197976892996e-15,1,1,0.112340089715094,1,0.0715521884411659,1,1,1,1,0.0921194581018137,1
"265",1.54115952377073e-08,0.51195981000263,1,0.000957353174101942,1,1,0.0874279224227211,0.127980582068677,0.00146798520756418,1,1,1
"266",0.00710728754334154,1.35040207948847e-12,1,0.000394204248159623,3.56691057580501e-05,0.376979308510893,1,0.528924082407248,0.487063305940136,0.220354027898785,0.866094400385191,0.0028341560176262
"267",0.0248034990797019,1,1,1,1,1,1,1,0.525662563823634,1,1,1
"268",5.44635701980175e-13,1,1,1,1,0.781273713498778,1,1,1,1,1,1
"269",0.00261657205045886,1,1,0.131008389275681,1,1,1,1,1,1,1,1
"270",1.59621045703816e-25,1.32244910347339e-06,1,0.381226081669953,1,1,1,0.460076705879869,1,1,1,1
"271",0.00045637518239198,1,1,0.00950499531643065,1,1,1,0.722936670472063,0.919271741623274,1,0.00125164003072753,1
"272",1,8.6739265576507e-06,1,0.00705418128285642,1,0.666621513098365,1,0.821552852639063,1,1,0.565638450066443,1
"273",0.821118426271958,1,1,1,1,1,1,1,1,1,1,1
"274",0.00823397144904351,1,1,1,1,1,1,1,1,1,1,1
"275",3.37457427044356e-09,1,1,0.112340089715094,1,1,1,1,1,1,1,1
"276",1.62431086279055e-13,3.53610681280695e-13,1,0.491498158096197,1,0.646034417449972,1,0.129812812837961,1,1,1,1
"277",1.09574695878996e-27,1,1,1,1,1,1,1,1,1,1,1
"278",1,1,1,1,1,1,1,1,1,1,1,1
"279",3.68033301818006e-05,1,1,1,1,1,1,1,1,1,1,1
"280",3.05319833083022e-23,3.63324012243914e-06,1,0.024280339359284,1,1,1,0.175112238741089,0.615463601015245,1,1,1
"281",8.23129366037805e-12,1,1,1,1,1,0.0606499527818498,0.243200315697133,0.0148989639323288,1,1,1
"282",0.01397803095032,2.17638269077353e-13,1,0.000394204248159623,1,0.671811179738942,0.571020955974163,1,0.841083380916919,1,0.525553277104571,0.340468684860411
"283",5.66554016468192e-15,1.35040207948847e-12,1,0.000394204248159623,1,1,1,0.421785660078407,0.0365393247645383,1,0.0123044553948054,1
"284",9.72260249051e-10,1,1,0.00950499531643065,1,1,1,1,0.408447263175001,1,1,1
"285",6.03742357298062e-18,1,1,1,1,1,1,1,1,1,1,1
"286",0.00015064314903179,0.2352408919107,1,0.0479503097850305,1,0.646034417449972,1,1,0.179965033393461,1,1,1
"287",8.64297370908434e-06,1.84149838872857e-09,1,0.00135971900089841,1,0.041040430973037,1,0.0852286888554046,0.00784080930534301,1,1,1
"288",4.2286678691104e-34,0.0312923699777761,1,0.0812628973548514,1,1,1,1,0.751088267287633,1,0.682029873740153,1
"289",1.88937183408141e-07,0.00967088290627203,1,0.582505890387664,1,NA,1,1,1,1,0.455532852167327,1
"290",2.75387401298721e-26,0.227916900245452,1,0.0286303734579597,0.00135858676539732,1,1,1,0.0808119412889626,0.481029160942598,0.560624319129042,0.0949460919617785
"291",6.13296210246929e-15,1,1,0.620211828387721,1,1,1,1,1,1,1,1
"292",0.00399713439885827,1,1,1,1,1,1,1,1,1,1,1
"293",2.26162055503618e-05,1,1,1,1,1,1,1,1,1,1,1
"294",0.00155826921949741,1,1,1,1,1,1,1,1,1,1,1
"295",0.00177802570211663,1,1,1,1,1,1,1,1,1,1,1
"296",0.118187908067873,0.000983167225381528,0.00201507807505793,1,1,1,1,1,1,0.138505472677729,1,1
"297",1.00310434651235e-06,1,1,1,1,1,1,1,1,1,1,1
"298",2.9213809792678e-06,1,1,1,1,1,1,1,1,1,1,1
"299",NA,1,1,1,1,1,1,1,1,1,1,1
"300",0.610281485118164,1,1,1,1,1,1,1,1,1,1,1
"301",0.0277865562179326,1,1,0.00539564727399152,0.000153710380443753,0.183399639800232,1,1,0.0223653248496851,1,1,1
"302",1.86190575484983e-25,2.55670259751487e-12,1,0.000394204248159623,0.000199105657799574,1,1,0.784647493976317,0.495057818020683,0.398887932919778,0.522392684857079,0.129992527231927
"303",0.00141392332129876,1,1,1,1,1,1,1,1,1,1,1
"304",6.11362201151839e-33,1,1,1,1,1,1,1,1,1,1,1
"305",1,1,1,1,1,0.0772698556732983,1,1,1,NA,0.0607101764444106,1
"306",6.8808738205195e-10,1.45453334421278e-06,1,0.000394204248159623,1,1,1,0.387842850448061,0.0378802863945861,1,0.0516790280902292,1
"307",4.86555985346166e-22,1.19672770952488e-09,1,0.00135971900089841,1,1,0.366984413234152,1,0.238093179986545,1,0.364236889073126,1
"308",8.08632080317225e-10,1,1,0.00539564727399152,1,1,1,1,1,1,1,1
"309",1.04894824846108e-17,5.04712148447768e-09,1,0.0088190293072674,1,0.898354033569069,1,0.786078656293161,1,1,1,1
"310",4.85973762501567e-15,0.136578740035272,1,0.144109344736304,1,0.364861676458853,1,1,1,1,0.441968747385748,1
"311",8.69273812753972e-23,1.29102006569371e-05,1,0.000957353174101942,0.000314774505975178,0.671811179738942,1,1,1,1,1,0.052573594126966
"312",0.0755856990790967,1,1,0.00880599378025112,1,1,1,1,1,1,1,1
"313",0.0456934105786151,1,1,1,1,1,1,1,1,1,1,1
"314",0.78814850752329,1,1,0.0479503097850305,1,1,1,1,0.0365393247645383,1,1,1
"315",1.23054088243749e-05,1,1,1,1,1,1,1,1,1,1,1
"316",0.00675527363189709,1,1,1,1,1,1,1,1,1,1,1
"317",0.101145180351572,1,1,1,1,1,1,1,1,1,1,1
"318",0.00394316913996752,1,1,1,1,1,1,1,0.121969623193341,1,1,1
"319",0.402844886655953,1,1,1,1,1,1,1,0.108996198040602,1,1,1
"320",0.143534628567322,1,1,0.00539564727399152,1,1,1,1,0.673699570961543,1,1,1
"321",0.00889523779779209,1,1,1,1,1,1,1,1,1,1,1
"322",8.46368137714788e-06,1,1,1,1,1,1,1,0.193941611169521,1,1,1
"323",0.848613883263998,1,1,1,1,1,1,1,1,1,1,1
"324",9.3929056958956e-29,0.042339378801261,1,0.268978711440889,1,0.113196727103476,1,0.387109491757074,0.00941066768103948,1,1,1
"325",1.4038006345787e-32,1.62727119034177e-12,0.0467250117348705,0.00310556029647703,1,0.183399639800232,0.00635956741807817,1,0.0268484467765746,0.220354027898785,1,1
"326",2.33155497913439e-08,2.17638269077353e-13,1,0.00135971900089841,0.000314774505975178,0.0369872775169231,1,1,0.0105647547023409,1,0.777958761081079,0.340468684860411
"327",5.54340118550353e-07,0.00604720402583589,1,0.00310556029647703,1,1,1,0.129812812837961,0.00532424776168752,1,1,1
"328",2.75010769315065e-18,0.108231848663269,1,1,1,0.2317184057787,1,1,1,1,1,1
"329",3.00997266514659e-21,4.0285610327977e-11,1,0.000570338061167115,0.000153710380443753,1,1,0.303636042419579,0.823327384315788,0.323224049932124,1,0.29589376089578
"330",1.1223367947473e-05,1,1,0.0262714311315552,1,1,1,1,1,1,1,1
"331",0.15336664238501,1,1,1,1,1,1,1,1,1,1,1
"332",0.00431391637473113,1,1,1,1,1,1,1,1,1,1,1
"333",2.63078279327327e-05,1,1,0.00539564727399152,1,1,1,1,0.542470325290546,1,1,1
"334",0.000560049242452349,1,1,0.00840523282971157,1,1,1,1,1,1,1,1
"335",1.4851212678805e-10,1,1,1,1,1,1,1,1,1,1,1
"336",8.45777518155905e-08,1,1,1,1,1,1,0.407580232715275,0.754887732291934,1,1,1
"337",0.00483601370001843,1,1,1,1,1,1,1,0.0291447399165893,1,1,1
"338",0.0150905311217843,1,1,1,1,1,1,1,0.123102434484163,1,1,1
"339",5.89111704250987e-09,1,1,0.0479503097850305,1,1,1,1,0.168907205734675,1,1,1
"340",0.741133824005944,1,1,1,1,1,1,1,1,1,1,1
"341",0.0381850433789538,1,1,1,1,1,1,1,1,1,1,1
"342",1,1,1,0.749852857072685,1,1,1,1,0.322939278109019,1,1,1
"343",9.31928296625108e-08,7.88047460582639e-08,1,1,1,0.898354033569069,1,0.129812812837961,0.00120792995820328,0.66810167697146,0.0531243411635607,1
"344",1.0298068622372e-07,6.58587664336544e-07,1,1,1,1,1,0.0749869742851499,0.000874419424680316,1,1,1
"345",NA,1,1,1,1,1,1,1,1,1,1,1
"346",3.48936258227066e-06,1,1,1,1,1,1,1,1,1,1,1
"347",2.03648835124838e-13,1.71912880987564e-09,1,0.00135971900089841,0.000763405108930488,1,1,0.0749869742851499,0.0295278595137109,1,1,0.802126754821091
"348",0.000385345187858814,1,1,1,1,1,1,1,1,1,1,1
"349",0.0510807742102922,1,1,1,1,1,1,1,1,1,1,1
"350",0.0960425318744975,1,1,1,1,1,1,1,1,1,1,1
"351",3.39387026207349e-16,1,1,1,1,1,1,1,1,1,1,1
"352",5.21847348621455e-21,1.35040207948847e-12,1,0.000394204248159623,0.0140249306060361,0.0254949788399782,1,0.195119153208224,0.279712440854734,0.156512995387676,0.565638450066443,1
"353",2.98671633552651e-33,1,1,0.0134778591893001,1,1,1,1,1,1,1,1
"354",5.88150881446168e-14,1,1,1,1,0.333129382761232,1,1,1,1,1,1
"355",6.43238773290495e-18,0.175116394603315,1,0.0262714311315552,1,0.201541578537798,1,1,1,1,1,1
"356",1.87732317479542e-40,2.47143993125297e-06,1,0.00214447110998835,1,1,1,1,1,1,0.0373371328382394,1
"357",1.41313993819039e-35,1.52445531369726e-06,1,0.00135971900089841,1,0.182998144385155,1,1,0.817792061747693,1,0.560624319129042,1
"358",2.61128095292669e-39,3.25335800993598e-06,1,0.00135971900089841,1,1,1,0.556171861974189,0.00137244662823445,1,1,1
"359",6.87763031037582e-05,6.73264088788733e-08,1,1,1,1,1,0.243200315697133,0.00610152787368885,1,0.345457600564551,1
"360",6.58881635740604e-33,3.28182048102722e-10,1,0.00950499531643065,1,1,1,0.744263894865195,0.420554082085518,1,0.00862340316236365,1
"361",0.00189794617761161,3.2359179262012e-08,1,1,1,1,1,0.0852286888554046,0.000732675195346024,0.805629870232905,0.283658460648315,1
"362",0.0722025040215355,1,1,1,1,1,1,1,1,1,1,1
"363",5.26952733252661e-25,4.80238139960883e-07,0.00201507807505793,0.000394204248159623,0.000199105657799574,1,0.00635956741807817,1,1,0.761219023822518,1,0.220902791763574
"364",7.59915435115662e-08,1,1,1,1,1,1,1,1,1,1,1
"365",0.000966600593821793,1,1,1,1,1,1,1,1,1,1,1
"366",0.390319846541434,1,1,1,1,1,1,1,1,1,1,1
"367",0.000473771371743078,1,1,1,1,1,1,1,1,1,1,1
"368",5.92270148640767e-05,1,1,1,1,1,1,1,1,1,1,1
"369",0.000285861506290196,1,1,1,1,1,1,1,0.0495182674572386,1,1,1
"370",1,1,1,1,1,1,1,1,1,1,1,1
"371",5.76168854416475e-30,1,1,0.00706034497761546,1,0.292375525753993,1,1,1,1,1,1
"372",9.19520349690364e-08,1.89771374954006e-05,1,0.000570338061167115,1,0.376979308510893,1,0.0852286888554046,1,1,1,1
"373",1,1,1,1,1,NA,1,1,1,1,1,1
"374",0.187209843534148,1,1,1,1,NA,1,1,1,1,1,1
"375",7.20985387726835e-26,3.45741049330117e-09,1,0.000957353174101942,1,0.898354033569069,1,0.547985567438952,0.0392921885222157,1,0.00116758021674939,1
"376",0.160377300519555,3.22475810820193e-07,1,0.0414632960921393,1,0.72217461474791,1,0.0749869742851499,0.0223653248496851,0.220354027898785,1,1
"377",4.52555968889187e-12,2.22251699816648e-09,1,0.364050399261667,1,0.978961003998021,1,0.0852286888554046,0.00443031483574635,1,1,1
"378",9.331574158831e-09,1,1,1,1,0.376979308510893,1,1,1,1,1,1
"379",1.91634814022672e-12,1,1,1,1,1,1,1,1,1,1,1
"380",1.33956400185434e-35,2.95398225057482e-13,1,0.000394204248159623,1,0.72217461474791,1,0.859711921931039,1,1,0.920434137474606,1
"381",1.01753324297928e-37,4.90518757099617e-10,1,0.0812628973548514,1,1,1,0.421785660078407,1,1,0.56747290380982,1
"382",6.64732955672193e-40,1,1,1,1,0.488713895673805,1,1,1,1,1,1
"383",0.991774984706674,1,1,1,1,1,1,1,1,1,1,1
"384",2.60635385159656e-34,1,1,1,1,0.978961003998021,1,1,1,1,1,1
"385",4.15852724306352e-35,1.46054384112325e-12,1,0.000394204248159623,1,1,1,0.120474973159309,0.736886839224186,1,1,1
"386",1.44741394068283e-30,1,1,1,1,1,1,1,1,1,1,1
"387",5.89709002690724e-11,1,1,1,1,1,1,1,1,1,1,1
"388",1.49373238528098e-28,2.51425936995949e-11,1,0.00214447110998835,1,1,0.422523094954348,1,1,1,0.71669710557659,1
"389",1.57979793192579e-06,1,1,1,1,1,1,1,1,1,1,1
"390",4.09285470065285e-05,1,1,1,1,1,1,1,1,1,1,1
"391",5.02270079103335e-41,2.13511342176659e-13,1,0.00539564727399152,1,0.211905119658295,1,0.722936670472063,0.00941066768103948,0.341544933758631,0.767134822399331,1
"392",1.03104966098739e-41,2.38599071374709e-09,1,0.00950499531643065,1,0.183399639800232,1,0.243534830960278,0.0148989639323288,1,1,1
"393",0.366263187921867,5.16686423731634e-06,1,1,1,1,1,0.562750740372554,0.842912949092201,0.156512995387676,0.223822523988581,1
"394",1.01912285349164e-14,4.0285610327977e-11,1,0.000957353174101942,1,1,1,1,0.179965033393461,1,1,1
"395",1.86696224437528e-24,1,1,1,1,1,1,1,1,1,1,1
"396",0.554862852390441,1,1,0.0479503097850305,1,0.172057906155296,1,1,1,1,1,1
"397",0.00882175039199086,1,1,1,1,1,1,1,1,1,1,1
"398",5.60789618085932e-06,1,1,1,1,1,1,1,1,1,1,1
"399",2.45882628870853e-21,1.35040207948847e-12,1,0.000394204248159623,1,1,1,0.47523263449802,1,1,0.611218276041038,1
"400",1.11412269404582e-28,3.77532231813859e-10,1,0.00705418128285642,1,0.116604862711484,1,1,0.432929335309745,1,0.767134822399331,1
"401",1,0.000835045196944537,1,0.360856686647754,1,1,1,1,1,1,1,1
"402",7.83923479315143e-05,1,1,1,1,1,1,1,1,1,1,1
"403",1.23130712496891e-15,3.76883539282009e-10,1,0.000394204248159623,1,0.855068972580521,1,0.129812812837961,0.198430715091939,1,1,1
"404",0.0038662783965171,8.11791297947348e-11,1,0.0196783114861648,1,0.0493906416641643,1,1,1,1,0.147088439211301,1
"405",1,1,1,1,1,NA,1,1,1,1,1,1
"406",0.364595211437039,1,1,1,1,1,1,1,1,1,1,1
"407",0.194822752609662,1,1,1,1,1,1,1,1,1,1,1
"408",NA,1,1,1,1,1,1,1,1,1,1,1
"409",3.7236604726791e-17,1,1,1,1,1,1,1,1,1,1,1
"410",0.012690595318714,9.14018961270815e-11,1,0.000957353174101942,1,0.898354033569069,1,0.802771308350198,1,1,1,1
"411",1.32244271236697e-12,0.000286073516412793,1,0.0592651524176283,1,0.376979308510893,1,0.17906747498499,0.0457467168134276,0.326728039517084,0.386675760945876,1
"412",1,1,1,0.00840523282971157,1,1,1,1,1,1,1,1
"413",4.66143981629046e-06,1,1,1,1,1,1,0.0749869742851499,0.0338465859132325,NA,0.652788439065066,1
"414",1,1,1,1,1,1,1,1,1,1,0.00862340316236365,1
"415",0.329811745310248,NA,1,1,1,1,1,1,1,1,1,1
"416",NA,1,1,1,1,1,1,1,1,1,1,1
"417",5.23353881957632e-09,1,1,1,1,1,1,1,1,1,1,1
"418",1.33565793008318e-12,0.0873608522071318,1,1,1,0.103526309745775,1,0.0749869742851499,0.00446222597148431,1,1,1
"419",3.70466601043868e-06,1.28688168291327e-08,0.0665036865698786,0.33067047756454,1,1,1,0.17906747498499,0.000992961573186437,1,0.365027651558423,1
"420",3.56818411410509e-12,1.42418310254517e-07,1,0.364050399261667,1,1,1,1,1,1,0.522392684857079,1
"421",6.77396763126583e-08,0.0498953811143873,1,0.0196783114861648,0.0813738819306553,1,1,1,0.0850549889257282,1,0.0634512041996602,1
"422",0.584305688600554,3.15195694959639e-07,1,0.402320217974674,0.0458403312613152,1,0.746820000327889,0.0852286888554046,0.00320515475455478,1,1,1
"423",0.0924344839924509,1,1,0.620211828387721,1,1,1,1,1,1,0.168183536979864,1
"424",0.0011122481161508,1.30678041770273e-09,1,1,1,1,1,0.0749869742851499,0.00413622509288454,0.431884114748565,0.787818621507841,1
"425",1.2563397469085e-07,2.44985212889034e-08,1,1,1,1,1,0.127980582068677,0.00497164436787669,1,1,1
"426",0.493580548549506,1,1,0.00214447110998835,1,1,1,1,1,1,0.000877859391954328,1
"427",1.94365830078295e-07,2.72012370327949e-08,1,0.440078435768091,1,0.751318951023339,1,1,1,1,1,1
"428",1.75258977083351e-38,4.19489565340664e-12,1,0.00214447110998835,1,1,1,0.17906747498499,0.0552060258206789,1,1,1
"429",0.610281485118164,1,1,1,1,1,1,1,1,1,1,1
"430",9.65436208838869e-06,0.00534758486887072,1,0.209979462853026,1,1,1,0.47523263449802,0.197664933642651,1,0.307306704111755,1
"431",3.17658677614849e-06,1,1,0.0694853110235281,1,1,1,0.0749869742851499,0.00413622509288454,1,1,1
"432",1,1,1,1,1,1,1,1,1,1,1,1
"433",1.59014075491867e-05,1,1,0.527036955207235,1,0.591454523073853,1,0.0852286888554046,1,1,1,1
"434",1,0.592465404982263,1,1,1,1,1,0.210710814416457,1,1,1,1
"435",5.35154560904646e-08,0.000208791174468684,1,1,1,1,1,0.697259744497175,0.983310425256901,1,0.217569533385904,1
"436",7.1723958403912e-39,0.000308383570552936,1,0.402320217974674,1,1,1,1,0.197664933642651,1,0.192901383177544,1
"437",6.16762658826286e-21,6.87400687421596e-07,1,0.00135971900089841,0.000763405108930488,1,1,1,0.566928766721313,0.522635135572569,1,0.563436398069354
"438",3.96699624178132e-29,1,1,1,1,1,1,1,1,1,1,1
"439",1,1,1,1,1,1,1,1,1,1,1,1
"440",8.27075240043172e-16,1,1,1,1,1,1,1,1,1,1,1
"441",1.25741206041264e-13,1,1,1,1,1,1,1,1,1,1,1
"442",5.22227650545172e-11,1,1,1,1,1,1,1,1,1,1,1
"443",1.1385980325783e-12,1,1,1,1,1,1,1,0.408621047689947,1,1,1
"444",9.21981315924066e-07,1,1,1,1,1,1,1,1,1,1,1
"445",1.10685767140704e-08,1,1,1,1,1,1,1,0.127840487250139,1,1,1
"446",1.16258873618491e-10,1,1,1,1,1,1,1,1,1,1,1
"447",5.80095504164203e-24,1,1,0.0262714311315552,1,1,1,1,1,1,1,1
"448",0.24029211667757,1,1,1,1,1,1,1,1,1,1,1
"449",6.1972041934286e-09,1,1,1,1,1,1,1,1,1,1,1
"450",0.00073523600544864,1,1,1,1,1,1,1,1,1,1,1
"451",4.81843110269768e-07,4.13180616413653e-12,1,0.000394204248159623,1,1,1,0.129812812837961,0.847469026998539,1,0.747719443627375,1
"452",3.17301832579955e-14,1.22067398744762e-06,1,1,1,1,1,1,1,1,1,1
"453",0.00129267878825511,2.95398225057482e-13,1,0.000394204248159623,1,1,1,1,0.804880726835816,1,1,1
"454",0.462947148079913,0.000122779267543144,1,1,1,1,1,1,1,1,1,1
"455",1,1.276125750872e-05,0.00785029484954135,0.239717446660836,1,0.201541578537798,1,1,0.0287978569566352,1,0.364236889073126,1
"456",1,1,1,1,1,1,1,1,1,1,1,1
"457",8.81842475162942e-11,1,1,1,1,1,1,1,1,1,1,1
"458",8.55669748297683e-08,1,1,0.354048706269982,1,1,1,1,1,1,1,1
"459",0.0376202854936124,1,1,1,1,0.552957912324003,1,1,1,1,1,1
"460",1.19627871412763e-29,1,1,0.0694853110235281,1,1,1,0.195119153208224,0.0526419246725047,1,1,1
"461",4.53610619229917e-26,1.2177468337707e-13,1,0.000394204248159623,0.000153710380443753,0.781273713498778,1,0.129812812837961,1,0.368835190248013,0.00431346475369703,0.0592810967020147
"462",4.47457428232705e-19,1,1,1,1,1,1,1,0.750073941097921,1,1,1
"463",1,1,1,1,1,1,1,1,1,1,1,1
"464",0.000448213117042394,3.00322521492856e-05,1,0.000957353174101942,1,0.0893859206658974,1,0.107150537210009,0.630185248511683,1,0.276355001295272,1
"465",0.0816097352516785,1,1,1,1,1,1,1,0.0883201155379674,1,1,1
"466",0.108805940843734,1,1,1,1,1,1,1,0.00320515475455478,1,1,1
"467",8.59953729732741e-39,2.44766092900365e-11,1,0.209979462853026,1,0.229042316288762,1,1,1,1,0.429907393256099,1
"468",2.25793736663379e-17,5.03868857281749e-11,1,0.00706034497761546,0.00406281416157908,1,1,1,0.919271741623274,1,1,1
"469",2.84243395087906e-30,1,1,1,1,1,1,0.387842850448061,1,1,1,1
"470",3.16647260274928e-32,0.310530078857294,1,0.332370011491968,1,0.671811179738942,1,1,1,1,0.0226587843986709,1
"471",3.05920955323501e-12,2.23385509191743e-05,1,0.402320217974674,1,0.0493906416641643,1,1,0.00570040942346776,1,0.245317309237257,1
"472",0.00871149526564547,3.91878916968814e-05,1,0.74307981639626,1,1,1,1,1,1,1,1
"473",0.841852843793961,1,1,0.47153003568524,1,1,1,1,1,1,1,1
"474",2.41736828676521e-05,1,1,1,1,0.671811179738942,1,1,1,1,0.820680575507217,1
"475",1,1,1,1,1,1,1,1,1,1,1,1
"476",0.0497705854230143,0.000715015291441867,1,1,1,0.671811179738942,1,1,1,1,0.00125164003072753,1
"477",0.0550688217022024,1,1,1,1,1,1,NA,1,1,1,1
"478",0.00166265478692675,6.45466608970809e-05,1,0.0187394581003411,1,0.855068972580521,1,1,0.915142754822543,1,0.0231982143145079,1
"479",2.1246872120795e-24,2.54609248586625e-07,1,1,1,1,1,1,1,0.341544933758631,1,1
"480",1,5.04712148447768e-09,1,0.0414632960921393,1,1,1,1,0.38889625893318,1,1,1
"481",3.78713834899881e-09,2.20422849794776e-06,1,0.0179699478894527,1,0.671811179738942,1,1,0.495598497905568,1,1,1
"482",4.81034848164252e-09,1,1,1,1,1,1,1,1,1,1,1
"483",1.1385980325783e-12,3.45741049330117e-09,1,0.000394204248159623,0.00395169248847669,0.898354033569069,1,0.559380760535746,0.919271741623274,0.761219023822518,1,0.0949460919617785
"484",0.735947050906497,9.46146064736288e-07,1,1,0.00324995575972693,1,1,1,1,1,1,0.29589376089578
"485",NA,0.571277282656138,1,1,1,1,1,1,1,1,1,1
"486",6.61592170822553e-18,5.31360046400837e-06,1,1,1,0.853185971558536,1,0.562750740372554,1,0.454870663736819,1,1
"487",7.47426505976555e-28,4.54512152911806e-06,1,0.00135971900089841,1,1,1,0.407580232715275,0.0105647547023409,1,0.824031425553234,1
"488",4.09828156190029e-05,2.58176443376329e-07,1,0.112340089715094,0.468765190911323,1,1,1,1,1,1,0.802126754821091
"489",1.34706226066598e-28,7.26023320458543e-11,0.45976521478256,0.000570338061167115,0.0672726816619816,1,0.0727671643851258,0.802771308350198,0.939174075899177,0.965954892376297,1,0.220902791763574
"490",0.36933146303767,1,1,1,1,1,1,1,1,1,1,1
"491",2.73805257125041e-12,1,1,0.00706034497761546,1,1,1,1,0.297150220666542,1,1,1
"492",1.3025044236762e-09,1,1,0.00539564727399152,1,1,1,1,0.0406471663698106,1,1,1
"493",0.157422306486976,1,1,1,1,1,1,1,1,1,1,1
"494",0.00390987735730815,1,1,0.00776220253118594,1,1,1,1,1,1,1,1
"495",1.05438651730948e-09,8.01464282140203e-05,1,0.183204544148334,1,1,1,1,0.331847469464649,1,0.71669710557659,1
"496",3.5152210964462e-05,1,1,1,1,1,1,1,1,1,1,1
"497",5.72831899532669e-12,0.00020349619612543,0.234819511674814,0.00462720700815939,0.000314774505975178,1,1,1,1,1,1,0.933363688010498
"498",0.000285861506290196,1,0.234819511674814,1,0.153879264969146,0.581292353856317,1,1,1,1,0.283660782242348,NA
"499",4.21384996381106e-07,5.04712148447768e-09,1,0.284640183981376,1,0.448719332601132,1,1,0.118908070332097,1,1,1
"500",6.26263140377375e-10,6.66024525593553e-10,1,0.0107354382644984,1,1,1,1,0.975048125612642,1,0.727942227788254,1
"501",2.19956830903805e-09,1,1,1,1,0.312088148712003,1,0.712728699999849,0.796194673571595,1,1,1
"502",0.0703326019832804,0.00840885246932068,1,0.16298841669289,1,0.284487547090143,1,1,1,1,1,1
"503",3.40691386997571e-10,6.99066545900243e-09,1,0.364050399261667,1,1,1,0.0852286888554046,0.000992961573186437,1,1,1
"504",6.76306508142707e-06,2.27420601736826e-05,1,1,1,1,1,0.0733542117282921,1,1,1,1
"505",0.256333801447528,1.33694256377795e-09,1,0.0162986423097108,1,0.488713895673805,1,1,0.360205721248339,1,0.368851246794941,1
"506",1,1,1,1,1,1,1,1,1,1,1,1
"507",1.09048857857637e-05,0.000130828040555792,1,0.00310556029647703,0.0193141805450149,1,1,0.414623808610154,0.00137244662823445,1,1,1
"508",0.0155636142894737,5.54353597135041e-07,1,0.0145342204822409,1,0.646034417449972,1,0.0852286888554046,0.00222849268973338,1,0.346177364220765,1
"509",5.0686026632607e-07,1,1,1,1,1,1,1,1,1,1,1
"510",1,1.35040207948847e-12,0.000149160293093247,0.0054652783142907,6.38849655368061e-06,0.0117500258190047,0.00281510355366733,0.0749869742851499,0.00137244662823445,0.56761269751218,0.0100166768771852,1
"511",0.81414416533306,1,1,1,1,1,1,1,1,1,1,1
"512",0.0721291149653102,1,1,0.729868172730346,1,1,1,1,1,1,1,1
"513",3.95622023869096e-19,1,1,1,1,1,1,1,0.764436211380465,1,1,1
"514",0.15282451157002,5.51865590326208e-05,1,0.943915521996572,1,0.078811811215677,1,1,1,1,1,1
"515",2.25112166934613e-25,2.73028839333991e-08,0.0219576335392197,0.000394204248159623,1.21381434519932e-05,1,1,1,1,0.398887932919778,1,0.052573594126966
"516",0.125479296199265,1,1,1,1,1,1,1,1,1,1,1
"517",6.22297306033479e-06,1,1,0.0134778591893001,1,1,1,1,0.951072089891661,1,1,1
"518",0.0973692549698258,1,1,1,1,1,1,1,1,1,1,1
"519",3.66266096342449e-13,1,1,0.295801159127137,1,1,1,0.407580232715275,0.331847469464649,1,0.682029873740153,1
"520",0.0453610207662085,1,1,1,1,1,1,1,1,1,1,1
"521",0.00056876696198914,1,1,1,1,1,1,0.0820906184748719,1,1,1,1
"522",0.208613832721166,3.11395596557501e-06,1,0.433373531856607,1,0.0785077533980882,1,0.407580232715275,1,NA,1,1
"523",0.000102076144934118,1.14826370564018e-10,1,1,0.000153710380443753,0.319592730596903,1,1,0.0155816211384865,1,1,0.0949460919617785
"524",2.80148582567555e-22,1,1,1,1,1,1,1,1,1,1,1
"525",0.584305688600554,1,1,1,1,1,1,1,1,1,0.589068489960659,1
"526",2.94005476350499e-12,1,1,1,1,1,1,1,1,1,1,1
"527",3.38395767391189e-31,1.68487710358789e-10,1,0.0928922685901339,0.00209401791979414,1,0.0124296357113127,0.414623808610154,1,0.368835190248013,1,1
"528",1.28613390763105e-10,8.71855029981772e-08,1,0.946615466805581,1,1,1,1,1,1,0.71669710557659,1
"529",0.000627346468148427,1,1,1,1,1,1,1,1,1,1,1
"530",0.00249895565628905,1,1,1,1,1,1,1,1,1,1,1
"531",2.36956849603086e-07,1,1,1,1,1,1,1,1,1,1,1
"532",8.65120355640064e-26,1.37766131333085e-06,1,0.000570338061167115,9.58274483052092e-06,1,0.597409814711707,1,0.359820442295019,0.711710132050941,1,0.360310643124801
"533",5.01722202296608e-11,1,1,1,1,1,1,1,1,1,1,1
"534",1.47047049696619e-10,1,1,1,1,1,1,1,1,1,1,1
"535",5.73325939527818e-06,1,1,1,1,1,1,1,1,1,1,1
"536",3.46754618520182e-05,1,1,1,1,1,1,1,1,1,1,1
"537",2.18243401732897e-12,1,1,1,1,1,1,1,0.999723765345644,1,1,1
"538",1,1,1,1,1,1,1,1,1,1,1,1
"539",1.37196115837419e-10,1,1,1,1,1,1,1,1,1,1,1
"540",0.00672082320724804,1,1,1,1,1,1,1,1,1,1,1
"541",6.69722612100225e-14,1,1,1,1,1,1,1,1,1,1,1
"542",8.4295168129642e-07,1,1,0.909910934043753,1,1,1,0.217730492151435,0.279712440854734,1,1,1
"543",2.89545126280313e-08,2.13511342176659e-13,1,0.000394204248159623,1,0.201541578537798,1,1,0.248724472490739,0.156512995387676,0.0448338781862041,1
"544",1.50493918787874e-07,1.2715983254845e-06,1,0.0694853110235281,1,0.376979308510893,0.0874279224227211,1,0.114072845619421,1,0.0393210132808149,1
"545",3.57902856146166e-11,6.73264088788733e-08,1,0.0286303734579597,1,0.041040430973037,1,1,1,1,0.534270913961199,1
"546",0.0110058980478005,1.35040207948847e-12,1,0.000570338061167115,1,1,1,0.0929284617657666,0.0332536009409201,0.109609061015711,0.840173341208603,1
"547",2.60922021131094e-10,1,1,0.00621735484702911,1,1,1,1,0.673699570961543,1,1,1
"548",5.14586481679078e-14,0.0076962668208614,1,0.00950499531643065,1,0.116604862711484,1,1,0.201874472788503,1,1,1
"549",9.30325664219418e-25,5.92617607115384e-09,1,0.00135971900089841,0.00141118406526958,1,0.00225323361362627,0.969744606745311,1,0.711710132050941,1,0.29589376089578
"550",0.499301445688998,1,1,1,1,1,1,1,1,1,1,1
"551",5.94579332608687e-05,1,1,1,1,1,1,1,1,1,1,1
"552",0.316774704228541,1,1,0.0262714311315552,1,1,1,1,1,1,1,1
"553",1,1,1,1,1,1,1,1,0.0808119412889626,1,1,1
"554",0.0310220043078249,1,1,1,1,1,1,1,1,1,1,1
"555",0.778987725757091,1,1,1,1,1,1,1,1,1,1,1
"556",0.000994704582678158,1,1,0.00950499531643065,1,1,1,1,1,1,1,1
"557",0.00648875608553075,1,1,1,1,1,1,1,1,1,1,1
"558",0.192378096255787,1,1,1,1,1,1,1,1,1,1,1
"559",1.96036784289878e-05,1,1,1,1,1,1,1,0.551098037426325,1,1,1
"560",0.256333801447528,1,1,1,1,1,1,1,1,1,1,1
"561",1.3838555137948e-08,1,1,1,1,1,1,1,0.198430715091939,1,1,1
"562",0.00032877652263972,1,1,0.185002847234723,1,1,1,1,0.0713826407362999,1,1,1
"563",0.0741689437658399,1,1,0.0134778591893001,1,1,1,1,0.737622673334502,1,1,1
"564",1.38016684430346e-05,1,1,1,1,1,1,1,1,1,1,1
"565",0.000166637509360885,1,1,1,1,1,1,1,1,1,1,1
"566",0.463476874962129,1,1,0.0187394581003411,1,1,1,1,0.817316854375355,1,1,1
"567",1.06597629714335e-38,1,1,1,1,0.677058266800314,1,1,1,1,1,1
"568",1,1,1,1,1,1,1,1,1,1,1,1
"569",8.07830178213251e-14,1,1,1,1,1,1,1,1,1,1,1
"570",1.73639174569661e-21,0.00780246700081236,1,0.880154093608716,1,0.078811811215677,0.366984413234152,0.334573698856542,1,0.761219023822518,0.456627029900909,1
"571",3.29610916799635e-18,2.52358769190506e-08,1,0.509093542355308,1,1,0.0153535005990968,1,0.931700738988738,0.286949742916428,0.200793219897573,1
"572",7.90766368353405e-14,0.000998066895394415,1,0.00840523282971157,1,0.525566079274519,1,1,0.606363352508471,1,0.0908244914580296,1
"573",1,1,1,1,1,0.48862867378953,1,1,0.417276185105676,1,1,1
"574",5.269442394871e-06,1,1,1,1,1,1,1,0.308298024604785,1,1,1
"575",3.8945250477291e-11,0.104050965132468,1,0.230246077168518,1,1,1,1,0.0648662669761397,1,0.837386241719163,1
"576",1,3.55426503723547e-13,1,1,1,1,1,1,1,1,1,1
"577",1,0.0984594831704979,1,1,1,1,1,0.195119153208224,1,1,1,1
"578",1,2.6126447897501e-08,1,0.635522948741339,1,0.078811811215677,1,1,1,1,0.315368199336367,1
"579",1,NA,1,0.105282551208172,1,1,1,1,1,1,1,1
"580",1,6.37313031736677e-06,1,1,1,0.749299695786653,1,1,1,1,1,1
"581",1,0.00748643385085205,1,1,1,1,1,1,1,1,1,1
"582",1,NA,1,1,1,1,1,1,1,1,1,1
"583",1,5.63882274761519e-07,1,1,1,0.0117500258190047,1,0.395731529543279,1,1,1,1
"584",1,1,1,1,1,1,1,1,1,1,1,1
"585",1,1,1,1,1,1,1,1,1,1,1,1
"586",1,NA,1,1,1,1,1,1,1,1,0.307306704111755,1
"587",1,0.40645215845397,1,1,1,1,1,1,1,1,1,1
"588",1,NA,1,1,1,1,1,1,1,1,1,1
"589",1,0.225021186315047,1,1,1,1,1,0.662863997732989,1,1,1,1
"590",1,0.571277282656138,1,1,1,1,1,1,1,1,1,1
"591",1,1,1,1,1,1,1,1,1,1,1,1
"592",1,0.14564994235721,1,1,1,0.201541578537798,1,1,1,1,1,1
"593",1,0.249795538603368,1,1,1,1,1,1,1,1,1,1
"594",1,8.22051362108876e-12,1,0.0356644274164813,0.0210451658545111,1,0.132566877903017,1,1,1,1,0.584491972657341
"595",1,1,1,0.06589959155227,1,1,1,1,1,1,0.454183777273201,1
"596",1,NA,1,1,1,1,1,1,1,1,0.00125164003072753,1
"597",1,1,1,0.0597113456179575,1,1,1,1,1,1,1,1
"598",1,1,1,1,1,1,1,1,1,1,1,1
"599",1,NA,1,1,1,1,1,1,1,1,1,1
"600",1,0.0107782132308921,1,1,1,1,1,1,1,1,1,1
"601",1,1,1,1,1,1,1,1,1,1,1,1
"602",1,2.06002694114139e-07,1,0.0181505122574133,1,1,1,0.859711921931039,0.369372255963979,1,1,1
"603",1,1,1,0.00877275841172798,1,1,1,0.539879593417756,0.842912949092201,1,1,1
"604",1,0.330088396957194,1,0.0205179116368335,1,1,1,0.987406443351097,1,1,1,1
"605",1,0.553840033983619,1,1,1,1,1,0.712728699999849,0.588123425967627,1,1,1
"606",1,NA,1,1,1,1,1,1,1,1,0.0226587843986709,1
"607",1,1.28688168291327e-08,1,0.00310556029647703,1,1,1,1,1,1,0.668264405775955,1
"608",1,NA,1,1,1,1,1,1,1,1,1,1
"609",1,1.0253170654438e-05,1,1,1,1,1,1,1,1,0.725957742889149,1
"610",1,0.0452250379979282,1,1,1,1,1,1,1,1,1,1
"611",1,0.0017120712241902,1,1,1,1,1,1,0.551098037426325,1,0.525553277104571,1
"612",1,0.000500110431280492,1,1,1,1,1,1,0.597689586274417,1,1,1
"613",1,0.280406674359274,1,0.884104753399961,1,1,1,1,1,1,1,1
"614",1,3.20233639246903e-07,1,1,1,1,1,1,1,1,1,1
"615",1,0.208028777221176,1,0.607146111224827,1,1,1,0.79049757709334,0.322939278109019,1,1,1
"616",1,0.0107347693538019,1,0.136472994242878,1,0.978961003998021,1,1,1,1,1,1
"617",1,0.406807995594351,1,1,1,1,1,0.722936670472063,1,1,0.71669710557659,1
"618",1,0.0984594831704979,1,0.0928922685901339,1,0.0117500258190047,1,1,1,1,1,1
"619",1,0.0310327472334979,1,0.144859488543527,1,0.0178319459514775,1,1,1,1,1,1
"620",1,1,1,0.114686774240693,1,0.621924841472922,1,1,1,1,1,1
"621",1,1,1,1,1,1,1,1,1,1,1,1
"622",1,1,1,1,1,1,1,0.826255564442479,1,1,0.0652629841452987,1
"623",1,1,1,1,0.218349042600972,0.855068972580521,1,0.0749869742851499,1,1,0.611218276041038,1
"624",1,NA,1,0.880154093608716,1,1,1,0.17906747498499,0.38889625893318,1,0.00125164003072753,1
"625",1,0.000420539591109825,1,1,1,1,1,0.0852286888554046,0.000732675195346024,1,0.0669815618160498,1
"626",1,NA,1,1,1,1,1,1,1,1,1,1
"627",1,0.809921472858682,1,1,1,1,1,0.501612896077559,1,1,1,1
"628",1,1,1,1,1,1,1,0.603225437980285,1,1,1,1
"629",1,NA,1,1,1,1,1,1,1,1,1,1
"630",1,1,1,1,1,1,1,1,1,1,1,1
"631",1,0.00134496621558349,1,0.00706034497761546,1,1,1,1,1,1,1,1
"632",1,1,1,1,1,1,1,1,1,1,1,1
"633",1,1,1,1,1,1,1,1,1,1,1,1
"634",1,1,0.900591517780272,1,1,1,1,1,1,1,1,1
"635",1,1,1,1,1,1,1,1,1,1,1,1
"636",1,1,0.614690236921456,1,1,1,1,1,1,1,1,1
"637",1,1,0.0394084650813704,1,1,1,1,1,1,1,1,1
"638",1,1,1,1,1,1,1,1,1,1,1,1
"639",1,1,1,1,1,1,1,1,1,1,1,1
"640",1,1,1,1,1,1,1,1,1,1,1,1
"641",1,1,1,1,1,1,1,1,1,1,1,1
"642",1,1,1,1,1,1,1,1,1,1,1,1
"643",1,1,1,1,1,1,1,1,1,1,1,1
"644",1,1,1,1,1,1,1,1,1,1,1,1
"645",1,1,1,1,1,1,1,1,1,1,1,1
"646",1,1,1,1,1,1,1,1,1,1,1,1
"647",1,1,1,1,1,1,1,1,1,1,0.777958761081079,1
"648",1,1,0.234819511674814,1,1,1,1,1,1,1,1,1
"649",1,1,1,1,1,1,1,1,1,1,1,1
"650",1,1,0.234819511674814,1,1,1,1,1,1,1,1,1
"651",1,1,1,1,1,1,1,1,1,1,1,1
"652",1,1,0.0198756448091983,1,1,1,1,1,1,1,1,1
"653",1,1,1,1,1,1,1,1,1,1,1,1
"654",1,1,0.900591517780272,1,1,1,1,1,1,1,1,1
"655",1,1,0.691062614684253,1,1,1,1,1,1,1,1,1
"656",1,1,1,1,1,1,1,1,1,1,1,1
"657",1,1,1,1,1,1,1,1,1,1,1,1
"658",1,1,1,1,1,1,1,1,1,1,1,1
"659",1,1,0.00785029484954135,1,1,1,1,1,1,1,1,1
"660",1,1,1,1,1,1,1,1,1,1,1,1
"661",1,1,1,1,1,1,1,1,1,1,1,1
"662",1,1,1,1,1,1,1,1,1,1,1,1
"663",1,1,1,1,1,1,1,1,1,1,1,1
"664",1,1,1,1,1,1,1,1,1,1,1,1
"665",1,1,1,1,1,1,1,1,1,1,1,1
"666",1,1,1,1,1,1,1,1,1,1,1,1
"667",1,1,1,1,1,1,1,1,1,1,1,1
"668",1,1,1,1,1,1,1,1,1,1,1,1
"669",1,1,1,1,1,1,1,1,1,1,1,1
"670",1,1,1,0.983824302020039,1,1,1,1,1,1,1,1
"671",1,1,1,0.440078435768091,1,0.72217461474791,1,1,1,1,1,1
"672",1,1,1,0.185002847234723,1,1,1,1,1,1,1,1
"673",1,1,1,0.0112602539438181,1,1,1,1,1,1,1,1
"674",1,1,1,0.0479503097850305,1,1,1,1,1,1,1,1
"675",1,1,1,0.0145342204822409,1,1,1,1,1,1,1,1
"676",1,1,1,0.16298841669289,1,1,1,1,1,NA,1,1
"677",1,1,1,0.00128850748427161,1,1,1,1,1,1,1,1
"678",1,1,1,1,1,1,1,1,1,1,1,1
"679",1,1,1,0.287933646152343,1,1,1,1,1,1,1,1
"680",1,1,1,0.513090492676603,1,1,1,1,1,1,1,1
"681",1,1,1,0.0187394581003411,1,1,1,1,1,1,0.0100166768771852,1
"682",1,1,1,0.287933646152343,1,1,1,1,1,1,1,1
"683",1,1,1,0.944183904098367,1,0.183399639800232,1,1,1,1,1,1
"684",1,1,1,0.47153003568524,1,1,1,1,1,1,1,0.537755697049048
"685",1,1,1,0.0363226592505375,1,1,1,1,1,1,1,1
"686",1,1,1,0.0866574529904726,1,1,1,1,1,1,1,1
"687",1,1,1,NA,1,1,1,1,1,1,1,1
"688",1,1,1,0.00539564727399152,1,1,1,1,1,1,1,1
"689",1,1,1,NA,1,0.898354033569069,1,1,1,1,1,1
"690",1,1,1,0.0356644274164813,1,1,1,1,1,1,0.526413420927581,1
"691",1,1,1,0.00950499531643065,1,1,1,1,1,1,0.386675760945876,1
"692",1,1,1,1,1,1,1,1,1,1,0.458016420849615,1
"693",1,1,1,0.695757943726316,1,1,1,1,1,1,1,1
"694",1,1,1,0.0184908436265144,1,1,1,0.460076705879869,1,1,1,1
"695",1,1,1,1,1,1,1,1,1,1,1,1
"696",1,1,1,0.0134778591893001,1,1,1,1,1,1,1,1
"697",1,1,1,0.00539564727399152,1,1,1,1,1,1,1,1
"698",1,1,1,0.0553752315849624,1,1,1,1,1,1,1,1
"699",1,1,1,0.287933646152343,1,1,1,1,1,1,1,1
"700",1,1,1,1,1,1,1,1,1,1,1,1
"701",1,1,1,0.287933646152343,1,1,1,1,1,1,1,1
"702",1,1,1,0.144859488543527,1,1,1,1,1,1,1,1
"703",1,1,1,0.48317392056652,1,0.294043463934874,1,0.0820906184748719,0.00243254020505493,1,0.000647262784315892,1
"704",1,1,1,1,1,1,1,1,1,1,0.261582343710647,1
"705",1,1,1,1,1,1,1,1,1,1,1,1
"706",1,1,1,NA,1,1,1,1,1,1,1,1
"707",1,1,1,1,1,1,1,1,1,1,1,1
"708",1,1,1,0.428622658896923,1,1,1,1,0.931700738988738,1,1,1
"709",1,1,1,0.355416997849977,1,1,1,1,1,1,1,1
"710",1,1,1,1,1,1,1,1,1,1,1,1
"711",1,1,1,NA,1,1,1,1,1,1,1,1
"712",1,1,1,0.232574958095771,1,1,1,1,1,1,1,1
"713",1,1,1,0.00880599378025112,1,1,1,1,1,1,0.666264384749791,1
"714",1,1,1,0.00776220253118594,1,1,1,1,1,1,1,1
"715",1,1,1,0.428622658896923,1,1,1,1,1,1,1,1
"716",1,1,1,1,1,1,1,1,1,1,1,1
"717",1,1,1,1,1,1,1,1,1,1,1,1
"718",1,1,1,1,1,1,1,1,1,1,1,1
"719",1,1,1,1,1,1,1,1,1,1,1,1
"720",1,1,1,1,1,1,1,1,1,1,1,1
"721",1,1,1,1,1,1,1,1,1,1,1,NA
"722",1,1,1,1,1,1,1,1,1,1,0.0174208662336995,1
"723",1,1,1,1,1,1,1,1,1,1,1,1
"724",1,1,1,1,1,1,1,1,1,1,1,1
"725",1,1,1,1,0.0737554872247715,1,1,1,1,1,1,1
"726",1,1,1,1,1,1,1,1,1,1,1,1
"727",1,1,1,1,1,1,1,1,1,1,1,1
"728",1,1,1,1,1,1,1,1,1,1,1,1
"729",1,1,1,1,1,1,1,1,1,1,1,1
"730",1,1,1,1,1,1,1,1,1,1,1,1
"731",1,1,1,1,1,1,1,1,1,1,1,1
"732",1,1,1,1,1,1,0.375494560973669,1,1,1,1,1
"733",1,1,1,1,1,1,1,1,1,1,1,1
"734",1,1,1,1,1,1,1,1,1,1,1,1
"735",1,1,1,1,1,1,1,1,1,1,1,1
"736",1,1,1,1,1,1,1,1,1,1,1,1
"737",1,1,1,1,0.114453775461889,1,1,1,1,1,1,1
"738",1,1,1,1,0.110998668683239,1,1,1,1,1,1,1
"739",1,1,1,1,1,1,1,1,1,1,1,1
"740",1,1,1,1,0.468765190911323,1,1,1,1,1,1,0.907567610744351
"741",1,1,1,1,1,1,1,1,1,1,1,1
"742",1,1,1,1,1,1,1,1,1,1,0.023766464543737,1
"743",1,1,1,1,1,1,1,1,1,1,1,1
"744",1,1,1,1,1,1,1,1,1,1,1,1
"745",1,1,1,1,0.505269761089304,1,1,1,1,1,1,1
"746",1,1,1,1,1,1,1,1,1,1,1,1
"747",1,1,1,1,0.783792547807195,1,1,1,0.19663544352892,1,1,1
"748",1,1,1,1,1,1,1,1,1,1,1,1
"749",1,1,1,1,1,1,1,1,1,1,1,1
"750",1,1,1,1,1,1,1,1,1,1,1,1
"751",1,1,1,1,1,1,1,1,1,1,1,1
"752",1,1,1,1,1,1,1,1,1,1,1,1
"753",1,1,1,1,1,1,1,1,1,1,1,1
"754",1,1,1,1,1,1,1,1,1,1,1,1
"755",1,1,1,1,1,1,1,1,1,1,1,1
"756",1,1,1,1,1,1,1,1,1,1,1,1
"757",1,1,1,1,1,1,1,1,1,1,1,1
"758",1,1,1,1,1,1,1,1,1,1,1,1
"759",1,1,1,1,1,1,1,1,1,1,1,1
"760",1,1,1,1,1,1,1,1,1,1,1,1
"761",1,1,1,1,1,1,1,1,1,1,1,1
"762",1,1,1,1,1,1,1,1,1,1,1,1
"763",1,1,1,1,1,1,1,1,1,1,1,1
"764",1,1,1,1,1,1,1,1,1,1,1,1
"765",1,1,1,1,1,1,1,1,1,1,1,1
"766",1,1,1,1,1,1,1,1,1,1,1,1
"767",1,1,1,1,1,1,1,1,1,1,1,1
"768",1,1,1,1,1,1,1,1,1,1,1,1
"769",1,1,1,1,1,1,1,1,1,1,1,1
"770",1,1,1,1,1,1,1,1,1,1,1,1
"771",1,1,1,1,1,0.671811179738942,1,1,1,1,1,1
"772",1,1,1,1,1,1,1,1,1,1,1,1
"773",1,1,1,1,1,1,1,1,1,1,1,1
"774",1,1,1,1,1,1,1,1,1,1,1,1
"775",1,1,1,1,1,1,1,1,1,1,1,1
"776",1,1,1,1,1,1,1,1,1,1,1,1
"777",1,1,1,1,1,1,1,1,1,1,1,1
"778",1,1,1,1,1,1,1,1,1,1,1,1
"779",1,1,1,1,1,1,1,1,1,1,1,1
"780",1,1,1,1,1,1,1,1,1,1,0.0100250378642806,1
"781",1,1,1,1,1,1,1,1,1,1,1,1
"782",1,1,1,1,1,1,1,1,1,1,1,1
"783",1,1,1,1,1,1,1,0.673338460410777,1,1,1,1
"784",1,1,1,1,1,1,1,1,1,1,1,1
"785",1,1,1,1,1,1,1,1,1,1,1,1
"786",1,1,1,1,1,1,1,0.159499641422035,1,1,1,1
"787",1,1,1,1,1,1,1,1,1,1,1,1
"788",1,1,1,1,1,0.0658504292286978,1,1,1,1,1,1
"789",1,1,1,1,1,1,1,1,1,1,1,1
"790",1,1,1,1,1,1,1,1,1,1,1,1
"791",1,1,1,1,1,1,1,1,1,1,1,1
"792",1,1,1,1,1,1,1,1,1,1,1,1
"793",1,1,1,1,1,1,1,1,1,1,1,1
"794",1,1,1,1,1,1,1,1,1,1,1,1
"795",1,1,1,1,1,1,1,1,1,1,1,1
"796",1,1,1,1,1,1,1,1,1,1,1,1
"797",1,1,1,1,1,1,1,1,1,1,1,1
"798",1,1,1,1,1,1,1,0.129812812837961,1,1,1,1
"799",1,1,1,1,1,1,1,1,1,1,1,1
"800",1,1,1,1,1,1,1,0.129812812837961,1,1,1,1
"801",1,1,1,1,1,0.635438792493921,1,1,1,1,1,1
"802",1,1,1,1,1,0.781273713498778,1,1,0.624328402872471,1,1,1
"803",1,1,1,1,1,1,1,1,1,1,1,1
"804",1,1,1,1,1,0.0254949788399782,1,1,1,1,1,1
"805",1,1,1,1,1,NA,1,1,1,1,1,1
"806",1,1,1,1,1,1,1,1,0.501634986731139,1,1,1
"807",1,1,1,1,1,0.211905119658295,1,1,1,1,0.214595819011979,1
"808",1,1,1,1,1,1,1,1,1,1,1,1
"809",1,1,1,1,1,1,1,1,1,1,1,1
"810",1,1,1,1,1,0.319592730596903,1,1,1,1,1,1
"811",1,1,1,1,1,1,1,1,1,1,1,1
"812",1,1,1,1,1,0.201541578537798,1,1,1,1,1,1
"813",1,1,1,1,1,1,1,1,1,1,1,1
"814",1,1,1,1,1,1,1,1,1,1,1,1
"815",1,1,1,1,1,NA,1,1,0.732609523970971,1,1,1
"816",1,1,1,1,1,0.0848849610886979,1,1,0.193941611169521,1,1,1
"817",1,1,1,1,1,0.216131196164655,1,1,1,1,1,1
"818",1,1,1,1,1,1,1,1,1,1,1,1
"819",1,1,1,1,1,1,1,1,1,1,1,1
"820",1,1,1,1,1,1,1,1,1,1,1,1
"821",1,1,1,1,1,1,1,1,1,1,1,1
"822",1,1,1,1,1,1,1,1,1,1,1,1
"823",1,1,1,1,1,1,1,1,1,1,1,1
"824",1,1,1,1,1,1,0.621253313812379,1,1,1,1,1
"825",1,1,1,1,1,1,1,1,1,1,1,1
"826",1,1,1,1,1,1,0.746820000327889,1,1,1,1,1
"827",1,1,1,1,1,1,1,1,1,1,1,1
"828",1,1,1,1,1,1,1,1,1,1,1,1
"829",1,1,1,1,1,1,1,1,1,1,1,1
"830",1,1,1,1,1,1,1,1,1,1,1,1
"831",1,1,1,1,1,1,0.00430378057833048,1,1,1,1,1
"832",1,1,1,1,1,1,0.0727671643851258,1,1,1,1,1
"833",1,1,1,1,1,1,1,1,1,1,1,1
"834",1,1,1,1,1,1,1,1,1,1,1,1
"835",1,1,1,1,1,1,1,1,1,1,1,1
"836",1,1,1,1,1,1,1,1,1,1,1,1
"837",1,1,1,1,1,1,1,1,1,1,1,1
"838",1,1,1,1,1,1,0.00225323361362627,1,1,1,1,1
"839",1,1,1,1,1,1,1,1,1,1,1,1
"840",1,1,1,1,1,1,1,1,1,1,1,1
"841",1,1,1,1,1,1,0.746820000327889,1,1,1,1,1
"842",1,1,1,1,1,1,1,1,1,1,0.00125164003072753,1
"843",1,1,1,1,1,1,1,1,1,1,1,1
"844",1,1,1,1,1,1,1,1,1,1,0.0446302729029834,1
"845",1,1,1,1,1,1,1,1,1,1,1,1
"846",1,1,1,1,1,1,1,0.438952856417727,1,1,1,1
"847",1,1,1,1,1,1,1,0.116292330832937,0.000732675195346024,1,1,1
"848",1,1,1,1,1,1,1,0.0852286888554046,0.00483426864425957,1,1,1
"849",1,1,1,1,1,1,1,0.0749869742851499,0.00121781427486842,1,1,1
"850",1,1,1,1,1,1,1,0.129812812837961,1,1,1,1
"851",1,1,1,1,1,1,1,0.195119153208224,1,1,1,1
"852",1,1,1,1,1,1,1,0.119661909726326,5.12737671181396e-05,1,1,1
"853",1,1,1,1,1,1,1,0.0749869742851499,1,1,1,1
"854",1,1,1,1,1,1,1,0.600877450533371,1,1,1,1
"855",1,1,1,1,1,1,1,NA,1,1,0.837386241719163,1
"856",1,1,1,1,1,1,1,0.0749869742851499,0.00325622017241573,1,1,1
"857",1,1,1,1,1,1,1,0.791953614794142,1,1,1,1
"858",1,1,1,1,1,1,1,0.930914030799933,1,1,1,1
"859",1,1,1,1,1,1,1,0.460076705879869,0.00664135063963866,1,1,1
"860",1,1,1,1,1,1,1,1,1,1,1,1
"861",1,1,1,1,1,1,1,0.494378378497179,0.108996198040602,1,1,1
"862",1,1,1,1,1,1,1,0.421785660078407,0.491301740148473,1,1,1
"863",1,1,1,1,1,1,1,0.129812812837961,0.420554082085518,1,1,1
"864",1,1,1,1,1,1,1,1,1,1,1,1
"865",1,1,1,1,1,1,1,0.533665126950394,0.824894896370288,1,1,1
"866",1,1,1,1,1,1,1,1,0.837719286136423,1,1,1
"867",1,1,1,1,1,1,1,1,1,0.109609061015711,1,1
"868",1,1,1,1,1,1,1,NA,1,1,1,1
"869",1,1,1,1,1,1,1,1,1,1,1,1
"870",1,1,1,1,1,1,1,NA,1,1,1,1
"871",1,1,1,1,1,1,1,0.809380696450212,1,1,1,1
"872",1,1,1,1,1,1,1,0.839045526686855,0.0013641367193186,1,1,1
"873",1,1,1,1,1,1,1,0.311057594621465,1,1,1,1
"874",1,1,1,1,1,1,1,NA,1,1,1,1
"875",1,1,1,1,1,1,1,0.150634200018755,0.00703684850721863,1,1,1
"876",1,1,1,1,1,1,1,0.490088381422616,1,1,1,1
"877",1,1,1,1,1,1,1,1,1,1,1,1
"878",1,1,1,1,1,1,1,1,1,1,1,1
"879",1,1,1,1,1,1,1,0.191762650572534,1,1,1,1
"880",1,1,1,1,1,1,1,1,0.000140310280701704,1,1,1
"881",1,1,1,1,1,1,1,1,0.673699570961543,1,1,1
"882",1,1,1,1,1,1,1,1,0.0307671729593459,1,1,1
"883",1,1,1,1,1,1,1,1,1,1,1,1
"884",1,1,1,1,1,1,1,1,1,1,1,1
"885",1,1,1,1,1,1,1,1,1,1,1,1
"886",1,1,1,1,1,1,1,1,0.495922160001124,1,1,1
"887",1,1,1,1,1,1,1,1,0.197664933642651,1,1,1
"888",1,1,1,1,1,1,1,1,0.00120792995820328,1,1,1
"889",1,1,1,1,1,1,1,1,0.331847469464649,1,1,1
"890",1,1,1,1,1,1,1,1,1,1,1,1
"891",1,1,1,1,1,1,1,1,1,1,1,1
"892",1,1,1,1,1,1,1,1,1,1,1,1
"893",1,1,1,1,1,1,1,1,1,1,1,1
"894",1,1,1,1,1,1,1,1,1,NA,1,1
"895",1,1,1,1,1,1,1,1,1,1,1,1
"896",1,1,1,1,1,1,1,1,1,1,1,1
"897",1,1,1,1,1,1,1,1,1,1,1,1
"898",1,1,1,1,1,1,1,1,1,1,1,1
"899",1,1,1,1,1,1,1,1,1,1,1,1
"900",1,1,1,1,1,1,1,1,1,0.138505472677729,1,1
"901",1,1,1,1,1,1,1,1,1,1,1,1
"902",1,1,1,1,1,1,1,1,1,0.510275958647013,1,1
"903",1,1,1,1,1,1,1,1,1,0.454870663736819,1,1
"904",1,1,1,1,1,1,1,1,1,0.736588961714082,1,1
"905",1,1,1,1,1,1,1,1,1,1,1,1
"906",1,1,1,1,1,1,1,1,1,1,1,1
"907",1,1,1,1,1,1,1,1,1,1,1,1
"908",1,1,1,1,1,1,1,1,1,1,1,1
"909",1,1,1,1,1,1,1,1,1,1,1,1
"910",1,1,1,1,1,1,1,1,1,1,1,1
"911",1,1,1,1,1,1,1,1,1,1,1,1
"912",1,1,1,1,1,1,1,1,1,1,1,1
"913",1,1,1,1,1,1,1,1,1,1,1,1
"914",1,1,1,1,1,1,1,1,1,NA,1,1
"915",1,1,1,1,1,1,1,1,1,1,1,1
"916",1,1,1,1,1,1,1,1,1,0.8795346455193,1,1
"917",1,1,1,1,1,1,1,1,1,1,1,1
"918",1,1,1,1,1,1,1,1,1,1,1,1
"919",1,1,1,1,1,1,1,1,1,1,1,1
"920",1,1,1,1,1,1,1,1,1,1,1,1
"921",1,1,1,1,1,1,1,1,1,0.341544933758631,1,1
"922",1,1,1,1,1,1,1,1,1,1,1,1
"923",1,1,1,1,1,1,1,1,1,0.454870663736819,1,1
"924",1,1,1,1,1,1,1,1,1,1,1,1
"925",1,1,1,1,1,1,1,1,1,1,1,1
"926",1,1,1,1,1,1,1,1,1,0.736588961714082,1,1
"927",1,1,1,1,1,1,1,1,1,0.220354027898785,1,1
"928",1,1,1,1,1,1,1,1,1,1,1,1
"929",1,1,1,1,1,1,1,1,1,1,1,1
"930",1,1,1,1,1,1,1,1,1,1,1,1
"931",1,1,1,1,1,1,1,1,1,NA,1,1
"932",1,1,1,1,1,1,1,1,1,1,1,1
"933",1,1,1,1,1,1,1,1,1,1,1,1
"934",1,1,1,1,1,1,1,1,1,0.8795346455193,1,1
"935",1,1,1,1,1,1,1,1,1,NA,1,1
"936",1,1,1,1,1,1,1,1,1,1,1,1
"937",1,1,1,1,1,1,1,1,1,0.109609061015711,1,1
"938",1,1,1,1,1,1,1,1,1,0.220354027898785,1,1
"939",1,1,1,1,1,1,1,1,1,1,1,1
"940",1,1,1,1,1,1,1,1,1,0.743553463560725,1,1
"941",1,1,1,1,1,1,1,1,1,0.481029160942598,1,1
"942",1,1,1,1,1,1,1,1,1,0.259353873568438,1,1
"943",1,1,1,1,1,1,1,1,1,0.711710132050941,1,1
"944",1,1,1,1,1,1,1,1,1,0.602636672913555,1,1
"945",1,1,1,1,1,1,1,1,1,0.341544933758631,1,1
"946",1,1,1,1,1,1,1,1,1,NA,1,1
"947",1,1,1,1,1,1,1,1,1,1,1,1
"948",1,1,1,1,1,1,1,1,1,1,1,1
"949",1,1,1,1,1,1,1,1,1,1,1,1
"950",1,1,1,1,1,1,1,1,1,1,1,1
"951",1,1,1,1,1,1,1,1,1,1,1,1
"952",1,1,1,1,1,1,1,1,1,1,1,1
"953",1,1,1,1,1,1,1,1,1,1,1,1
"954",1,1,1,1,1,1,1,1,1,NA,1,1
"955",1,1,1,1,1,1,1,1,1,1,1,1
"956",1,1,1,1,1,1,1,1,1,1,0.660677566559519,1
"957",1,1,1,1,1,1,1,1,1,1,0.00354614268331651,1
"958",1,1,1,1,1,1,1,1,1,1,0.00125164003072753,1
"959",1,1,1,1,1,1,1,1,1,1,0.565638450066443,1
"960",1,1,1,1,1,1,1,1,1,1,1,1
